Date,Gold,Silver,Gold_Silver_Ratio
2005-01-03,428.70001220703125,6.4770002365112305,66.18804949093936
2005-01-04,428.5,6.427000045776367,66.67185264478059
2005-01-05,426.6000061035156,6.51200008392334,65.50982810284276
2005-01-06,421.0,6.433000087738037,65.44380448594576
2005-01-07,418.8999938964844,6.428999900817871,65.15787841950248
2005-01-10,419.1000061035156,6.431000232696533,65.16871263240276
2005-01-11,421.8999938964844,6.623000144958496,63.702247419946005
2005-01-12,426.1000061035156,6.728000164031982,63.332341812572245
2005-01-13,424.5,6.730000019073486,63.07577991039004
2005-01-14,422.70001220703125,6.579999923706055,64.240124180572
2005-01-18,423.20001220703125,6.639999866485596,63.73494287900063
2005-01-19,423.0,6.610000133514404,63.99394727017946
2005-01-20,422.3999938964844,6.543000221252441,64.55753929588434
2005-01-21,426.70001220703125,6.796999931335449,62.77769847250754
2005-01-24,426.8999938964844,6.84499979019165,62.36669203528665
2005-01-25,422.0,6.670000076293945,63.26836509340432
2005-01-26,426.8999938964844,6.793000221252441,62.844101279563304
2005-01-27,426.29998779296875,6.808000087738037,62.61750621313626
2005-01-28,425.79998779296875,6.784999847412109,62.75607919952638
2005-01-31,421.79998779296875,6.736999988555908,62.60946838496026
2005-02-01,420.79998779296875,6.71999979019165,62.6190477575845
2005-02-02,421.1000061035156,6.739999771118164,62.477747834352705
2005-02-03,416.6000061035156,6.666999816894531,62.48687828786632
2005-02-04,414.0,6.625,62.490566037735846
2005-02-07,413.6000061035156,6.545000076293945,63.19327750683746
2005-02-08,412.6000061035156,6.546999931335449,63.02123269143734
2005-02-09,412.8999938964844,6.580999851226807,62.741225228794534
2005-02-10,417.20001220703125,6.955999851226807,59.977001312536125
2005-02-11,420.5,7.201000213623047,58.39466567498314
2005-02-14,425.79998779296875,7.333000183105469,58.06627262521706
2005-02-15,425.8999938964844,7.353000164031982,57.92193450230309
2005-02-16,425.5,7.248000144958496,58.70584871551993
2005-02-17,427.29998779296875,7.364999771118164,58.01765119784864
2005-02-18,427.1000061035156,7.413000106811523,57.615000667687795
2005-02-22,434.5,7.517000198364258,57.80231322789504
2005-02-23,434.8999938964844,7.440999984741211,58.446444669843615
2005-02-24,434.5,7.38100004196167,58.86736181138426
2005-02-25,434.8999938964844,7.290999889373779,59.6488822514353
2005-02-28,436.5,7.359000205993652,59.31512267719272
2005-03-01,432.8999938964844,7.229000091552734,59.88379975293385
2005-03-02,432.79998779296875,7.307000160217285,59.23087153457771
2005-03-03,429.8999938964844,7.229000091552734,59.468804599799796
2005-03-04,434.20001220703125,7.348999977111816,59.08287026252971
2005-03-07,435.0,7.359000205993652,59.11129064050134
2005-03-08,440.29998779296875,7.501999855041504,58.691015236034396
2005-03-09,442.1000061035156,7.604000091552734,58.14045249613338
2005-03-10,442.79998779296875,7.492000102996826,59.103040804263635
2005-03-11,446.20001220703125,7.534999847412109,59.21699021139043
2005-03-14,441.1000061035156,7.380000114440918,59.769647596669685
2005-03-15,440.8999938964844,7.376999855041504,59.76684323711483
2005-03-16,443.70001220703125,7.425000190734863,59.75757586655598
2005-03-17,438.70001220703125,7.385000228881836,59.404197509883474
2005-03-18,439.29998779296875,7.376999855041504,59.54995207065748
2005-03-21,431.1000061035156,7.0970001220703125,60.74397614322664
2005-03-22,431.29998779296875,7.070000171661377,61.004240073677074
2005-03-23,425.20001220703125,6.9770002365112305,60.94309843676423
2005-03-24,424.70001220703125,6.933000087738037,61.25775376206493
2005-03-28,425.8999938964844,6.909999847412109,61.63531162102555
2005-03-29,426.0,7.01200008392334,60.75299413882
2005-03-31,428.70001220703125,7.190999984741211,59.61618872433627
2005-04-01,425.8999938964844,6.989999771118164,60.92990097886008
2005-04-04,423.8999938964844,7.019999980926514,60.38461467923497
2005-04-05,424.5,7.039000034332275,60.306861475994914
2005-04-06,427.1000061035156,7.116000175476074,60.01967335181267
2005-04-07,426.5,7.071000099182129,60.31678602993251
2005-04-08,426.8999938964844,7.160999774932861,59.61457999075092
2005-04-11,428.6000061035156,7.250999927520752,59.10908983418811
2005-04-12,427.6000061035156,7.151000022888184,59.795833412795076
2005-04-13,429.29998779296875,7.2210001945495605,59.45159620920743
2005-04-14,424.0,7.056000232696533,60.090700966142606
2005-04-15,424.8999938964844,7.01800012588501,60.54431266384483
2005-04-18,427.5,7.040999889373779,60.715808367669425
2005-04-19,432.8999938964844,7.245999813079834,59.74330735077468
2005-04-20,435.29998779296875,7.333000183105469,59.36178602529675
2005-04-21,433.0,7.2129998207092285,60.03050197739013
2005-04-22,434.29998779296875,7.270999908447266,59.73043505177464
2005-04-25,434.6000061035156,7.25600004196167,59.895259590712584
2005-04-26,437.8999938964844,7.250999927520752,60.391669876379424
2005-04-27,433.0,7.133999824523926,60.6952636179656
2005-04-29,435.0,6.9019999504089355,63.025210536871526
2005-05-02,429.5,6.840000152587891,62.79239626003519
2005-05-03,426.70001220703125,6.85099983215332,62.28288171960388
2005-05-04,429.0,6.98199987411499,61.44371351114902
2005-05-05,429.79998779296875,7.050000190734863,60.96453562622786
2005-05-06,426.1000061035156,6.952000141143799,61.29171424806822
2005-05-09,426.20001220703125,7.066999912261963,60.30847849135118
2005-05-10,427.20001220703125,7.099999904632568,60.16901661199941
2005-05-11,427.20001220703125,7.079999923706055,60.33898542521617
2005-05-12,421.6000061035156,6.947999954223633,60.679333460160485
2005-05-13,420.20001220703125,6.925000190734863,60.67870045248919
2005-05-16,418.8999938964844,6.934999942779541,60.4037487170605
2005-05-17,419.3999938964844,7.025000095367432,59.70106593636257
2005-05-18,421.5,7.184999942779541,58.66388355696233
2005-05-19,420.5,7.119999885559082,59.05898971330969
2005-05-20,417.3999938964844,6.934999942779541,60.18745455521819
2005-05-23,416.6000061035156,6.949999809265137,59.94244856642163
2005-05-24,417.5,6.98799991607666,59.74527833629412
2005-05-25,418.79998779296875,7.123000144958496,58.795448444485324
2005-05-26,418.0,7.1519999504089355,58.44519056185112
2005-05-27,419.79998779296875,7.302000045776367,57.49109629707412
2005-05-31,416.29998779296875,7.443999767303467,55.924234390965104
2005-06-01,415.29998779296875,7.507999897003174,55.3143305128089
2005-06-02,422.70001220703125,7.526000022888184,56.16529509985512
2005-06-03,423.70001220703125,7.489999771118164,56.56876170288295
2005-06-06,426.5,7.520999908447266,56.70788528011727
2005-06-07,424.79998779296875,7.428999900817871,57.18131558276126
2005-06-08,424.70001220703125,7.458000183105469,56.94556205148665
2005-06-09,424.20001220703125,7.257999897003174,58.445855363291386
2005-06-10,427.3999938964844,7.276000022888184,58.741065496427716
2005-06-13,429.29998779296875,7.252999782562256,59.18930107030978
2005-06-14,427.5,7.269000053405762,58.8113904057137
2005-06-15,429.1000061035156,7.320000171661377,58.62021803834539
2005-06-16,436.20001220703125,7.360000133514404,59.2663049312671
2005-06-17,438.29998779296875,7.329999923706055,59.79536048499219
2005-06-20,438.3999938964844,7.296999931335449,60.07948444865221
2005-06-21,438.8999938964844,7.2870001792907715,60.230545230918544
2005-06-22,438.1000061035156,7.252999782562256,60.40259468320964
2005-06-23,441.70001220703125,7.269999980926514,60.75653553863414
2005-06-24,440.5,7.2779998779296875,60.52487048478838
2005-06-27,440.29998779296875,7.239999771118164,60.81491736359098
2005-06-28,436.3999938964844,7.0960001945495605,61.49943375589016
2005-06-30,435.8999938964844,7.0279998779296875,62.02333543934154
2005-07-01,427.79998779296875,6.85099983215332,62.44343866207745
2005-07-05,422.8999938964844,6.829999923706055,61.91800858278968
2005-07-06,423.5,6.915999889373779,61.23481879325861
2005-07-07,423.29998779296875,6.948999881744385,60.91523888279433
2005-07-08,422.8999938964844,6.99399995803833,60.46611330193644
2005-07-11,425.5,7.068999767303467,60.192391286824275
2005-07-12,426.29998779296875,7.047999858856201,60.485243520159734
2005-07-13,423.8999938964844,7.0329999923706055,60.27299791786305
2005-07-14,419.6000061035156,6.960999965667725,60.27869676382997
2005-07-15,420.70001220703125,6.955999851226807,60.48016406050293
2005-07-18,420.5,6.973999977111816,60.295383048473155
2005-07-19,419.70001220703125,6.953999996185303,60.35375502405271
2005-07-20,421.70001220703125,7.038000106811523,59.917591049608134
2005-07-21,425.3999938964844,7.105999946594238,59.864902489954275
2005-07-22,424.70001220703125,7.085999965667725,59.935085275859315
2005-07-25,425.70001220703125,7.11299991607666,59.84816775336558
2005-07-26,423.3999938964844,6.993000030517578,60.54625940923197
2005-07-27,424.70001220703125,7.014999866485596,60.54169925733716
2005-07-28,427.29998779296875,7.173999786376953,59.5623084077015
2005-07-29,429.8999938964844,7.23799991607666,59.39486030410326
2005-08-01,431.8999938964844,7.281000137329102,59.31877293644974
2005-08-02,431.8999938964844,7.23799991607666,59.671179732562734
2005-08-03,436.8999938964844,7.283999919891357,59.98077961305096
2005-08-04,437.8999938964844,7.230000019073486,60.56708060045076
2005-08-05,437.20001220703125,7.13700008392334,61.258232740091884
2005-08-08,434.70001220703125,6.995999813079834,62.13550940843496
2005-08-09,434.20001220703125,7.015999794006348,61.88711872226124
2005-08-10,436.5,7.060999870300293,61.81844045005433
2005-08-11,445.5,7.169000148773193,62.14255694725252
2005-08-12,445.8999938964844,7.076000213623047,63.01582538649686
2005-08-15,442.20001220703125,6.953000068664551,63.59844784123003
2005-08-16,446.1000061035156,7.0329999923706055,63.42954736064904
2005-08-17,439.8999938964844,6.985000133514404,62.97780751439369
2005-08-18,439.5,6.989999771118164,62.875538539494805
2005-08-19,437.20001220703125,7.0,62.457144601004465
2005-08-22,438.1000061035156,7.053999900817871,62.10660791939059
2005-08-23,439.3999938964844,6.961999893188477,63.11404777905659
2005-08-24,437.29998779296875,6.918000221252441,63.21190717074009
2005-08-25,438.3999938964844,6.828000068664551,64.20620818508992
2005-08-26,437.3999938964844,6.739999771118164,64.89614373145889
2005-08-29,437.0,6.730000019073486,64.93313503142626
2005-08-30,431.20001220703125,6.690999984741211,64.4447785368974
2005-08-31,433.79998779296875,6.781000137329102,63.97286226332887
2005-09-01,442.29998779296875,6.966000080108643,63.49411178675591
2005-09-02,444.20001220703125,7.0,63.457144601004465
2005-09-06,444.3999938964844,7.031000137329102,63.20580077037243
2005-09-07,444.8999938964844,7.051000118255615,63.09743106436801
2005-09-08,446.70001220703125,6.966000080108643,64.12575467556762
2005-09-09,449.0,7.002999782562256,64.115381113966
2005-09-12,449.70001220703125,6.998000144958496,64.26121790394708
2005-09-13,446.1000061035156,6.942999839782715,64.25176672875692
2005-09-14,449.79998779296875,6.986000061035156,64.38591237663391
2005-09-15,455.5,7.019000053405762,64.89528373475109
2005-09-16,459.5,7.229000091552734,63.56342428836557
2005-09-19,466.70001220703125,7.3379998207092285,63.600439303625386
2005-09-20,466.20001220703125,7.315000057220459,63.732058586500834
2005-09-21,468.8999938964844,7.355000019073486,63.75254829102665
2005-09-22,466.6000061035156,7.353000164031982,63.457091757721074
2005-09-23,463.5,7.2729997634887695,63.72886224014734
2005-09-26,465.8999938964844,7.307000160217285,63.76077510344958
2005-09-27,462.6000061035156,7.270999908447266,63.6226120104992
2005-09-28,469.70001220703125,7.3470001220703125,63.930856731042816
2005-09-29,472.20001220703125,7.493000030517578,63.018818935519754
2005-09-30,469.0,7.458000183105469,62.88549054509557
2005-10-03,466.1000061035156,7.4029998779296875,62.960963634902086
2005-10-04,466.1000061035156,7.375,63.20000082759534
2005-10-05,466.1000061035156,7.427999973297119,62.7490586670835
2005-10-06,471.8999938964844,7.547999858856201,62.519873174453735
2005-10-07,474.70001220703125,7.724999904632568,61.449840526517114
2005-10-10,475.1000061035156,7.798999786376953,60.91806886998578
2005-10-11,477.1000061035156,7.824999809265137,60.97124827256975
2005-10-12,473.8999938964844,7.788000106811523,60.850024062275374
2005-10-13,471.1000061035156,7.684999942779541,61.30123742500983
2005-10-14,469.20001220703125,7.814000129699707,60.04607171987117
2005-10-17,474.1000061035156,7.827000141143799,60.57237735455477
2005-10-18,472.1000061035156,7.788000106811523,60.61890082546462
2005-10-19,463.5,7.59499979019165,61.02699312758034
2005-10-20,461.0,7.61299991607666,60.55431565505325
2005-10-21,467.0,7.65500020980835,61.005876838727325
2005-10-24,465.0,7.668000221252441,60.64162579328276
2005-10-25,472.79998779296875,7.7870001792907715,60.716575947996276
2005-10-26,471.20001220703125,7.824999809265137,60.21725542396948
2005-10-27,473.79998779296875,7.802000045776367,60.728016535896025
2005-10-28,473.0,7.789999961853027,60.718870643933386
2005-10-31,465.1000061035156,7.550000190734863,61.6026482587739
2005-11-01,458.79998779296875,7.441999912261963,61.650093147275854
2005-11-02,462.79998779296875,7.5320000648498535,61.44450130221745
2005-11-03,460.1000061035156,7.5970001220703125,60.56338011195536
2005-11-04,456.29998779296875,7.546999931335449,60.46110930760616
2005-11-07,459.0,7.578999996185303,60.562079460486345
2005-11-08,460.8999938964844,7.60099983215332,60.63675885727707
2005-11-09,466.29998779296875,7.6539998054504395,60.9223934733987
2005-11-10,466.6000061035156,7.684000015258789,60.7235821417162
2005-11-11,468.29998779296875,7.738999843597412,60.51169366289627
2005-11-14,468.20001220703125,7.763999938964844,60.30396907363388
2005-11-15,468.1000061035156,7.769999980926514,60.244531177939365
2005-11-16,478.29998779296875,7.986000061035156,59.89230955890712
2005-11-17,486.20001220703125,8.086999893188477,60.12118444771443
2005-11-18,485.6000061035156,8.053000450134277,60.30050651436616
2005-11-21,489.0,8.121000289916992,60.2142571780401
2005-11-22,492.6000061035156,8.164999961853027,60.3306807599447
2005-11-23,492.1000061035156,8.125,60.56615459735577
2005-11-28,498.29998779296875,8.348999977111816,59.68379316792698
2005-11-29,499.1000061035156,8.295999526977539,60.16152779185988
2005-11-30,494.6000061035156,8.279999732971191,59.73430218047043
2005-12-01,502.5,8.49899959564209,59.1246057074364
2005-12-02,503.29998779296875,8.543999671936035,58.906836039112704
2005-12-05,508.8999938964844,8.631999969482422,58.95505047447286
2005-12-06,510.20001220703125,8.692000389099121,58.697651791052294
2005-12-07,514.2999877929688,8.777999877929688,58.58965538220851
2005-12-08,519.2999877929688,8.894000053405762,58.387675362573695
2005-12-09,527.0,9.0,58.55555555555556
2005-12-12,528.4000244140625,8.791999816894531,60.10009502032741
2005-12-13,521.0,8.496999740600586,61.31576037487022
2005-12-14,506.5,8.376999855041504,60.46317401989385
2005-12-15,503.8999938964844,8.548999786376953,58.94256714094925
2005-12-16,503.3999938964844,8.520999908447266,59.07757297326578
2005-12-19,503.6000061035156,8.567000389099121,58.783702956791
2005-12-20,494.6000061035156,8.312000274658203,59.50432985565006
2005-12-21,493.0,8.352999687194824,59.02071333197469
2005-12-22,502.70001220703125,8.501999855041504,59.12726661703492
2005-12-23,503.0,8.569000244140625,58.69996331765133
2005-12-27,508.0,8.741999626159668,58.11027473392409
2005-12-28,514.2000122070312,8.864999771118164,58.00338696931223
2005-12-29,515.7000122070312,8.812000274658203,58.52246892117057
2005-12-30,517.0999755859375,8.819999694824219,58.62811717435589
2006-01-03,530.7000122070312,9.086999893188477,58.402114938379015
2006-01-04,533.9000244140625,9.10200023651123,58.65743908381888
2006-01-05,526.2999877929688,8.809000015258789,59.74571312082206
2006-01-06,539.7000122070312,9.112000465393066,59.229585671860484
2006-01-09,549.0999755859375,9.222000122070312,59.54239517648869
2006-01-10,544.2999877929688,8.956999778747559,60.7681144622153
2006-01-11,548.7999877929688,9.006999969482422,60.93038632756929
2006-01-12,548.2999877929688,9.006999969482422,60.87487394812062
2006-01-13,556.0999755859375,9.112000465393066,61.029405968313775
2006-01-17,553.4000244140625,9.020000457763672,61.352549482161216
2006-01-18,543.7000122070312,8.819999694824219,61.643994446631
2006-01-19,558.4000244140625,9.057999610900879,61.64716807252389
2006-01-20,553.5,8.880000114440918,62.33108027778986
2006-01-23,558.2999877929688,9.026000022888184,61.854640635633544
2006-01-24,557.7000122070312,9.182999610900879,60.73179090032862
2006-01-25,562.2000122070312,9.46500015258789,59.39778163165864
2006-01-26,559.7000122070312,9.564000129699707,58.52153958770438
2006-01-27,558.7000122070312,9.565999984741211,58.40476825195665
2006-01-30,565.7999877929688,9.739999771118164,58.09034918776125
2006-01-31,570.7999877929688,9.850000381469727,57.94923509513603
2006-02-01,569.4000244140625,9.760000228881836,58.34016506773139
2006-02-02,572.5,9.843999862670898,58.157253960451385
2006-02-03,567.4000244140625,9.729999542236328,58.314496516785255
2006-02-06,570.2000122070312,9.727999687194824,58.61431235011221
2006-02-07,551.0,9.380000114440918,58.74200354770908
2006-02-08,550.0999755859375,9.414999961853027,58.42803800475733
2006-02-09,564.5,9.637999534606934,58.570245617159806
2006-02-10,550.2000122070312,9.359999656677246,58.7820547423342
2006-02-13,539.0,9.100000381469727,59.23076674783029
2006-02-14,545.9000244140625,9.29699993133545,58.71786903795833
2006-02-15,539.7000122070312,9.199000358581543,58.669419629227114
2006-02-16,546.0,9.357999801635742,58.34580162147058
2006-02-17,551.7999877929688,9.407999992370605,58.65220963440153
2006-02-21,553.9000244140625,9.53600025177002,58.0851520333434
2006-02-22,553.9000244140625,9.567000389099121,57.896937586120515
2006-02-23,548.4000244140625,9.461999893188477,57.95815161748689
2006-02-24,558.7999877929688,9.732999801635742,57.41292501609381
2006-02-27,554.7000122070312,9.60200023651123,57.769214595288815
2006-02-28,561.5999755859375,9.720000267028809,57.777773678766195
2006-03-01,563.5,9.710000038146973,58.03295548776709
2006-03-02,568.2000122070312,10.128000259399414,56.10189550298504
2006-03-03,566.0,10.16100025177002,55.703177440764684
2006-03-06,554.9000244140625,9.95300006866455,55.75203663075193
2006-03-07,552.7000122070312,10.03499984741211,55.07723174999002
2006-03-08,542.5,9.777000427246094,55.48736588864065
2006-03-09,545.5,9.902999877929688,55.08431856247198
2006-03-10,539.9000244140625,9.895000457763672,54.56291050400649
2006-03-13,546.0999755859375,10.093000411987305,54.10680207020925
2006-03-14,551.7000122070312,10.182000160217285,54.1838542060343
2006-03-15,553.0999755859375,10.286999702453613,53.766889431717814
2006-03-16,554.4000244140625,10.281000137329102,53.92471714897671
2006-03-17,554.0999755859375,10.305999755859375,53.764796110237576
2006-03-20,555.2000122070312,10.307000160217285,53.86630480030252
2006-03-21,552.4000244140625,10.515999794006348,52.529482239901334
2006-03-22,550.9000244140625,10.446000099182129,52.73789193790983
2006-03-23,550.0999755859375,10.642999649047852,51.68655395334442
2006-03-24,560.0,10.687999725341797,52.395210927280544
2006-03-27,567.0,10.847999572753906,52.26770117359616
2006-03-28,566.5999755859375,10.826000213623047,52.33696327411379
2006-03-29,573.0,11.072999954223633,51.747494118017904
2006-03-30,586.7000122070312,11.618000030517578,50.49922625804073
2006-03-31,581.7999877929688,11.479999542236328,50.6794434662175
2006-04-03,589.4000244140625,11.722999572753906,50.27723670517918
2006-04-04,586.0,11.687999725341797,50.136893717531585
2006-04-05,587.9000244140625,11.664999961853027,50.39863063322912
2006-04-06,595.2000122070312,12.006999969482422,49.57108467725666
2006-04-07,588.4000244140625,12.03499984741211,48.89073800367238
2006-04-10,597.5999755859375,12.529000282287598,47.69733914291405
2006-04-11,595.2000122070312,12.572999954223633,47.33953824656513
2006-04-12,597.5,12.63599967956543,47.28553459575182
2006-04-13,596.5,12.82800006866455,46.499843842150696
2006-04-17,615.4000244140625,13.34000015258789,46.13193533544886
2006-04-18,620.0,13.760000228881836,45.058138785393204
2006-04-19,632.5999755859375,14.49899959564209,43.630594746417934
2006-04-20,619.7999877929688,12.510000228881836,49.54436262615221
2006-04-21,632.2000122070312,12.96500015258789,48.76205204523969
2006-04-24,620.5999755859375,11.772000312805176,52.71831117018152
2006-04-25,631.0,12.555000305175781,50.25885978990149
2006-04-26,638.7999877929688,12.8100004196167,49.86728859233581
2006-04-27,633.2999877929688,12.470000267028809,50.78588406027864
2006-04-28,651.7999877929688,13.510000228881836,48.245742172494055
2006-05-01,657.5,13.85200023651123,47.4660690711624
2006-05-02,664.7000122070312,14.109999656677246,47.108435746309645
2006-05-03,665.9000244140625,13.704000473022461,48.591652176672476
2006-05-04,674.2000122070312,13.734999656677246,49.086278053110114
2006-05-05,682.2000122070312,13.791999816894531,49.46345861833389
2006-05-08,677.7999877929688,13.677000045776367,49.55765047337863
2006-05-09,699.4000244140625,14.37399959564209,48.6573009662604
2006-05-10,703.7000122070312,14.190999984741211,49.58776780802484
2006-05-11,719.7999877929688,14.845999717712402,48.48444035292503
2006-05-12,710.2999877929688,14.145999908447266,50.21207354658712
2006-05-15,683.5999755859375,13.246000289916992,51.60802964094012
2006-05-16,691.5,13.45199966430664,51.40499682250343
2006-05-17,690.5,13.156999588012695,52.48157039003882
2006-05-18,679.5999755859375,12.437000274658203,54.643399580098055
2006-05-19,656.7000122070312,12.277000427246094,53.490265484525885
2006-05-22,657.0,12.354999542236328,53.17685344738419
2006-05-23,673.0,13.100000381469727,51.37404430552346
2006-05-24,637.0,12.449999809265137,51.16465941838428
2006-05-25,648.4000244140625,12.539999961853027,51.70654117914757
2006-05-26,650.9000244140625,12.675000190734863,51.35305835260307
2006-05-30,653.9000244140625,13.012999534606934,50.2497539229962
2006-05-31,642.5,12.39799976348877,51.822875645805134
2006-06-01,627.5999755859375,11.850000381469727,52.96202155126832
2006-06-02,635.5,12.03499984741211,52.80432140068966
2006-06-05,643.2000122070312,12.244999885559082,52.527563758132615
2006-06-06,629.4000244140625,11.805000305175781,53.316392049402026
2006-06-07,627.4000244140625,11.857000350952148,52.91389102165967
2006-06-08,609.0999755859375,11.041999816894531,55.16210701742628
2006-06-09,608.2000122070312,11.177000045776367,54.41531803848042
2006-06-12,606.7999877929688,11.03499984741211,54.988672060133595
2006-06-13,562.5,9.595000267028809,58.624281849466165
2006-06-14,562.2999877929688,9.706999778747559,57.92726904393927
2006-06-15,566.5,9.949999809265137,56.93467445823391
2006-06-16,578.0,10.109999656677246,57.171119646700916
2006-06-19,568.7999877929688,9.949000358581543,57.171571745129995
2006-06-20,576.9000244140625,10.25,56.28292921112805
2006-06-21,587.5,10.399999618530273,56.49038668743965
2006-06-22,582.2000122070312,10.194999694824219,57.10642762476998
2006-06-23,584.7999877929688,10.270999908447266,56.9370064264149
2006-06-26,584.7999877929688,10.229000091552734,57.17078722835339
2006-06-27,581.5999755859375,10.1850004196167,57.103578951823486
2006-06-28,578.2999877929688,10.14799976348877,56.98659846974175
2006-06-29,586.5,10.333000183105469,56.759894474688174
2006-06-30,613.5,10.90999984741211,56.23281471864772
2006-07-03,,10.833000183105469,
2006-07-05,627.2999877929688,11.335000038146973,55.341860227776294
2006-07-06,634.0999755859375,11.506999969482422,55.10558592748992
2006-07-07,632.7999877929688,11.324999809265137,55.87637955413177
2006-07-10,624.0999755859375,11.029999732971191,56.58204811377828
2006-07-11,641.2000122070312,11.470000267028809,55.90235372968547
2006-07-12,649.4000244140625,11.475000381469727,56.5925928388411
2006-07-13,652.9000244140625,11.404999732971191,57.24682505047032
2006-07-14,666.5999755859375,11.449999809265137,58.21833944892616
2006-07-17,650.5999755859375,11.010000228881836,59.09173134068243
2006-07-18,628.2999877929688,10.454999923706055,60.09564728626521
2006-07-19,641.5999755859375,11.055000305175781,58.03708348027365
2006-07-20,631.7000122070312,11.005000114440918,57.40118179354723
2006-07-21,619.5999755859375,10.78499984741211,57.450160811510095
2006-07-24,612.7000122070312,10.869999885559082,56.36614707061866
2006-07-25,617.5999755859375,10.895000457763672,56.68654884230333
2006-07-26,621.5999755859375,11.029999732971191,56.35539352986864
2006-07-27,632.4000244140625,11.34000015258789,55.76719716972342
2006-07-28,634.7999877929688,11.319999694824219,56.077738949340684
2006-07-31,634.2000122070312,11.324999809265137,56.0000020210317
2006-08-01,646.2999877929688,11.694999694824219,55.26293327557739
2006-08-02,651.5999755859375,12.20300006866455,53.39670342698327
2006-08-03,644.9000244140625,12.045000076293945,53.540890023181134
2006-08-04,644.0,12.4399995803833,51.76849049219639
2006-08-07,647.7999877929688,12.222999572753906,52.99844640729346
2006-08-08,645.7000122070312,12.220000267028809,52.83960704560834
2006-08-09,650.5,12.529999732971191,51.91540413909885
2006-08-10,634.9000244140625,12.069999694824219,52.60149465341878
2006-08-11,633.5,11.852999687194824,53.446386291935056
2006-08-14,628.5,12.128000259399414,51.82222844305279
2006-08-15,622.5,12.055999755859375,51.63404218695814
2006-08-16,628.7000122070312,12.258999824523926,51.28477210264147
2006-08-17,615.4000244140625,11.972999572753906,51.3989849138961
2006-08-18,612.0999755859375,12.010000228881836,50.96585877775006
2006-08-21,625.7000122070312,12.324999809265137,50.76673605598521
2006-08-22,624.5999755859375,12.244999885559082,51.00857341146635
2006-08-23,623.7000122070312,12.498000144958496,49.90398503544764
2006-08-24,619.5,12.29699993133545,50.37814129130621
2006-08-25,622.0,12.359000205993652,50.327695576730655
2006-08-28,615.2999877929688,12.013999938964844,51.215248120434445
2006-08-29,610.7000122070312,12.142000198364258,50.2964917007087
2006-08-30,617.7000122070312,12.498000144958496,49.423908228725864
2006-08-31,625.9000244140625,12.899999618530273,48.5193831723053
2006-09-01,624.4000244140625,12.970000267028809,48.141866735450826
2006-09-04,624.4000244140625,12.914999961853027,48.346885502001534
2006-09-05,638.5,13.005000114440918,49.096500913598724
2006-09-06,633.5,13.0649995803833,48.48832915013491
2006-09-07,617.0,12.562999725341797,49.11247420911756
2006-09-08,609.5999755859375,12.163000106811523,50.11921156233069
2006-09-11,590.0,11.107999801635742,53.11487311271988
2006-09-12,586.9000244140625,11.024999618530273,53.23356414703453
2006-09-13,589.0999755859375,11.085000038146973,53.14388575179604
2006-09-14,579.2999877929688,10.835000038146973,53.46561935887561
2006-09-15,576.4000244140625,10.760000228881836,53.568774363675004
2006-09-18,586.2000122070312,11.175000190734863,52.45637603595271
2006-09-19,576.7999877929688,10.829999923706055,53.25946369864666
2006-09-20,580.0,11.027000427246094,52.59816609482534
2006-09-21,582.2000122070312,11.13700008392334,52.2761971643924
2006-09-22,589.4000244140625,11.20199966430664,52.6156081125489
2006-09-25,589.9000244140625,11.217000007629395,52.589821165448335
2006-09-26,591.2000122070312,11.395000457763672,51.88240355043016
2006-09-27,597.2999877929688,11.600000381469727,51.49137656470409
2006-09-28,605.0,11.645000457763672,51.95362612430377
2006-09-29,598.5999755859375,11.449999809265137,52.27947472117519
2006-10-02,597.7000122070312,11.550000190734863,51.74891795123017
2006-10-03,576.2999877929688,10.954999923706055,52.606115180876024
2006-10-04,562.0,10.704999923706055,52.498832695501456
2006-10-05,571.0,10.979999542236328,52.0036451553169
2006-10-06,572.4000244140625,11.085000038146973,51.63734979199404
2006-10-09,578.4000244140625,11.329999923706055,51.05031141296489
2006-10-10,571.9000244140625,11.135000228881836,51.36057590108304
2006-10-11,572.2999877929688,11.244999885559082,50.89372997930582
2006-10-12,576.2999877929688,11.295000076293945,51.0225749358349
2006-10-13,588.7999877929688,11.597999572753906,50.76737450277041
2006-10-16,594.7000122070312,11.82800006866455,50.2789997256211
2006-10-17,589.7000122070312,11.697999954223633,50.41032779232629
2006-10-18,588.9000244140625,11.743000030517578,50.14902689973905
2006-10-19,599.0,12.085000038146973,49.565577005314296
2006-10-20,593.0,11.890000343322754,49.873842125918856
2006-10-23,579.7000122070312,11.600000381469727,49.9741373399492
2006-10-24,584.4000244140625,11.779999732971191,49.60951083711639
2006-10-25,587.5999755859375,11.819999694824219,49.712351163869975
2006-10-26,596.7999877929688,12.170000076293945,49.03861824581915
2006-10-27,598.2000122070312,12.015000343322754,49.78776488670484
2006-10-30,604.7000122070312,12.194999694824219,49.58589810081562
2006-10-31,604.0999755859375,12.211999893188477,49.467735085953294
2006-11-01,616.5999755859375,12.416999816894531,49.65772607542391
2006-11-02,625.4000244140625,12.597999572753906,49.64280406602291
2006-11-03,626.9000244140625,12.585000038146973,49.813271554536115
2006-11-06,625.7999877929688,12.713000297546387,49.22520043626117
2006-11-07,625.7000122070312,12.628000259399414,49.548622058453255
2006-11-08,616.4000244140625,12.506999969482422,49.284402807875836
2006-11-09,635.0,13.010000228881836,48.80860790381216
2006-11-10,628.4000244140625,13.07699966430664,48.05383807795495
2006-11-13,624.2000122070312,12.854999542236328,48.55698439787279
2006-11-14,623.7999877929688,12.861000061035156,48.503225630399406
2006-11-15,622.5,12.916999816894531,48.19230539786906
2006-11-16,620.5999755859375,12.92199993133545,48.0266196319195
2006-11-17,621.5,12.779000282287598,48.634477366858924
2006-11-20,621.2000122070312,12.720999717712402,48.832640986705464
2006-11-21,628.2000122070312,13.071999549865723,48.05691813334588
2006-11-22,628.7000122070312,13.029999732971191,48.25019379057736
2006-11-24,628.7000122070312,,
2006-11-27,,13.484999656677246,
2006-11-28,637.2000122070312,13.619999885559082,46.78414225852066
2006-11-29,635.5,13.565999984741211,46.84505386368854
2006-11-30,646.9000244140625,13.925000190734863,46.45601547958928
2006-12-01,644.7000122070312,14.005999565124512,46.03027504101596
2006-12-04,645.2000122070312,14.060999870300293,45.88578466385066
2006-12-05,642.2999877929688,13.845000267028809,46.39219757348613
2006-12-06,630.5,13.614999771118164,46.30921855301792
2006-12-07,631.9000244140625,13.861000061035156,45.58834295011694
2006-12-08,626.0999755859375,13.718999862670898,45.63743580824299
2006-12-11,630.0,13.850000381469727,45.48736336808288
2006-12-12,627.0,13.812999725341797,45.39202291082976
2006-12-13,627.9000244140625,13.746999740600586,45.67542272948573
2006-12-14,626.5999755859375,13.78499984741211,45.45520366498739
2006-12-15,615.0,12.822999954223633,47.96069579626191
2006-12-18,614.0,12.381999969482422,49.58811189737595
2006-12-19,621.5999755859375,12.569999694824219,49.45107324401014
2006-12-20,620.5999755859375,12.510000228881836,49.6083104901276
2006-12-21,618.2000122070312,12.357999801635742,50.024277563526454
2006-12-22,619.0999755859375,12.508000373840332,49.496318922467
2006-12-26,623.7000122070312,12.602999687194824,49.48821928804272
2006-12-27,627.2000122070312,12.803000450134277,48.98851754710773
2006-12-28,634.0999755859375,12.822999954223633,49.45020493251098
2006-12-29,635.2000122070312,12.817999839782715,49.5553144130636
2007-01-02,635.2000122070312,12.817999839782715,49.5553144130636
2007-01-03,627.0999755859375,12.555000305175781,49.94822463902422
2007-01-04,623.9000244140625,12.72700023651123,49.02176575939847
2007-01-05,604.9000244140625,12.130000114440918,49.86809717288637
2007-01-08,607.5,12.260000228881836,49.551385698090364
2007-01-09,613.0999755859375,12.498000144958496,49.05584641341621
2007-01-10,611.5999755859375,12.350000381469727,49.52226369997515
2007-01-11,612.4000244140625,12.375,49.48687065972222
2007-01-12,625.5,12.79800033569336,48.87482290928634
2007-01-16,624.5999755859375,12.539999961853027,49.80861064481541
2007-01-17,632.0999755859375,12.812999725341797,49.33270811953254
2007-01-18,627.0999755859375,12.607999801635742,49.738260267467524
2007-01-19,635.5,12.845000267028809,49.474502669434216
2007-01-22,633.2999877929688,12.925000190734863,48.998064096505196
2007-01-23,645.2000122070312,13.1850004196167,48.934394514474185
2007-01-24,647.5999755859375,13.201000213623047,49.0568869863083
2007-01-25,647.7999877929688,13.42199993133545,48.26404344412141
2007-01-26,644.5,13.3100004196167,48.422237391526714
2007-01-29,643.0999755859375,13.1899995803833,48.75663351364936
2007-01-30,644.2000122070312,13.319000244140625,48.36699454904144
2007-01-31,652.0,13.513999938964844,48.246263352428464
2007-02-01,657.4000244140625,13.67199993133545,48.08367669073336
2007-02-02,646.2000122070312,13.32699966430664,48.48803395243808
2007-02-05,650.9000244140625,13.515000343322754,48.16130283974779
2007-02-06,653.5999755859375,13.630000114440918,47.95304256039232
2007-02-07,652.2999877929688,13.666999816894531,47.72810393884873
2007-02-08,658.0,13.732000350952148,47.917272297067456
2007-02-09,667.5,13.878999710083008,48.094244105723654
2007-02-12,662.5999755859375,13.678999900817871,48.43921195922521
2007-02-13,663.9000244140625,13.880999565124512,47.82796954205563
2007-02-14,667.4000244140625,13.932999610900879,47.90067057002593
2007-02-15,667.2999877929688,13.9399995803833,47.869441024374865
2007-02-16,668.7999877929688,13.970000267028809,47.87401395914301
2007-02-20,657.0999755859375,13.812000274658203,47.57457012157483
2007-02-21,680.2000122070312,14.258000373840332,47.70655031367644
2007-02-22,679.4000244140625,14.241000175476074,47.7073250503875
2007-02-23,683.0999755859375,14.58899974822998,46.82294793163013
2007-02-26,686.5,14.6899995803833,46.732472403657304
2007-02-27,683.9000244140625,14.545000076293945,47.019595794207774
2007-02-28,669.4000244140625,14.100000381469727,47.47517775203684
2007-03-01,662.2999877929688,13.529999732971191,48.95048047776476
2007-03-02,641.5,12.845000267028809,49.941610483779776
2007-03-05,636.7000122070312,12.640000343322754,50.37183504060397
2007-03-06,643.7999877929688,12.876999855041504,49.99611672286485
2007-03-07,650.5999755859375,13.0,50.04615196814904
2007-03-08,653.4000244140625,13.017000198364258,50.19589878289854
2007-03-09,650.0,12.869999885559082,50.50505095414486
2007-03-12,648.4000244140625,12.984999656677246,49.93454305411839
2007-03-13,647.5999755859375,12.86299991607666,50.345951940537816
2007-03-14,640.9000244140625,12.739999771118164,50.30612526909112
2007-03-15,645.7000122070312,12.987000465393066,49.71894887719852
2007-03-16,652.5999755859375,13.126999855041504,49.714327934215866
2007-03-19,653.0999755859375,13.147000312805176,49.67672929541336
2007-03-20,657.9000244140625,13.28499984741211,49.52201971927159
2007-03-21,659.0,13.237000465393066,49.78469266680889
2007-03-22,663.4000244140625,13.402999877929688,49.49638367948232
2007-03-23,656.7000122070312,13.152000427246094,49.931568649176064
2007-03-26,663.4000244140625,13.34000015258789,49.730136193841524
2007-03-27,662.0999755859375,13.210000038146973,50.121118370474534
2007-03-28,666.5,13.38700008392334,49.78710658263238
2007-03-29,661.5,13.277999877929688,49.81925034504078
2007-03-30,663.0,13.390000343322754,49.514561837231085
2007-04-02,665.7000122070312,13.293000221252441,50.078989026324585
2007-04-03,664.0,13.375,49.64485981308411
2007-04-04,672.0999755859375,13.569999694824219,49.52837072224
2007-04-05,674.2000122070312,13.694000244140625,49.233240849072374
2007-04-09,671.9000244140625,13.765999794006348,48.808661518838946
2007-04-10,676.5,13.887999534606934,48.71111914385204
2007-04-11,676.7999877929688,13.850000381469727,48.86642376548068
2007-04-12,675.0999755859375,13.819999694824219,48.84949279982776
2007-04-13,685.4000244140625,14.057999610900879,48.755160291979834
2007-04-16,690.0999755859375,14.050000190734863,49.11743531797368
2007-04-17,688.2000122070312,13.991999626159668,49.18525090011877
2007-04-18,689.0999755859375,13.949000358581543,49.4013877605213
2007-04-19,684.2999877929688,13.715999603271484,49.89063922324351
2007-04-20,692.0,13.937999725341797,49.64844408353799
2007-04-23,690.5999755859375,14.032999992370605,49.212568656837426
2007-04-24,684.2000122070312,13.769000053405762,49.69133630279814
2007-04-25,684.0999755859375,13.751999855041504,49.74549031391572
2007-04-26,674.9000244140625,13.319999694824219,50.66817116191901
2007-04-27,678.7000122070312,13.442999839782715,50.48724394078408
2007-04-30,680.5,13.444999694824219,50.61361215664177
2007-05-01,674.4000244140625,13.244999885559082,50.91732957652612
2007-05-02,672.2999877929688,13.21399974822998,50.87785686412046
2007-05-03,681.7999877929688,13.392999649047852,50.90719074583414
2007-05-04,687.2000122070312,13.414999961853027,51.22624034000427
2007-05-07,688.0,13.527000427246094,50.861238875562535
2007-05-08,685.0999755859375,13.48900032043457,50.78952919498973
2007-05-09,680.2999877929688,13.361000061035156,50.91684639512395
2007-05-10,665.0999755859375,13.039999961853027,51.004599503957714
2007-05-11,670.5999755859375,13.210000038146973,50.7645702989722
2007-05-14,668.5,13.142000198364258,50.867447109246434
2007-05-15,673.0,13.22599983215332,50.884621846424835
2007-05-16,660.2000122070312,12.843000411987305,51.405434168702406
2007-05-17,656.2000122070312,12.805999755859375,51.24160742754875
2007-05-18,661.0,12.925999641418457,51.137244185120835
2007-05-21,662.9000244140625,13.057000160217285,50.769703322346516
2007-05-22,659.0999755859375,12.918999671936035,51.01788004668051
2007-05-23,661.9000244140625,13.03499984741211,50.778675271367355
2007-05-24,653.0,12.85200023651123,50.80921163889285
2007-05-25,655.0999755859375,12.9350004196167,50.64553183874964
2007-05-29,657.0999755859375,13.157999992370605,49.939198659898416
2007-05-30,653.0999755859375,13.154999732971191,49.64652138677225
2007-05-31,661.0,13.409000396728516,49.29524800083298
2007-06-01,671.2000122070312,13.680999755859375,49.060742941652784
2007-06-04,670.7000122070312,13.685999870300293,49.00628515001696
2007-06-05,669.5999755859375,13.756999969482422,48.67340096469665
2007-06-06,669.2999877929688,13.663999557495117,48.98272903015702
2007-06-07,660.0999755859375,13.4350004196167,49.132858576030486
2007-06-08,645.5,12.99899959564209,49.657667518999205
2007-06-11,654.2999877929688,13.237000465393066,49.42962640996928
2007-06-12,648.5,13.055000305175781,49.67445307089697
2007-06-13,648.2000122070312,13.027000427246094,49.75819382421412
2007-06-14,651.5999755859375,13.135000228881836,49.6079150537942
2007-06-15,654.5,13.234000205993652,49.455946033881595
2007-06-18,655.7999877929688,13.211000442504883,49.640448552481104
2007-06-19,660.7000122070312,13.303000450134277,49.66548822452774
2007-06-20,656.0999755859375,13.227999687194824,49.599334071731626
2007-06-21,650.5999755859375,13.074999809265137,49.75908107661407
2007-06-22,653.5,13.008000373840332,50.238313439336736
2007-06-25,651.2999877929688,12.866000175476074,50.62179223613053
2007-06-26,642.0999755859375,12.270000457763672,52.3308844034849
2007-06-27,641.7000122070312,12.210000038146973,52.55528339084409
2007-06-28,647.5,12.378999710083008,52.30632645322666
2007-06-29,648.0999755859375,12.352999687194824,52.464987614122656
2007-07-02,656.5,12.621999740600586,52.012360441449516
2007-07-03,652.9000244140625,12.569000244140625,51.945263086332524
2007-07-05,648.4000244140625,12.468999862670898,52.000964917419864
2007-07-06,652.7000122070312,12.64799976348877,51.604998767567444
2007-07-09,660.5,12.71399974822998,51.95060666034334
2007-07-10,662.5,12.866999626159668,51.48830490777998
2007-07-11,660.2999877929688,12.869000434875488,51.309345363259936
2007-07-12,666.7000122070312,13.07800006866455,50.97874359279697
2007-07-13,665.7999877929688,13.01099967956543,51.17208548076812
2007-07-16,665.0,12.968000411987305,51.28007239923359
2007-07-17,664.7000122070312,12.92300033569336,51.435424819353145
2007-07-18,672.5999755859375,13.197999954223633,50.962265337081746
2007-07-19,677.2000122070312,13.28499984741211,50.974785094856315
2007-07-20,683.9000244140625,13.3149995803833,51.363127748170385
2007-07-23,680.7999877929688,13.244000434875488,51.40440693434402
2007-07-24,684.2000122070312,13.359000205993652,51.21640853782291
2007-07-25,673.2999877929688,13.067999839782715,51.52280349309859
2007-07-26,662.5,12.878000259399414,51.44432261650667
2007-07-27,660.0,12.642999649047852,52.20280141743932
2007-07-30,664.0999755859375,12.833999633789062,51.74536345143023
2007-07-31,666.9000244140625,12.949999809265137,51.49807214181778
2007-08-01,663.5999755859375,12.887999534606934,51.48975787933844
2007-08-02,664.5999755859375,12.9350004196167,51.37997325288308
2007-08-03,672.5,13.100000381469727,51.33587636770361
2007-08-06,671.5,12.97700023651123,51.74539475700339
2007-08-07,670.5999755859375,13.041000366210938,51.42243361356337
2007-08-08,674.5,13.118000030517578,51.417898950362115
2007-08-09,661.4000244140625,12.654999732971191,52.263930333468004
2007-08-10,670.2999877929688,12.824999809265137,52.265107037952966
2007-08-13,669.7000122070312,12.812000274658203,52.27130798082171
2007-08-14,668.5999755859375,12.706999778747559,52.61666697312533
2007-08-15,668.9000244140625,12.517999649047852,53.43505697133811
2007-08-16,648.2999877929688,11.46500015258789,56.54600777712453
2007-08-17,656.9000244140625,11.772000312805176,55.80190341139469
2007-08-20,656.7000122070312,11.708999633789062,56.08506556887827
2007-08-21,656.7000122070312,11.48900032043457,57.15902114120505
2007-08-22,659.0999755859375,11.545999526977539,57.08470488379396
2007-08-23,658.9000244140625,11.623000144958496,56.68932428774527
2007-08-24,668.0,11.925000190734863,56.01677059250725
2007-08-27,666.7999877929688,11.751999855041504,56.739278081842166
2007-08-28,664.4000244140625,11.753999710083008,56.525441620022846
2007-08-29,666.2999877929688,11.836999893188477,56.28959988217848
2007-08-30,665.0,11.791000366210938,56.39894659876931
2007-08-31,673.0,12.062999725341797,55.790434827431035
2007-09-04,682.5,12.281000137329102,55.57364973276774
2007-09-05,681.7000122070312,12.1899995803833,55.9228905392297
2007-09-06,695.5999755859375,12.364999771118164,56.25555911539128
2007-09-07,700.7999877929688,12.592000007629395,55.65438273255714
2007-09-10,703.2999877929688,12.531999588012695,56.120332821084695
2007-09-11,712.2000122070312,12.666999816894531,56.224837964956706
2007-09-12,711.9000244140625,12.625,56.38812074566832
2007-09-13,709.5,12.513999938964844,56.69650019661817
2007-09-14,709.5999755859375,12.543999671936035,56.56887708419544
2007-09-17,715.7999877929688,12.73900032043457,56.189651447355516
2007-09-18,715.7999877929688,12.767000198364258,56.066419415007054
2007-09-19,722.0,12.956000328063965,55.7270748470172
2007-09-20,732.4000244140625,13.321000099182129,54.980858716383445
2007-09-21,731.4000244140625,13.473999977111816,54.28232341223737
2007-09-24,732.0999755859375,13.496999740600586,54.24168257066001
2007-09-25,731.5999755859375,13.482000350952148,54.26494263028774
2007-09-26,728.2999877929688,13.416000366210938,54.28592485933731
2007-09-27,732.7000122070312,13.517000198364258,54.20581500736369
2007-09-28,742.7999877929688,13.793999671936035,53.84950017826949
2007-10-01,747.2000122070312,13.729000091552734,54.424940434429246
2007-10-02,729.7999877929688,13.32699966430664,54.7610119438641
2007-10-03,729.2999877929688,13.348999977111816,54.633305044829264
2007-10-04,737.7999877929688,13.388999938964844,55.10493622797126
2007-10-05,741.2999877929688,13.378999710083008,55.40772881804401
2007-10-08,732.7999877929688,13.25,55.305659456073116
2007-10-09,737.4000244140625,13.475000381469727,54.72356241474435
2007-10-10,740.4000244140625,13.562000274658203,54.59371843529346
2007-10-11,751.2999877929688,13.883000373840332,54.11654307873099
2007-10-12,748.7000122070312,13.803000450134277,54.2418306013855
2007-10-15,757.0999755859375,13.756999969482422,55.03379932146804
2007-10-16,757.0,13.562000274658203,55.817724868692224
2007-10-17,757.5,13.656000137329102,55.47012246502182
2007-10-18,764.0999755859375,13.711000442504883,55.72897315480962
2007-10-19,764.0,13.553000450134277,56.37128123849731
2007-10-22,755.7999877929688,13.475000381469727,56.08905130958766
2007-10-23,759.0,13.571999549865723,55.923962951170985
2007-10-24,761.5999755859375,13.515000343322754,56.352198019899795
2007-10-25,767.2999877929688,13.835000038146973,55.46078682163409
2007-10-26,783.9000244140625,14.211999893188477,55.157615416938604
2007-10-29,789.0999755859375,14.364999771118164,54.93212587253069
2007-10-30,784.2999877929688,14.267000198364258,54.97301302924846
2007-10-31,792.0,14.376999855041504,55.087988313658755
2007-11-01,790.7000122070312,14.270000457763672,55.409950023992224
2007-11-02,805.7000122070312,14.545999526977539,55.38980052300639
2007-11-05,808.0999755859375,14.732000350952148,54.85337743246177
2007-11-06,820.7999877929688,15.32699966430664,53.55255469238636
2007-11-07,831.0,15.272000312805176,54.41330428098722
2007-11-08,835.2000122070312,15.467000007629395,53.9988369945725
2007-11-09,832.5,15.49899959564209,53.71314418474319
2007-11-12,805.7999877929688,14.718999862670898,54.74556663571766
2007-11-13,797.2000122070312,14.571000099182129,54.71141354612839
2007-11-14,813.0,15.029000282287598,54.0954145139088
2007-11-15,785.9000244140625,14.45199966430664,54.38001955916648
2007-11-16,785.7000122070312,14.482999801635742,54.24981170808913
2007-11-19,776.7999877929688,14.13599967956543,54.951896250810414
2007-11-20,790.2999877929688,14.477999687194824,54.58626915788343
2007-11-21,797.5999755859375,14.399999618530273,55.38888866077234
2007-11-23,824.0,14.71500015258789,55.99728110468862
2007-11-26,826.0,14.817000389099121,55.746775886412806
2007-11-27,813.7000122070312,14.473999977111816,56.21804708399615
2007-11-28,800.0999755859375,14.329000473022461,55.83780788424874
2007-11-29,795.2999877929688,14.237000465393066,55.86148498949364
2007-11-30,782.2000122070312,13.963000297546387,56.01947973491638
2007-12-03,788.2999877929688,14.01099967956543,56.26293667986287
2007-12-04,801.2999877929688,14.270999908447266,56.14883280313558
2007-12-05,797.5,14.270000457763672,55.886473329867044
2007-12-06,801.2000122070312,14.4399995803833,55.48476700064862
2007-12-07,794.4000244140625,14.324999809265137,55.45549982487677
2007-12-10,807.7000122070312,14.673999786376953,55.04293471210786
2007-12-11,811.4000244140625,14.694999694824219,55.21606269238976
2007-12-12,813.5,14.654999732971191,55.510065835741166
2007-12-13,799.0,14.071999549865723,56.77942194132775
2007-12-14,793.2999877929688,13.826000213623047,57.37740311990692
2007-12-17,794.7999877929688,13.826000213623047,57.485894366603276
2007-12-18,803.0,14.013999938964844,57.29984326368666
2007-12-19,801.0999755859375,14.072999954223633,56.924605854596685
2007-12-20,799.2000122070312,14.196000099182129,56.29754907180336
2007-12-21,811.5999755859375,14.345999717712402,56.57326025065295
2007-12-24,812.7999877929688,14.520000457763672,55.97795882701741
2007-12-26,826.0,14.694999694824219,56.209596267697
2007-12-27,828.5999755859375,14.678000450134277,56.451829280217616
2007-12-28,839.5999755859375,14.770000457763672,56.844952577141726
2007-12-31,834.9000244140625,14.79699993133545,56.423601290015796
2008-01-02,857.0,15.166999816894531,56.50425333594236
2008-01-03,866.4000244140625,15.381999969482422,56.32557704674182
2008-01-04,863.0999755859375,15.345999717712402,56.24266854310865
2008-01-07,859.5999755859375,15.180000305175781,56.62713822824153
2008-01-08,878.0,15.706999778747559,55.89864470412629
2008-01-09,879.5,15.734000205993652,55.89805443532195
2008-01-10,891.7000122070312,16.17300033569336,55.135101323102944
2008-01-11,896.0999755859375,16.273000717163086,55.06667093308879
2008-01-14,901.5999755859375,16.325000762939453,55.22817356509556
2008-01-15,901.0,16.204999923706055,55.600123680466076
2008-01-16,880.5999755859375,15.807000160217285,55.709493683830814
2008-01-17,879.5,15.930000305175781,55.21029398312338
2008-01-18,880.7999877929688,16.13800048828125,54.57925152701348
2008-01-22,889.5999755859375,16.030000686645508,55.495941202738535
2008-01-23,882.5,15.902000427246094,55.4961625134877
2008-01-24,905.5,16.273000717163086,55.6443163580133
2008-01-25,910.5,16.42799949645996,55.423668608962515
2008-01-28,927.0999755859375,16.690000534057617,55.54822923427098
2008-01-29,925.0999755859375,16.7450008392334,55.24633796484715
2008-01-30,920.5999755859375,16.711000442504883,55.08945911127897
2008-01-31,922.7000122070312,16.947999954223633,54.443002991458236
2008-02-01,908.7000122070312,16.823999404907227,54.01212817102107
2008-02-04,904.9000244140625,16.739999771118164,54.05615512464364
2008-02-05,885.9000244140625,16.30299949645996,54.339695257086106
2008-02-06,900.7000122070312,16.507999420166016,54.561427419651146
2008-02-07,906.0999755859375,16.735000610351562,54.144006127221914
2008-02-08,918.4000244140625,17.075000762939453,53.78623621542728
2008-02-11,922.9000244140625,17.433000564575195,52.93982645130211
2008-02-12,907.4000244140625,17.218000411987305,52.70066225473683
2008-02-13,906.5,17.326000213623047,52.32021175246433
2008-02-14,907.4000244140625,17.229999542236328,52.663961028538054
2008-02-15,902.7999877929688,17.097999572753906,52.801497856603255
2008-02-19,926.5999755859375,17.489999771118164,52.97884435173429
2008-02-20,934.5999755859375,17.7450008392334,52.66835341701303
2008-02-21,946.0999755859375,17.940000534057617,52.73689784957612
2008-02-22,944.7000122070312,18.024999618530273,52.41054270180675
2008-02-25,937.5999755859375,18.079999923706055,51.858405948142696
2008-02-26,946.0999755859375,18.711999893188477,50.5611362220206
2008-02-27,958.2000122070312,19.20199966430664,49.90105348184999
2008-02-28,964.5,19.6299991607666,49.13398070478235
2008-02-29,972.0999755859375,19.808000564575195,49.07612822489766
2008-03-03,981.5,20.072999954223633,48.8965277854982
2008-03-04,963.9000244140625,19.738000869750977,48.83473411389223
2008-03-05,986.2000122070312,20.684999465942383,47.677062493078544
2008-03-06,975.0,20.131000518798828,48.43276413854944
2008-03-07,972.2000122070312,20.158000946044922,48.228989313435896
2008-03-10,969.9000244140625,19.697999954223633,49.238502724541696
2008-03-11,974.2000122070312,19.676000595092773,49.512095077390796
2008-03-12,978.7999877929688,19.910999298095703,49.158757586143935
2008-03-13,992.2999877929688,20.339000701904297,48.78804039276432
2008-03-14,998.2000122070312,20.573999404907227,48.51754841447816
2008-03-17,1001.4000244140625,20.222000122070312,49.520325307541334
2008-03-18,1003.2000122070312,19.889999389648438,50.43740789299055
2008-03-19,944.7000122070312,18.395000457763672,51.35634621897046
2008-03-20,919.5999755859375,16.80500030517578,54.7218065388972
2008-03-24,918.2999877929688,17.066999435424805,53.805590799219
2008-03-25,934.5999755859375,17.761999130249023,52.617949631260586
2008-03-26,949.0,18.34600067138672,51.727895196259574
2008-03-27,948.7999877929688,18.51300048828125,51.25047062973721
2008-03-28,930.5999755859375,17.899999618530273,51.98882655967044
2008-03-31,916.2000122070312,17.274999618530273,53.03618132785695
2008-04-01,882.9000244140625,16.854999542236328,52.38208533922742
2008-04-02,895.2000122070312,17.14699935913086,52.20738587887874
2008-04-03,905.0,17.44700050354004,51.87138040240059
2008-04-04,909.0,17.722000122070312,51.29217885897459
2008-04-07,922.7000122070312,18.086999893188477,51.01454180659989
2008-04-08,914.0,17.674999237060547,51.71145909209122
2008-04-09,933.5999755859375,18.170000076293945,51.381396349248654
2008-04-10,928.2999877929688,18.01300048828125,51.53500042354934
2008-04-11,923.5999755859375,17.667999267578125,52.27530076259403
2008-04-14,925.4000244140625,17.76799964904785,52.08239772019878
2008-04-15,928.7000122070312,17.829999923706055,52.086372191862374
2008-04-16,945.0999755859375,18.30500030517578,51.63069979948093
2008-04-17,939.7999877929688,18.28700065612793,51.39169650973048
2008-04-18,912.2000122070312,17.802000045776367,51.24143410074062
2008-04-21,914.7000122070312,17.341999053955078,52.744785036672084
2008-04-22,922.2999877929688,17.697999954223633,52.11323257873902
2008-04-23,906.2000122070312,17.155000686645508,52.82424808717567
2008-04-24,886.7999877929688,16.652000427246094,53.2548621811216
2008-04-25,887.2000122070312,16.84600067138672,52.6653197701671
2008-04-28,892.9000244140625,17.01099967956543,52.48956799914965
2008-04-29,874.2000122070312,16.540000915527344,52.85368584147743
2008-04-30,862.7999877929688,16.50200080871582,52.28456826503522
2008-05-01,848.9000244140625,16.121000289916992,52.658024263234694
2008-05-02,856.0999755859375,16.381000518798828,52.261763535351676
2008-05-05,872.2999877929688,16.746000289916992,52.090049724780734
2008-05-06,876.0,16.780000686645508,52.20500382322221
2008-05-07,869.5999755859375,16.617000579833984,52.33194591334758
2008-05-08,880.5999755859375,16.79400062561035,52.435390185888686
2008-05-09,884.5,16.843000411987305,52.51439638809804
2008-05-12,883.7000122070312,17.158000946044922,51.5036696282927
2008-05-13,868.5,16.76300048828125,51.81053359791731
2008-05-14,865.4000244140625,16.549999237060547,52.290034097171755
2008-05-15,879.0,16.62700080871582,52.865818081829346
2008-05-16,899.0,16.90399932861328,53.18268076822915
2008-05-19,905.0,16.974000930786133,53.31683459251972
2008-05-20,919.5,17.67099952697754,52.03440804784357
2008-05-21,928.0,17.99799919128418,51.56128690401314
2008-05-22,917.9000244140625,17.975000381469727,51.06536884195662
2008-05-23,925.5999755859375,18.240999221801758,50.74283290795027
2008-05-27,907.7000122070312,17.424999237060547,52.09182507603672
2008-05-28,900.5,17.3799991607666,51.812430580133615
2008-05-29,877.2000122070312,16.476999282836914,53.23784975342914
2008-05-30,887.2999877929688,16.82699966430664,52.73073070032239
2008-06-02,892.9000244140625,16.874000549316406,52.91572806368288
2008-06-03,881.5999755859375,16.798999786376953,52.47931345893972
2008-06-04,879.9000244140625,16.9060001373291,52.04661169209441
2008-06-05,871.7999877929688,17.136999130249023,50.87238326657371
2008-06-06,895.4000244140625,17.39699935913086,51.46864731843021
2008-06-09,894.7000122070312,17.18000030517578,52.07799745716459
2008-06-10,867.9000244140625,16.60700035095215,52.26109508477864
2008-06-11,879.7000122070312,16.82900047302246,52.27286157708679
2008-06-12,869.2000122070312,16.46299934387207,52.797184404345415
2008-06-13,870.2999877929688,16.540000915527344,52.61789235912028
2008-06-16,883.5999755859375,17.214000701904297,51.33030902503619
2008-06-17,884.2999877929688,17.05900001525879,51.83773884764568
2008-06-18,890.9000244140625,17.325000762939453,51.422798567479404
2008-06-19,901.7000122070312,17.457000732421875,51.652630714069694
2008-06-20,901.2999877929688,17.386999130249023,51.837581691997244
2008-06-23,884.7999877929688,16.781999588012695,52.72315632905731
2008-06-24,889.2000122070312,16.62700080871582,53.47927882104363
2008-06-25,880.0,16.499000549316406,53.33656407669255
2008-06-26,913.0999755859375,17.12299919128418,53.32593696849071
2008-06-27,929.2999877929688,17.6200008392334,52.74119997337073
2008-06-30,926.2000122070312,17.420000076293945,53.16877199486658
2008-07-01,942.5,18.200000762939453,51.78571211487017
2008-07-02,944.7999877929688,18.336999893188477,51.524240240843724
2008-07-03,931.9000244140625,18.28499984741211,50.96527384144086
2008-07-07,927.2999877929688,17.83799934387207,51.98452864118567
2008-07-08,921.9000244140625,17.8799991607666,51.56040647009383
2008-07-09,927.2999877929688,18.100000381469727,51.23204244472351
2008-07-10,940.9000244140625,18.2450008392334,51.57029219701567
2008-07-11,959.5,18.7450008392334,51.186980903823745
2008-07-14,972.7000122070312,19.174999237060547,50.72751243332735
2008-07-15,977.7000122070312,18.94099998474121,51.6181834641604
2008-07-16,961.7999877929688,18.735000610351562,51.337067331695195
2008-07-17,970.0,18.66699981689453,51.963358306893184
2008-07-18,957.2999877929688,18.135000228881836,52.78742628678719
2008-07-21,963.0999755859375,18.36199951171875,52.45071349507883
2008-07-22,948.0,17.94499969482422,52.82808671618014
2008-07-23,922.4000244140625,17.399999618530273,53.011496818180674
2008-07-24,922.0,17.246000289916992,53.46167137310408
2008-07-25,926.5999755859375,17.325000762939453,53.48340171898068
2008-07-28,927.5999755859375,17.41699981689453,53.2583100038942
2008-07-29,916.4000244140625,17.329999923706055,52.87940152616507
2008-07-30,902.9000244140625,17.422000885009766,51.82527715234681
2008-07-31,913.9000244140625,17.75,51.48732531910211
2008-08-01,909.0,17.481000900268555,51.99931086245956
2008-08-04,900.0999755859375,17.10300064086914,52.62819048460237
2008-08-05,878.5999755859375,16.53700065612793,53.12934273001704
2008-08-06,875.5999755859375,16.472000122070312,53.15687039200229
2008-08-07,870.7000122070312,16.226999282836914,53.6574875632095
2008-08-08,857.7999877929688,15.303000450134277,56.05436597797669
2008-08-11,821.5,14.595000267028809,56.28639842205619
2008-08-12,808.2000122070312,14.461999893188477,55.88438792533037
2008-08-13,825.0,14.824000358581543,55.652993796806776
2008-08-14,808.2000122070312,14.21399974822998,56.859436226433985
2008-08-15,786.0,12.800999641418457,61.401454731460696
2008-08-18,799.7000122070312,13.086999893188477,61.10644293832838
2008-08-19,811.0999755859375,13.093000411987305,61.949129310599766
2008-08-20,810.2999877929688,13.029000282287598,62.192030872433016
2008-08-21,833.0,13.718999862670898,60.71871188413486
2008-08-22,827.4000244140625,13.470000267028809,61.42539034979315
2008-08-25,819.7999877929688,13.364999771118164,61.339319254203126
2008-08-26,822.2000122070312,13.571999549865723,60.58061004099914
2008-08-27,828.0999755859375,13.468000411987305,61.48648279286362
2008-08-28,830.9000244140625,13.604000091552734,61.077625611749404
2008-08-29,829.2999877929688,13.607000350952148,60.94656914849999
2008-09-02,805.0,13.050000190734863,61.685822853207895
2008-09-03,802.7000122070312,12.859999656677246,62.41835409305385
2008-09-04,797.9000244140625,12.855999946594238,62.06440788181857
2008-09-05,797.5999755859375,12.244999885559082,65.13678914171102
2008-09-08,797.5,11.989999771118164,66.51376273759735
2008-09-09,787.0999755859375,11.640000343322754,67.62027082219586
2008-09-10,757.9000244140625,10.817000389099121,70.06563715924791
2008-09-11,741.2999877929688,10.489999771118164,70.66730257077509
2008-09-12,760.2999877929688,10.734999656677246,70.82440727606887
2008-09-15,783.0999755859375,11.074999809265137,70.70880262506287
2008-09-16,776.5,10.461999893188477,74.22099100818745
2008-09-17,846.5999755859375,11.619999885559082,72.85714147364679
2008-09-18,892.7000122070312,12.64799976348877,70.5803311907078
2008-09-19,860.5999755859375,12.425000190734863,69.26357846076124
2008-09-22,903.9000244140625,13.399999618530273,67.45522762284997
2008-09-23,885.5,13.119999885559082,67.4923786374916
2008-09-24,889.0,13.383999824523926,66.42259501311837
2008-09-25,877.7000122070312,13.222000122070312,66.38178823958445
2008-09-26,882.9000244140625,13.458000183105469,65.60410257107985
2008-09-29,888.2000122070312,12.980999946594238,68.42308110786674
2008-09-30,874.2000122070312,12.230999946594238,71.4741244398791
2008-10-01,880.7000122070312,12.720000267028809,69.2374208898306
2008-10-02,839.0,11.0649995803833,75.82467526591053
2008-10-03,828.9000244140625,11.270000457763672,73.54924496414286
2008-10-06,862.7000122070312,11.229999542236328,76.8210193564473
2008-10-07,878.4000244140625,11.324999809265137,77.56291736936114
2008-10-08,903.0999755859375,11.717000007629395,77.0760412219761
2008-10-09,883.0999755859375,11.819999694824219,74.71235180933485
2008-10-10,855.4000244140625,10.545000076293945,81.11901547891634
2008-10-13,838.9000244140625,10.737000465393066,78.1316930289759
2008-10-14,836.2999877929688,11.017999649047852,75.90306901718223
2008-10-15,835.5,10.142000198364258,82.38019953250965
2008-10-16,801.5,9.607000350952148,83.42874682216114
2008-10-17,785.0999755859375,9.3100004196167,84.32867241677963
2008-10-20,787.5999755859375,9.664999961853027,81.48990984940826
2008-10-21,766.0999755859375,10.050000190734863,76.2288518454167
2008-10-22,733.2999877929688,9.45199966430664,77.58146570424795
2008-10-23,713.2999877929688,9.5,75.08420924136513
2008-10-24,729.0999755859375,9.295000076293945,78.44001824652383
2008-10-27,741.7000122070312,9.194999694824219,80.6634080286623
2008-10-28,739.2999877929688,8.789999961853027,84.10693868047711
2008-10-29,752.7999877929688,9.805000305175781,76.77715087837244
2008-10-30,737.2000122070312,9.78499984741211,75.33980824762122
2008-10-31,716.7999877929688,9.729999542236328,73.66906695950578
2008-11-03,725.4000244140625,9.75,74.40000250400641
2008-11-04,756.0,10.130000114440918,74.6298115951921
2008-11-05,741.2999877929688,10.454999923706055,70.90387309445289
2008-11-06,731.2000122070312,10.055000305175781,72.72003878812895
2008-11-07,733.2000122070312,9.963000297546387,73.5922905058628
2008-11-10,745.5999755859375,10.220000267028809,72.95498592024018
2008-11-11,732.0,9.805000305175781,74.65578553971059
2008-11-12,717.7000122070312,9.479999542236328,75.70675599818922
2008-11-13,704.9000244140625,8.800000190734863,80.10227376542798
2008-11-14,742.4000244140625,9.489999771118164,78.22971994935979
2008-11-17,741.9000244140625,9.329999923706055,79.5176881544245
2008-11-18,732.5999755859375,9.550000190734863,76.71203779625942
2008-11-19,735.9000244140625,9.3100004196167,79.04403772780498
2008-11-20,748.5999755859375,9.024999618530273,82.94736922192219
2008-11-21,791.7000122070312,9.479999542236328,83.51266354811126
2008-11-24,819.4000244140625,10.354999542236328,79.13086051543175
2008-11-25,818.4000244140625,10.270000457763672,79.68841167824758
2008-11-26,808.5,10.220000267028809,79.10958697411559
2008-11-28,816.2000122070312,10.1850004196167,80.13745494158242
2008-12-01,774.5999755859375,9.350000381469727,82.84491379498512
2008-12-02,781.2999877929688,9.59000015258789,81.47027897409706
2008-12-03,768.7999877929688,9.564000129699707,80.38477387777992
2008-12-04,763.7999877929688,9.491000175476074,80.47623787496728
2008-12-05,750.5,9.401000022888184,79.8319325787461
2008-12-08,767.4000244140625,9.9399995803833,77.20322503116951
2008-12-09,772.4000244140625,9.8149995803833,78.69587951463757
2008-12-10,807.0999755859375,10.164999961853027,79.39989951941007
2008-12-11,824.9000244140625,10.390000343322754,79.3936474645252
2008-12-12,818.9000244140625,10.199000358581543,80.29218507920059
2008-12-15,835.4000244140625,10.58899974822998,78.89319522872829
2008-12-16,841.7000122070312,10.673999786376953,78.8551647978557
2008-12-17,867.5,11.388999938964844,76.16998899368225
2008-12-18,859.5999755859375,11.08899974822998,77.51826089843192
2008-12-19,836.4000244140625,10.819000244140625,77.3084393696212
2008-12-22,846.2000122070312,10.829000473022461,78.14202375511117
2008-12-23,837.2000122070312,10.232999801635742,81.81374264008146
2008-12-24,847.0999755859375,10.322999954223633,82.05947683254115
2008-12-26,870.4000244140625,10.503000259399414,82.87156078427384
2008-12-29,874.5999755859375,10.782999992370605,81.10915109011881
2008-12-30,869.2999877929688,10.954999923706055,79.35189355061961
2008-12-31,883.5999755859375,11.270000457763672,78.40283404578246
2009-01-02,878.7999877929688,11.46500015258789,76.6506738854779
2009-01-05,857.2000122070312,11.244999885559082,76.22943716592246
2009-01-06,865.4000244140625,11.420000076293945,75.77933613244817
2009-01-07,841.0999755859375,11.079999923706055,75.91155066584199
2009-01-08,853.9000244140625,11.071999549865723,77.12247643872225
2009-01-09,854.2999877929688,11.295000076293945,75.6352352388188
2009-01-12,820.2999877929688,10.725000381469727,76.48484462622993
2009-01-13,820.0999755859375,10.654999732971191,76.96855899941437
2009-01-14,808.2000122070312,10.45199966430664,77.32491754348379
2009-01-15,806.7000122070312,10.420000076293945,77.41842670829885
2009-01-16,839.2999877929688,11.194999694824219,74.97097013597974
2009-01-20,854.5999755859375,11.157999992370605,76.59078474370665
2009-01-21,849.5999755859375,11.3149995803833,75.08616942937235
2009-01-22,858.2000122070312,11.357000350952148,75.56572912627246
2009-01-23,895.2999877929688,11.932000160217285,75.03352126812787
2009-01-26,908.5,12.10200023651123,75.07023485746541
2009-01-27,899.2000122070312,12.166999816894531,73.9048266408654
2009-01-28,888.0999755859375,11.963000297546387,74.23722757643723
2009-01-29,905.0999755859375,12.140000343322754,74.55518533685716
2009-01-30,927.2999877929688,12.5600004196167,73.82961439592593
2009-02-02,906.7000122070312,12.40999984741211,73.06204861848632
2009-02-03,892.0,12.295000076293945,72.5498165485879
2009-02-04,901.5999755859375,12.46500015258789,72.33052262729046
2009-02-05,913.5999755859375,12.744999885559082,71.68301167433559
2009-02-06,913.9000244140625,13.154999732971191,69.47168703648836
2009-02-09,892.4000244140625,12.824999809265137,69.5828489423733
2009-02-10,913.7000122070312,13.125,69.61523902529763
2009-02-11,943.7999877929688,13.515000343322754,69.83351563577757
2009-02-12,948.5,13.505000114440918,70.23324635042154
2009-02-13,941.5,13.619999885559082,69.12628545601142
2009-02-17,967.0,14.008000373840332,69.03197988242873
2009-02-18,977.7000122070312,14.288000106811523,68.42805185457215
2009-02-19,976.0999755859375,13.932999610900879,70.05670012523778
2009-02-20,1001.7999877929688,14.48799991607666,69.14687973467738
2009-02-23,994.5999755859375,14.447999954223633,68.83997637992674
2009-02-24,969.0999755859375,13.993000030517578,69.25605470395273
2009-02-25,965.7000122070312,13.873000144958496,69.61003403131734
2009-02-26,941.7999877929688,12.949999809265137,72.72586885438821
2009-02-27,941.5,13.085000038146973,71.95261729119034
2009-03-02,939.0,13.050000190734863,71.95402193684747
2009-03-03,912.9000244140625,12.694999694824219,71.91020451826037
2009-03-04,906.0,12.899999618530273,70.23256021640276
2009-03-05,927.0,13.104999542236328,70.73636263872851
2009-03-06,942.0999755859375,13.322999954223633,70.71230044456127
2009-03-09,917.7000122070312,12.949999809265137,70.86486685123026
2009-03-10,895.5999755859375,12.5600004196167,71.3057281580305
2009-03-11,910.4000244140625,12.8149995803833,71.04175218293938
2009-03-12,923.7000122070312,12.958000183105469,71.28414872314507
2009-03-13,929.7999877929688,13.229999542236328,70.27966893155315
2009-03-16,921.5999755859375,12.904999732971191,71.41418013603882
2009-03-17,916.4000244140625,12.6850004196167,72.2428059991939
2009-03-18,888.7000122070312,11.949999809265137,74.36820304532554
2009-03-19,958.2999877929688,13.5,70.98518428096065
2009-03-20,955.7999877929688,13.82699966430664,69.12562457496072
2009-03-23,952.0999755859375,13.862000465393066,68.6841684908961
2009-03-24,923.2999877929688,13.343999862670898,69.19214608026559
2009-03-25,935.4000244140625,13.423999786376953,69.68117098477104
2009-03-26,939.5999755859375,13.607000350952148,69.05268989136088
2009-03-27,923.0,13.25100040435791,69.655118242729
2009-03-30,915.5,13.02299976348877,70.29870357263556
2009-03-31,922.5999755859375,12.975000381469727,71.10596905288347
2009-04-01,926.0999755859375,12.96500015258789,71.43077244014397
2009-04-02,907.4000244140625,13.015000343322754,69.71955439706132
2009-04-03,895.5999755859375,12.725000381469727,70.38113546072023
2009-04-06,871.5,12.104999542236328,71.99504609307861
2009-04-07,882.2000122070312,12.204999923706055,72.28185315212609
2009-04-08,884.7999877929688,12.335000038146973,71.7308459713542
2009-04-09,882.2000122070312,12.324999809265137,71.57809540441943
2009-04-13,894.7000122070312,12.762999534606934,70.10107692796258
2009-04-14,890.9000244140625,12.760000228881836,69.8197498772406
2009-04-15,892.7999877929688,12.795000076293945,69.77725537080005
2009-04-16,879.2999877929688,12.25,71.77959084024235
2009-04-17,867.4000244140625,11.78499984741211,73.602039511654
2009-04-20,887.0,12.100000381469727,73.30578281289777
2009-04-21,882.0999755859375,12.055000305175781,73.17295340152006
2009-04-22,891.7999877929688,12.300000190734863,72.50406292389563
2009-04-23,905.9000244140625,12.75,71.05098230698529
2009-04-24,913.5999755859375,12.914999961853027,70.73944857022325
2009-04-27,907.4000244140625,12.949999809265137,70.06950098677677
2009-04-28,892.7999877929688,12.395000457763672,72.02904032438005
2009-04-29,899.7999877929688,12.753999710083008,70.55041620250378
2009-04-30,890.7000122070312,12.305000305175781,72.38520846134244
2009-05-01,887.5999755859375,12.479999542236328,71.12179552427177
2009-05-04,901.5999755859375,13.093000411987305,68.86121952310313
2009-05-05,903.7000122070312,13.402000427246094,67.43023305459839
2009-05-06,910.5,13.692000389099121,66.4986834739571
2009-05-07,915.0,14.01200008392334,65.3011700342355
2009-05-08,914.4000244140625,13.9350004196167,65.61894487831054
2009-05-11,913.0,13.890000343322754,65.7307399159929
2009-05-12,923.5,14.194999694824219,65.0581204546786
2009-05-13,925.5,14.0,66.10714285714286
2009-05-14,928.0,14.020000457763672,66.19115333096252
2009-05-15,930.9000244140625,13.989999771118164,66.54038882372758
2009-05-18,921.2999877929688,13.8100004196167,66.71252424324979
2009-05-19,926.2999877929688,14.109999656677246,65.64847699019026
2009-05-20,937.0,14.270000457763672,65.6622263449347
2009-05-21,950.7999877929688,14.4350004196167,65.86767995523313
2009-05-22,958.5,14.682999610900879,65.27957674863625
2009-05-26,953.0999755859375,14.588000297546387,65.33451851836355
2009-05-27,953.2000122070312,14.852999687194824,64.17558959681465
2009-05-28,961.5,15.149999618530273,63.46534813268046
2009-05-29,978.7999877929688,15.600000381469727,62.743587426807025
2009-06-01,978.5999755859375,15.725000381469727,62.23211140516827
2009-06-02,983.2000122070312,15.944999694824219,61.66196494354152
2009-06-03,964.5,15.300000190734863,63.0392149004068
2009-06-04,981.2000122070312,15.883000373840332,61.77674174352412
2009-06-05,961.7000122070312,15.37600040435791,62.545524643356764
2009-06-08,951.7000122070312,14.942999839782715,63.68868516436187
2009-06-09,954.0,15.128000259399414,63.061870944063166
2009-06-10,954.0,15.213000297546387,62.70952352205402
2009-06-11,961.2999877929688,15.480999946594238,62.09547129443994
2009-06-12,940.0999755859375,14.864999771118164,63.24251530850996
2009-06-15,926.9000244140625,14.020000457763672,66.11269573110357
2009-06-16,931.5999755859375,14.119999885559082,65.97733591617879
2009-06-17,935.4000244140625,14.269000053405762,65.55470046345671
2009-06-18,934.0,14.229000091552734,65.64059273247763
2009-06-19,935.5999755859375,14.189000129699707,65.93840066486337
2009-06-22,920.5999755859375,13.694000244140625,67.2265195832637
2009-06-23,923.9000244140625,13.833999633789062,66.78473679856612
2009-06-24,934.0999755859375,13.89900016784668,67.20627126452176
2009-06-25,939.0999755859375,13.994000434875488,67.10732788356478
2009-06-26,940.7000122070312,14.116999626159668,66.63597344465862
2009-06-29,940.4000244140625,13.946999549865723,67.42669066932869
2009-06-30,927.0999755859375,13.574000358581543,68.299686982093
2009-07-01,941.0,13.739999771118164,68.48617290212816
2009-07-02,930.7000122070312,13.392999649047852,69.49152815614369
2009-07-06,924.0,13.22700023651123,69.85710920677471
2009-07-07,928.7999877929688,13.208999633789062,70.31569487041754
2009-07-08,909.0,12.840999603271484,70.7888815578201
2009-07-09,915.9000244140625,12.923999786376953,70.86815533527808
2009-07-10,912.2000122070312,12.63700008392334,72.18485448674821
2009-07-13,922.2000122070312,12.78499984741211,72.13140580472509
2009-07-14,922.5,12.854999542236328,71.76196288214855
2009-07-15,939.0999755859375,13.20300006866455,71.12777177171711
2009-07-16,935.0999755859375,13.229999542236328,70.68027270905507
2009-07-17,937.2000122070312,13.39799976348877,69.95074106218593
2009-07-20,948.5,13.619999885559082,69.64023553375128
2009-07-21,946.5999755859375,13.472999572753906,70.2590370076328
2009-07-22,953.0,13.694999694824219,69.5874422224463
2009-07-23,954.5,13.765000343322754,69.34253368638797
2009-07-24,952.7999877929688,13.869999885559082,68.6950249210159
2009-07-27,953.2999877929688,13.984999656677246,68.16589282773478
2009-07-28,939.0,13.734999656677246,68.36549133392273
2009-07-29,927.2000122070312,13.253000259399414,69.96151769856293
2009-07-30,934.9000244140625,13.477999687194824,69.36489435463426
2009-07-31,953.7000122070312,13.932999610900879,68.44900874474129
2009-08-03,956.5999755859375,14.244999885559082,67.15338597901247
2009-08-04,967.5,14.687999725341797,65.87009927095338
2009-08-05,964.2000122070312,14.753000259399414,65.35619841751993
2009-08-06,960.7000122070312,14.637999534606934,65.63055354222134
2009-08-07,957.2999877929688,14.66100025177002,65.29568046882709
2009-08-10,945.0,14.347999572753906,65.86283998742968
2009-08-11,945.7999877929688,14.338000297546387,65.96456745469732
2009-08-12,950.7000122070312,14.57800006866455,65.2147076230685
2009-08-13,954.7000122070312,14.979999542236328,63.73164495200688
2009-08-14,947.0,14.71500015258789,64.35609855114092
2009-08-17,934.2999877929688,13.970999717712402,66.87423997356935
2009-08-18,937.7000122070312,13.956000328063965,67.18973847553018
2009-08-19,943.2999877929688,13.871000289916992,68.00518838419069
2009-08-20,940.2999877929688,13.87600040435791,67.76448258805594
2009-08-21,953.2000122070312,14.15999984741211,67.31638576826953
2009-08-24,942.2999877929688,14.190999984741211,66.4012394338786
2009-08-25,944.5,14.305999755859375,66.02125095194111
2009-08-26,944.2999877929688,14.25100040435791,66.2620139638902
2009-08-27,945.5,14.215999603271484,66.50956854151958
2009-08-28,957.0,14.784000396728516,64.7321411200564
2009-08-31,951.7000122070312,14.89799976348877,63.8810596936246
2009-09-01,954.7000122070312,15.03499984741211,63.498504948196484
2009-09-02,976.5999755859375,15.34000015258789,63.66362228628681
2009-09-03,995.7999877929688,16.26799964904785,61.21219629183185
2009-09-04,994.9000244140625,16.26300048828125,61.1756745092005
2009-09-08,997.9000244140625,16.488000869750977,60.52280275195874
2009-09-09,995.2999877929688,16.44300079345703,60.53031318888075
2009-09-10,995.4000244140625,16.649999618530273,59.78378661980584
2009-09-11,1004.9000244140625,16.676000595092773,60.26025357121738
2009-09-14,999.9000244140625,16.60099983215332,60.23131344640012
2009-09-15,1005.0,16.97800064086914,59.19424914973686
2009-09-16,1018.9000244140625,17.408000946044922,58.53055888335963
2009-09-17,1012.2999877929688,17.243000030517578,58.707880647297245
2009-09-18,1009.2000122070312,17.042999267578125,59.21493021048768
2009-09-21,1003.7000122070312,16.857999801635742,59.53849946715752
2009-09-22,1014.2000122070312,17.093000411987305,59.3342296707472
2009-09-23,1013.0,16.88800048828125,59.9834184457142
2009-09-24,997.5,16.273000717163086,61.29785264176506
2009-09-25,990.2000122070312,16.038000106811523,61.74086579451274
2009-09-28,992.5,16.17300033569336,61.36771034435585
2009-09-29,993.0999755859375,16.1560001373291,61.46942109088866
2009-09-30,1008.0,16.63599967956543,60.591489505626825
2009-10-01,999.5,16.417999267578125,60.87830701599487
2009-10-02,1003.2000122070312,16.20800018310547,61.895360369795924
2009-10-05,1016.7000122070312,16.51300048828125,61.56967129799038
2009-10-06,1038.5999755859375,17.273000717163086,60.12852037654039
2009-10-07,1043.300048828125,17.47800064086914,59.692185065410555
2009-10-08,1055.4000244140625,17.799999237060547,59.292138744403054
2009-10-09,1047.800048828125,17.674999237060547,59.2814763256748
2009-10-12,1056.699951171875,17.80500030517578,59.3484938534205
2009-10-13,1064.199951171875,17.825000762939453,59.702659501955715
2009-10-14,1063.9000244140625,17.89299964904785,59.4590088459917
2009-10-15,1049.800048828125,17.399999618530273,60.333337462268204
2009-10-16,1050.699951171875,17.405000686645508,60.36770524106069
2009-10-19,1057.300048828125,17.610000610351562,60.03975083377452
2009-10-20,1057.800048828125,17.542999267578125,60.29755988094265
2009-10-21,1063.699951171875,17.809999465942383,59.72487271580001
2009-10-22,1057.800048828125,17.530000686645508,60.3422708154236
2009-10-23,1055.5999755859375,17.711000442504883,59.601374807297056
2009-10-26,1042.0999755859375,17.083999633789062,60.99859505527336
2009-10-27,1034.699951171875,16.5310001373291,62.59149129370527
2009-10-28,1029.9000244140625,16.231000900268555,63.45265031665558
2009-10-29,1046.4000244140625,16.645999908447266,62.861950628934636
2009-10-30,1039.699951171875,16.246000289916992,63.99728749341216
2009-11-02,1053.4000244140625,16.430999755859375,64.11052523072523
2009-11-03,1084.300048828125,17.17099952697754,63.14717131781232
2009-11-04,1086.699951171875,17.395000457763672,62.47197025435335
2009-11-05,1088.699951171875,17.399999618530273,62.56896408276096
2009-11-06,1095.0999755859375,17.364999771118164,63.063633171324945
2009-11-09,1100.800048828125,17.469999313354492,63.01088105862985
2009-11-10,1101.9000244140625,17.211999893188477,64.01929068394494
2009-11-11,1114.0,17.527000427246094,63.55907872680047
2009-11-12,1106.0,17.2549991607666,64.0973662006752
2009-11-13,1116.0999755859375,17.3700008392334,64.25445720561031
2009-11-16,1138.5999755859375,18.389999389648438,61.9140844684772
2009-11-17,1138.800048828125,18.37700080871582,61.96876523442369
2009-11-18,1140.699951171875,18.406999588012695,61.97098803189739
2009-11-19,1141.4000244140625,18.44700050354004,61.87455918348483
2009-11-20,1146.4000244140625,18.433000564575195,62.19280579946547
2009-11-23,1164.300048828125,18.60300064086914,62.58668003645934
2009-11-24,1165.5,18.447999954223633,63.17758038226584
2009-11-25,1186.9000244140625,18.766000747680664,63.247361031931874
2009-11-27,1174.199951171875,18.302000045776367,64.1569199123049
2009-11-30,1181.0999755859375,18.4950008392334,63.86049862082045
2009-12-01,1199.0999755859375,19.18000030517578,62.518245907553855
2009-12-02,1212.0,19.295000076293945,62.8142003217236
2009-12-03,1217.4000244140625,19.101999282836914,63.73155010574692
2009-12-04,1168.800048828125,18.496000289916992,63.19204317191165
2009-12-07,1163.4000244140625,18.336000442504883,63.44895267984245
2009-12-08,1142.800048828125,17.78499984741211,64.25639913595015
2009-12-09,1120.4000244140625,17.158000946044922,65.29898371828247
2009-12-10,1125.699951171875,17.17300033569336,65.55056945012427
2009-12-11,1119.4000244140625,17.083999633789062,65.52329948544904
2009-12-14,1123.300048828125,17.326000213623047,64.83320067980256
2009-12-15,1122.4000244140625,17.44099998474121,64.35410959211217
2009-12-16,1135.5,17.679000854492188,64.22874286537932
2009-12-17,1106.800048828125,17.18000030517578,64.42375024258187
2009-12-18,1110.800048828125,17.30500030517578,64.18954228483278
2009-12-21,1095.4000244140625,17.020000457763672,64.35957667171483
2009-12-22,1086.0,17.014999389648438,63.82603814024814
2009-12-23,1093.300048828125,17.174999237060547,63.656483108830706
2009-12-24,1104.0999755859375,17.42300033569336,63.37025508310645
2009-12-28,1107.199951171875,17.542999267578125,63.113492412790144
2009-12-29,1097.0,17.090999603271484,64.18583028871038
2009-12-30,1091.5,16.77899932861328,65.05155513884917
2009-12-31,1095.199951171875,16.82200050354004,65.1052145041489
2010-01-04,1117.699951171875,17.440000534057617,64.08829798996739
2010-01-05,1118.0999755859375,17.7810001373291,62.88172582815627
2010-01-06,1135.9000244140625,18.163000106811523,62.53922907747356
2010-01-07,1133.0999755859375,18.33300018310547,61.80657635241452
2010-01-08,1138.199951171875,18.45800018310547,61.66431573739308
2010-01-11,1150.699951171875,18.683000564575195,61.59074647536623
2010-01-12,1128.9000244140625,18.243000030517578,61.88127076279099
2010-01-13,1136.4000244140625,18.538000106811523,61.30111219475657
2010-01-14,1142.5999755859375,18.64299964904785,61.288419090019836
2010-01-15,1130.0999755859375,18.410999298095703,61.38178364402125
2010-01-19,1139.699951171875,18.784000396728516,60.673973972571304
2010-01-20,1112.300048828125,17.865999221801758,62.257925516463295
2010-01-21,1102.699951171875,17.496000289916992,63.025830641267476
2010-01-22,1089.199951171875,16.917999267578125,64.38113242262826
2010-01-25,1095.199951171875,17.131000518798828,63.93088074278261
2010-01-26,1097.9000244140625,16.84600067138672,65.17274015540487
2010-01-27,1084.4000244140625,16.42799949645996,66.0092560051355
2010-01-28,1083.5999755859375,16.20199966430664,66.88063189960015
2010-01-29,1083.0,16.183000564575195,66.92207638988171
2010-02-01,1104.300048828125,16.652999877929688,66.3123795666185
2010-02-02,1117.4000244140625,16.736000061035156,66.76625360534021
2010-02-03,1111.4000244140625,16.309999465942383,68.14224775021147
2010-02-04,1062.4000244140625,15.343000411987305,69.24330286689049
2010-02-05,1052.199951171875,14.822999954223633,70.98427810978058
2010-02-08,1065.699951171875,15.07800006866455,70.67913160357635
2010-02-09,1076.699951171875,15.430999755859375,69.77512592876792
2010-02-10,1075.800048828125,15.302000045776367,70.30453833550115
2010-02-11,1094.199951171875,15.592000007629395,70.17701068730547
2010-02-12,1089.5,15.449000358581543,70.52236227017816
2010-02-16,1119.300048828125,16.149999618530273,69.30650620844948
2010-02-17,1119.5,16.097999572753906,69.54280219355762
2010-02-18,1118.0,16.059999465942383,69.61395001107473
2010-02-19,1121.300048828125,16.413000106811523,68.31779939870815
2010-02-22,1112.5999755859375,16.222000122070312,68.58586901822457
2010-02-23,1102.699951171875,15.887999534606934,69.40458103425766
2010-02-24,1096.5,15.9399995803833,68.78921134661869
2010-02-25,1107.800048828125,16.110000610351562,68.76474282169191
2010-02-26,1118.300048828125,16.5,67.77576053503788
2010-03-01,1117.800048828125,16.448999404907227,67.95550424147088
2010-03-02,1136.9000244140625,17.04400062561035,66.7038243771098
2010-03-03,1142.699951171875,17.30900001525879,66.01767578511325
2010-03-04,1132.5999755859375,17.1560001373291,66.01771779667659
2010-03-05,1134.800048828125,17.36199951171875,65.36113816050819
2010-03-08,1123.5999755859375,17.25200080871582,65.12867626451117
2010-03-09,1122.0,17.31800079345703,64.78807879624918
2010-03-10,1107.800048828125,16.993999481201172,65.18771817391061
2010-03-11,1108.0,17.13599967956543,64.65919822123263
2010-03-12,1101.5,17.02400016784668,64.7027719184595
2010-03-15,1105.0999755859375,17.08300018310547,64.69004061001213
2010-03-16,1122.199951171875,17.33300018310547,64.74354925961906
2010-03-17,1124.0,17.50200080871582,64.22122889174244
2010-03-18,1127.4000244140625,17.406999588012695,64.76705067485868
2010-03-19,1107.4000244140625,17.017000198364258,65.07610104632367
2010-03-22,1099.300048828125,16.920000076293945,64.97045176544167
2010-03-23,1103.5,17.011999130249023,64.86598027376262
2010-03-24,1088.5999755859375,16.625999450683594,65.47576155135616
2010-03-25,1092.699951171875,16.726999282836914,65.32552149344937
2010-03-26,1104.199951171875,16.893999099731445,65.36048360446686
2010-03-29,1110.300048828125,17.37299919128418,63.90952054986274
2010-03-30,1104.5,17.31599998474121,63.78493884114582
2010-03-31,1113.300048828125,17.511999130249023,63.573555511722645
2010-04-01,1125.0999755859375,17.875999450683594,62.939136840425036
2010-04-05,1132.9000244140625,18.104000091552734,62.57733200866862
2010-04-06,1135.0999755859375,17.91699981689453,63.35323922454998
2010-04-07,1152.300048828125,18.184999465942383,63.3654155990601
2010-04-08,1152.199951171875,18.115999221801758,63.60123651281991
2010-04-09,1161.0999755859375,18.34000015258789,63.3097037036883
2010-04-12,1161.5999755859375,18.402999877929688,63.12014254692349
2010-04-13,1152.800048828125,18.238000869750977,63.20868482576542
2010-04-14,1159.0,18.40399932861328,62.97544241908692
2010-04-15,1159.699951171875,18.423999786376953,62.94506972527098
2010-04-16,1136.300048828125,17.66900062561035,64.31037458797266
2010-04-19,1135.199951171875,17.725000381469727,64.04512985842577
2010-04-20,1138.5999755859375,17.815000534057617,63.912430056301844
2010-04-21,1148.199951171875,18.072999954223633,63.53123189731113
2010-04-22,1142.300048828125,18.006000518798828,63.439965340194675
2010-04-23,1153.0999755859375,18.18899917602539,63.395460323392555
2010-04-26,1153.5,18.333999633789062,62.915895224200334
2010-04-27,1161.699951171875,18.115999221801758,64.12563485727155
2010-04-28,1171.300048828125,18.10700035095215,64.68769128656545
2010-04-29,1168.4000244140625,18.548999786376953,62.989920635622475
2010-04-30,1180.0999755859375,18.611000061035156,63.40873524881927
2010-05-03,1182.699951171875,18.812999725341797,62.86610154885268
2010-05-04,1168.5999755859375,17.81800079345703,65.58535882516406
2010-05-05,1174.5999755859375,17.51099967956543,67.0778366215519
2010-05-06,1196.9000244140625,17.493000030517578,68.42165565231802
2010-05-07,1210.0,18.429000854492188,65.6573847683693
2010-05-10,1200.4000244140625,18.530000686645508,64.78143442699307
2010-05-11,1219.9000244140625,19.27199935913086,63.29909012974761
2010-05-12,1242.699951171875,19.639999389648438,63.273930233768695
2010-05-13,1228.800048828125,19.47599983215332,63.09304063555568
2010-05-14,1227.4000244140625,19.20199966430664,63.920427344637304
2010-05-17,1227.699951171875,18.834999084472656,65.18184289076902
2010-05-18,1214.300048828125,18.854999542236328,64.40201953375922
2010-05-19,1192.5999755859375,18.090999603271484,65.92228189371437
2010-05-20,1187.800048828125,17.694000244140625,67.13010243240306
2010-05-21,1175.699951171875,17.631000518798828,66.68367741911754
2010-05-24,1193.800048828125,17.98200035095215,66.38861225274714
2010-05-25,1197.800048828125,17.76300048828125,67.43230399719616
2010-05-26,1213.300048828125,18.29199981689453,66.32954630294269
2010-05-27,1211.9000244140625,18.457000732421875,65.6607236453764
2010-05-28,1212.199951171875,18.410999298095703,65.84107312943388
2010-06-01,1224.800048828125,18.540000915527344,66.06256679320597
2010-06-02,1220.5999755859375,18.304000854492188,66.68487317549358
2010-06-03,1208.300048828125,17.920000076293945,67.42745779485593
2010-06-04,1216.199951171875,17.290000915527344,70.34123116093433
2010-06-07,1239.300048828125,18.152999877929688,68.26971063525752
2010-06-08,1244.0,18.468000411987305,67.359755915564
2010-06-09,1228.5,18.18000030517578,67.57425629141768
2010-06-10,1220.800048828125,18.341999053955078,66.55763339846452
2010-06-11,1228.9000244140625,18.222000122070312,67.44045747895866
2010-06-14,1223.300048828125,18.402000427246094,66.47647105892362
2010-06-15,1233.199951171875,18.569000244140625,66.4117580353313
2010-06-16,1229.300048828125,18.43199920654297,66.69379892289435
2010-06-17,1247.5,18.767000198364258,66.4730637189812
2010-06-18,1257.199951171875,19.174999237060547,65.56453722000768
2010-06-21,1239.699951171875,18.802000045776367,65.93447229835307
2010-06-22,1239.9000244140625,18.895999908447266,65.61706342196678
2010-06-23,1234.0999755859375,18.45400047302246,66.87438733894278
2010-06-24,1245.5,18.731000900268555,66.49404410536026
2010-06-25,1255.800048828125,19.104999542236328,65.7314880354678
2010-06-28,1238.199951171875,18.67300033569336,66.3096411349097
2010-06-29,1242.0,18.5939998626709,66.79574105480258
2010-06-30,1245.5,18.67099952697754,66.70773025302634
2010-07-01,1206.300048828125,17.760000228881836,67.92229917128066
2010-07-02,1207.4000244140625,17.697999954223633,68.22239956701526
2010-07-06,1194.800048828125,17.83300018310547,66.99938521618186
2010-07-07,1198.5999755859375,17.979000091552734,66.66666496926537
2010-07-08,1195.800048828125,17.851999282836914,66.9840968444234
2010-07-09,1209.5999755859375,18.05299949645996,67.00271474682806
2010-07-12,1198.5,17.89699935913086,66.96653310145749
2010-07-13,1213.300048828125,18.23699951171875,66.52958717515354
2010-07-14,1206.800048828125,18.27400016784668,66.03918341598268
2010-07-15,1208.0999755859375,18.34600067138672,65.85086293331204
2010-07-16,1188.0,17.773000717163086,66.84296134938927
2010-07-19,1181.699951171875,17.534000396728516,67.39477155437706
2010-07-20,1191.5,17.684999465942383,67.37348238514681
2010-07-21,1191.5999755859375,17.79800033569336,66.95134021299118
2010-07-22,1195.5,18.114999771118164,65.99503257549347
2010-07-23,1187.699951171875,18.09600067138672,65.63328399129972
2010-07-26,1183.0,18.19499969482422,65.01786314052636
2010-07-27,1158.0,17.621000289916992,65.71704108436032
2010-07-28,1160.4000244140625,17.42300033569336,66.6016186682168
2010-07-29,1168.4000244140625,17.60099983215332,66.38259391830921
2010-07-30,1181.699951171875,17.98699951171875,65.69744722581346
2010-08-02,1183.4000244140625,18.402999877929688,64.30473467715925
2010-08-03,1185.199951171875,18.406999588012695,64.38854662352033
2010-08-04,1193.699951171875,18.26300048828125,65.3616557661394
2010-08-05,1197.199951171875,18.308000564575195,65.39217359914113
2010-08-06,1203.4000244140625,18.458999633789062,65.1931333381278
2010-08-09,1200.699951171875,18.229000091552734,65.86757063698057
2010-08-10,1196.199951171875,18.145999908447266,65.9208617440268
2010-08-11,1197.5,17.889999389648438,66.93683850503096
2010-08-12,1214.800048828125,18.05299949645996,67.2907595807742
2010-08-13,1214.9000244140625,18.097000122070312,67.13267482008929
2010-08-16,1224.5,18.417999267578125,66.48387711446661
2010-08-17,1226.5999755859375,18.586000442504883,65.99590801584128
2010-08-18,1229.699951171875,18.389999389648438,66.8678625331582
2010-08-19,1233.800048828125,18.31800079345703,67.35451443308287
2010-08-20,1227.199951171875,17.98200035095215,68.24601975424245
2010-08-23,1226.9000244140625,17.982999801635742,68.22554845952136
2010-08-24,1231.800048828125,18.368999481201172,67.05863594197108
2010-08-25,1239.5,19.02199935913086,65.16139426768619
2010-08-26,1235.4000244140625,18.97800064086914,65.09642653049697
2010-08-27,1236.0,19.038999557495117,64.91937752650567
2010-08-30,1237.0999755859375,19.038000106811523,64.98056353846331
2010-08-31,1248.300048828125,19.398000717163086,64.35199518905297
2010-09-01,1246.300048828125,19.358999252319336,64.37833033537672
2010-09-02,1251.5,19.63800048828125,63.72848400461229
2010-09-03,1249.199951171875,19.915000915527344,62.72658266351863
2010-09-07,1257.300048828125,19.882999420166016,63.2349286070455
2010-09-08,1255.5999755859375,19.97800064086914,62.849130809283665
2010-09-09,1248.9000244140625,19.81399917602539,63.031193920973344
2010-09-10,1244.5,19.802000045776367,62.84718700752874
2010-09-13,1245.0999755859375,20.110000610351562,61.914467319559705
2010-09-14,1269.699951171875,20.400999069213867,62.23714568410113
2010-09-15,1266.699951171875,20.54199981689453,61.66390626340539
2010-09-16,1271.9000244140625,20.7450008392334,61.3111580120362
2010-09-17,1275.5999755859375,20.790000915527344,61.356417480156786
2010-09-20,1279.0,20.777000427246094,61.55845279392557
2010-09-21,1272.4000244140625,20.6200008392334,61.707079176887525
2010-09-22,1290.199951171875,21.035999298095703,61.33295275821155
2010-09-23,1294.300048828125,21.194000244140625,61.06917212034817
2010-09-24,1296.0,21.382999420166016,60.6088965600289
2010-09-27,1296.699951171875,21.454999923706055,60.43812424996215
2010-09-28,1306.5999755859375,21.687999725341797,60.24529657565485
2010-09-29,1308.5,21.929000854492188,59.669841261005374
2010-09-30,1307.800048828125,21.79800033569336,59.996331254599276
2010-10-01,1316.0999755859375,22.03700065612793,59.722282361504746
2010-10-04,1315.4000244140625,22.01300048828125,59.755598747854634
2010-10-05,1338.9000244140625,22.714000701904297,58.94602373160144
2010-10-06,1346.4000244140625,23.020000457763672,58.48827096612758
2010-10-07,1333.9000244140625,22.565000534057617,59.113671298203236
2010-10-08,1344.199951171875,23.086999893188477,58.22324067184078
2010-10-11,1353.300048828125,23.33099937438965,58.00437551396266
2010-10-12,1345.699951171875,23.128999710083008,58.18236707336815
2010-10-13,1369.5,23.913999557495117,57.26771035131059
2010-10-14,1376.699951171875,24.41699981689453,56.38284643878783
2010-10-15,1371.0999755859375,24.27199935913086,56.48895895632696
2010-10-18,1371.199951171875,24.39699935913086,56.203631069026834
2010-10-19,1335.0999755859375,23.763999938964844,56.18161837295873
2010-10-20,1343.300048828125,23.847999572753906,56.32757769598551
2010-10-21,1324.699951171875,23.12299919128418,57.28927896478057
2010-10-22,1324.4000244140625,23.125,57.2713524070946
2010-10-25,1338.300048828125,23.54400062561035,56.84250820875227
2010-10-26,1338.0,23.823999404907227,56.1618549958661
2010-10-27,1322.199951171875,23.398000717163086,56.50909952327698
2010-10-28,1342.0999755859375,23.871000289916992,56.22303042545036
2010-10-29,1357.0999755859375,24.559999465942383,55.25651486547639
2010-11-01,1350.199951171875,24.54800033569336,55.002441449727904
2010-11-02,1356.4000244140625,24.832000732421875,54.62306638236686
2010-11-03,1337.0999755859375,24.43199920654297,54.72740745783332
2010-11-04,1382.699951171875,26.038999557495117,53.10111658164209
2010-11-05,1397.300048828125,26.743999481201172,52.24723586351816
2010-11-08,1402.800048828125,27.42799949645996,51.14481823616701
2010-11-09,1409.800048828125,28.902000427246094,48.77863220495623
2010-11-10,1399.0999755859375,26.861000061035156,52.086667376747684
2010-11-11,1403.0999755859375,27.400999069213867,51.20616120754433
2010-11-12,1365.4000244140625,25.937999725341797,52.64091444491948
2010-11-15,1368.4000244140625,26.08799934387207,52.453237458988674
2010-11-16,1338.300048828125,25.229000091552734,53.046099487558344
2010-11-17,1336.800048828125,25.506999969482422,52.40914456531639
2010-11-18,1352.9000244140625,26.829999923706055,50.42489855613779
2010-11-19,1352.199951171875,27.174999237060547,49.75896924139672
2010-11-22,1357.699951171875,27.457000732421875,49.44822504115211
2010-11-23,1377.5,27.56800079345703,49.967352015128164
2010-11-24,1372.9000244140625,27.52400016784668,49.880105218785516
2010-11-26,1362.300048828125,26.69499969482422,51.03203088225754
2010-11-29,1366.0,27.148000717163086,50.316780754186766
2010-11-30,1385.0,28.184999465942383,49.13961420058135
2010-12-01,1387.300048828125,28.38800048828125,48.86924140362797
2010-12-02,1388.5,28.54199981689453,48.64760734733526
2010-12-03,1405.4000244140625,29.240999221801758,48.062653870125345
2010-12-06,1415.300048828125,29.704999923706055,47.645179345671224
2010-12-07,1408.300048828125,29.74799919128418,47.34100064251517
2010-12-08,1382.5,28.224000930786133,48.983133305243015
2010-12-09,1392.0999755859375,28.788999557495117,48.35527447925883
2010-12-10,1384.300048828125,28.576000213623047,48.442750506706226
2010-12-13,1397.300048828125,29.599000930786133,47.207676100134286
2010-12-14,1403.5999755859375,29.759000778198242,47.16556130521122
2010-12-15,1385.5,29.225000381469727,47.40804044192533
2010-12-16,1370.4000244140625,28.756999969482422,47.654485025154294
2010-12-17,1378.5999755859375,29.113000869750977,47.35341374644522
2010-12-20,1385.5,29.334999084472656,47.23027248135694
2010-12-21,1388.199951171875,29.375999450683594,47.25626283804859
2010-12-22,1386.800048828125,29.367000579833984,47.22307424818952
2010-12-23,1380.0,29.309999465942383,47.08290771562557
2010-12-27,1382.4000244140625,29.235000610351562,47.2857874312676
2010-12-28,1405.199951171875,30.297000885009766,46.38082681864179
2010-12-29,1413.0999755859375,30.679000854492188,46.060821285808714
2010-12-30,1405.5999755859375,30.488000869750977,46.10338282233913
2010-12-31,1421.0999755859375,30.90999984741211,45.975411924983135
2011-01-03,1422.5999755859375,31.09600067138672,45.748647571099276
2011-01-04,1378.5,29.492000579833984,46.74148829844353
2011-01-05,1373.4000244140625,29.17300033569336,47.07777769205653
2011-01-06,1371.4000244140625,29.110000610351562,47.110958284432
2011-01-07,1368.5,28.660999298095703,47.747811783063895
2011-01-10,1373.699951171875,28.85099983215332,47.613599499624264
2011-01-11,1384.0,29.489999771118164,46.93116347038626
2011-01-12,1385.699951171875,29.531999588012695,46.92198193495652
2011-01-13,1386.9000244140625,29.25200080871582,47.41214228330073
2011-01-14,1360.4000244140625,28.30900001525879,48.055389582139796
2011-01-18,1368.0999755859375,28.900999069213867,47.33746305134741
2011-01-19,1370.199951171875,28.79199981689453,47.589606831265364
2011-01-20,1346.5,27.458999633789062,49.0367463475652
2011-01-21,1341.0,27.416000366210938,48.91304282490184
2011-01-24,1344.5,27.31800079345703,49.21663229184849
2011-01-25,1332.300048828125,26.81100082397461,49.692290771807805
2011-01-26,1333.0,27.131999969482422,49.13017844240506
2011-01-27,1318.4000244140625,27.045000076293945,48.748383090954185
2011-01-28,1340.699951171875,27.93400001525879,47.995272801586786
2011-01-31,1333.800048828125,28.173999786376953,47.341522642910675
2011-02-01,1339.5999755859375,28.52400016784668,46.96395904162084
2011-02-02,1331.5,28.298999786376953,47.05113290403217
2011-02-03,1352.300048828125,28.732999801635742,47.064353118853255
2011-02-04,1348.300048828125,29.06399917602539,46.390726914839874
2011-02-07,1347.5999755859375,29.347999572753906,45.91794995243976
2011-02-08,1363.4000244140625,30.270999908447266,45.03980801881603
2011-02-09,1364.800048828125,30.273000717163086,45.083077874548465
2011-02-10,1361.9000244140625,30.090999603271484,45.25938128908144
2011-02-11,1359.9000244140625,29.992000579833984,45.34209116174904
2011-02-14,1364.5999755859375,30.52899932861328,44.6984835925155
2011-02-15,1373.5999755859375,30.69300079345703,44.75287329607583
2011-02-16,1374.699951171875,30.6299991607666,44.88083541747865
2011-02-17,1384.699951171875,31.57200050354004,43.85847995335659
2011-02-18,1388.199951171875,32.29800033569336,42.98098757642711
2011-02-22,1400.5,32.86399841308594,42.615021531961325
2011-02-23,1413.4000244140625,33.301998138427734,42.441898487259735
2011-02-24,1415.300048828125,33.17900085449219,42.65649996619787
2011-02-25,1408.699951171875,32.89799880981445,42.82023229788731
2011-02-28,1409.300048828125,33.80400085449219,41.690332895635464
2011-03-01,1430.699951171875,34.41600036621094,41.570779170972834
2011-03-02,1437.199951171875,34.82500076293945,41.26920085243283
2011-03-03,1416.0,34.3129997253418,41.26715855023937
2011-03-04,1428.199951171875,35.31700134277344,40.43944550417255
2011-03-07,1434.0999755859375,35.85499954223633,39.997210818441154
2011-03-08,1426.9000244140625,35.65299987792969,40.02187836365932
2011-03-09,1429.300048828125,36.042999267578125,39.65541375225751
2011-03-10,1412.199951171875,35.06399917602539,40.27492540375858
2011-03-11,1421.5,35.93299865722656,39.55973765396056
2011-03-14,1424.5999755859375,35.82500076293945,39.76552533837402
2011-03-15,1392.5999755859375,34.11600112915039,40.81955473955098
2011-03-16,1396.0,34.47100067138672,40.497808964355805
2011-03-17,1404.0,34.2599983215332,40.98073755939309
2011-03-18,1415.9000244140625,35.060001373291016,40.38505330729126
2011-03-21,1426.199951171875,36.00199890136719,39.61446571561655
2011-03-22,1427.5,36.270999908447266,39.35651081037733
2011-03-23,1437.9000244140625,37.20199966430664,38.651148792779864
2011-03-24,1434.800048828125,37.38800048828125,38.375950307314326
2011-03-25,1426.0999755859375,37.05799865722656,38.48291940363159
2011-03-28,1419.800048828125,37.09700012207031,38.27263779163199
2011-03-29,1416.0,36.97700119018555,38.29407346250229
2011-03-30,1423.800048828125,37.500999450683594,37.9669894051896
2011-03-31,1438.9000244140625,37.87200164794922,37.99376747471121
2011-04-01,1428.0999755859375,37.73699951171875,37.84349561608519
2011-04-04,1432.199951171875,38.48400115966797,37.215463777525564
2011-04-05,1451.800048828125,39.17499923706055,37.05935104281215
2011-04-06,1457.699951171875,39.38399887084961,37.01249220405609
2011-04-07,1458.5,39.54199981689453,36.88483148939898
2011-04-08,1473.4000244140625,40.599998474121094,36.29064235933961
2011-04-11,1467.4000244140625,40.604000091552734,36.139297140809056
2011-04-12,1452.9000244140625,40.05799865722656,36.26991045774464
2011-04-13,1454.9000244140625,40.23500061035156,36.16005970780946
2011-04-14,1471.699951171875,41.6609992980957,35.325603705313554
2011-04-15,1485.300048828125,42.566001892089844,34.8940464879353
2011-04-18,1492.300048828125,42.957000732421875,34.73939109770782
2011-04-19,1494.5,43.91899871826172,34.028553555766294
2011-04-20,1498.300048828125,44.46500015258789,33.69616650593721
2011-04-21,1503.199951171875,46.0620002746582,32.63427428701758
2011-04-25,1508.5999755859375,47.1510009765625,31.99507845731254
2011-04-26,1503.0,45.05799865722656,33.3570075189956
2011-04-27,1516.699951171875,45.9640007019043,32.9975617442073
2011-04-28,1530.800048828125,47.52000045776367,32.21380543101463
2011-04-29,1556.0,48.58399963378906,32.027005016644154
2011-05-02,1556.699951171875,46.077999114990234,33.784017992774444
2011-05-03,1540.0999755859375,42.57600021362305,36.17296053782787
2011-05-04,1514.9000244140625,39.382999420166016,38.46583669902907
2011-05-05,1480.9000244140625,36.23099899291992,40.87383913160806
2011-05-06,1491.199951171875,35.28300094604492,42.26397730318436
2011-05-09,1502.9000244140625,37.11000061035156,40.49851791149902
2011-05-10,1516.5999755859375,38.47999954223633,39.412681747079816
2011-05-11,1501.0999755859375,35.50899887084961,42.27379040016346
2011-05-12,1506.5999755859375,34.792999267578125,43.30181379303691
2011-05-13,1493.4000244140625,35.01100158691406,42.65516428333902
2011-05-16,1490.4000244140625,34.12900161743164,43.66960513878114
2011-05-17,1479.800048828125,33.487998962402344,44.18896603793874
2011-05-18,1495.5999755859375,35.09400177001953,42.61696871696218
2011-05-19,1492.199951171875,34.926998138427734,42.72339538765319
2011-05-20,1508.800048828125,35.082000732421875,43.00781076701053
2011-05-23,1515.300048828125,34.9010009765625,43.41709425026844
2011-05-24,1523.199951171875,36.12099838256836,42.169375692200035
2011-05-25,1526.5999755859375,37.63999938964844,40.55791711850493
2011-05-26,1522.800048828125,37.32600021362305,40.79730054420193
2011-05-27,1536.300048828125,37.856998443603516,40.58166553053032
2011-05-31,1535.9000244140625,38.303001403808594,40.09868595470805
2011-06-01,1542.4000244140625,37.68899917602539,40.9244091945856
2011-06-02,1532.0,36.20000076293945,42.320441097018396
2011-06-03,1541.699951171875,36.1870002746582,42.60369578772544
2011-06-06,1546.5,36.7760009765625,42.05188054529341
2011-06-07,1543.300048828125,37.040000915527344,41.66576702705119
2011-06-08,1538.0999755859375,36.61899948120117,42.00278536762154
2011-06-09,1542.0999755859375,37.42300033569336,41.20727792408219
2011-06-10,1528.5999755859375,36.32600021362305,42.08005193516128
2011-06-13,1515.0,34.736000061035156,43.61469361290794
2011-06-14,1523.800048828125,35.40999984741211,43.033043078069646
2011-06-15,1525.5999755859375,35.40599822998047,43.0887434856763
2011-06-16,1529.300048828125,35.553001403808594,43.01465385322713
2011-06-17,1538.5999755859375,35.73899841308594,43.05100993044547
2011-06-20,1541.5,36.064998626708984,42.742272527313986
2011-06-21,1546.0,36.37300109863281,42.504053921965514
2011-06-22,1552.9000244140625,36.73400115966797,42.27418673136719
2011-06-23,1520.0999755859375,35.005001068115234,43.425222945373385
2011-06-24,1500.5,34.64099884033203,43.31572559198232
2011-06-27,1496.0,33.58000183105469,44.55032514669203
2011-06-28,1499.699951171875,33.632999420166016,44.59013400608777
2011-06-29,1509.9000244140625,34.75,43.45036041479317
2011-06-30,1502.300048828125,34.8120002746582,43.15466037502423
2011-07-01,1482.300048828125,33.694000244140625,43.99299691599832
2011-07-05,1512.300048828125,35.402000427246094,42.71792640463979
2011-07-06,1528.699951171875,35.9109992980957,42.569128708510746
2011-07-07,1530.199951171875,36.52799987792969,41.89115079625331
2011-07-08,1541.199951171875,36.5359992980957,42.183051805899396
2011-07-11,1548.800048828125,35.68899917602539,43.397127534709746
2011-07-12,1561.9000244140625,35.62900161743164,43.837883564211246
2011-07-13,1585.199951171875,38.14799880981445,41.55394779880421
2011-07-14,1589.0,38.68899917602539,41.07110635688565
2011-07-15,1589.800048828125,39.0629997253418,40.698360597144706
2011-07-18,1602.0999755859375,40.33300018310547,39.72181509713277
2011-07-19,1600.9000244140625,40.21099853515625,39.81249117736792
2011-07-20,1596.699951171875,39.54600143432617,40.375762232839286
2011-07-21,1586.800048828125,38.9370002746582,40.75301224118386
2011-07-22,1601.300048828125,40.112998962402344,39.91972902173217
2011-07-25,1612.0,40.354000091552734,39.94647361705881
2011-07-26,1616.5999755859375,40.691001892089844,39.72868448589853
2011-07-27,1615.0,40.553001403808594,39.82442591409091
2011-07-28,1613.4000244140625,39.77899932861328,40.559090264835646
2011-07-29,1628.300048828125,40.09199905395508,40.614089774789946
2011-08-01,1619.0,39.29800033569336,41.198024992877414
2011-08-02,1641.9000244140625,40.08100128173828,40.964546091869856
2011-08-03,1663.4000244140625,41.74700164794922,39.844778277526316
2011-08-04,1656.199951171875,39.417999267578125,42.01633725570956
2011-08-05,1648.800048828125,38.196998596191406,43.165696505602554
2011-08-08,1710.199951171875,39.374000549316406,43.43475205243189
2011-08-09,1740.0,37.87699890136719,45.938169613992144
2011-08-10,1781.300048828125,39.32500076293945,45.29688529610538
2011-08-11,1748.800048828125,38.65599822998047,45.240069559807836
2011-08-12,1740.199951171875,39.10100173950195,44.50525239136854
2011-08-15,1755.5,39.29800033569336,44.67148417232631
2011-08-16,1782.4000244140625,39.82099914550781,44.760303926606376
2011-08-17,1791.199951171875,40.349998474121094,44.391574198464475
2011-08-18,1818.9000244140625,40.6870002746582,44.70469713017796
2011-08-19,1848.9000244140625,42.428001403808594,43.577353710752305
2011-08-22,1888.699951171875,43.32099914550781,43.59779295089791
2011-08-23,1858.300048828125,42.28099822998047,43.951186741623516
2011-08-24,1754.0999755859375,39.15700149536133,44.79658575986045
2011-08-25,1759.800048828125,40.7400016784668,43.19587570754251
2011-08-26,1794.0999755859375,40.946998596191406,43.81517662085278
2011-08-29,1788.4000244140625,40.54100036621094,44.11336691890346
2011-08-30,1826.699951171875,41.39799880981445,44.12532015288645
2011-08-31,1828.5,41.69900131225586,43.84997104145468
2011-09-01,1826.0,41.481998443603516,44.01909427007289
2011-09-02,1873.699951171875,43.02000045776367,43.5541592569587
2011-09-06,1869.9000244140625,41.81800079345703,44.71519414927728
2011-09-07,1814.199951171875,41.571998596191406,43.63995026541932
2011-09-08,1854.4000244140625,42.479000091552734,43.65451212169243
2011-09-09,1856.4000244140625,41.573001861572266,44.65398073960144
2011-09-12,1809.9000244140625,40.16400146484375,45.06274171905654
2011-09-13,1826.800048828125,41.12300109863281,44.422829074331815
2011-09-14,1823.5,40.46900177001953,45.059179130800686
2011-09-15,1778.5,39.452999114990234,45.078955716810285
2011-09-16,1812.0999755859375,40.78099822998047,44.43490974317931
2011-09-19,1776.4000244140625,39.11000061035156,45.4206084554212
2011-09-20,1806.5999755859375,40.08100128173828,45.07372365492928
2011-09-21,1805.5,40.41999816894531,44.66848297353872
2011-09-22,1739.199951171875,36.53799819946289,47.59976016413076
2011-09-23,1637.5,30.051000595092773,54.49069806572092
2011-09-26,1592.5,29.927000045776367,53.21281777539047
2011-09-27,1650.5999755859375,31.496999740600586,52.40499060798683
2011-09-28,1616.300048828125,30.084999084472656,53.7244506569496
2011-09-29,1615.5,30.472000122070312,53.015883221591444
2011-09-30,1620.4000244140625,30.041000366210938,53.93961601347442
2011-10-03,1656.0,30.75,53.853658536585364
2011-10-04,1614.699951171875,29.795000076293945,54.19365487622847
2011-10-05,1640.300048828125,30.316999435424805,54.104960232689365
2011-10-06,1651.9000244140625,31.969999313354492,51.67031779459663
2011-10-07,1634.5,30.95800018310547,52.79733801707212
2011-10-10,1669.5999755859375,31.944000244140625,52.26646515231562
2011-10-11,1659.699951171875,31.96299934387207,51.925663587327634
2011-10-12,1681.300048828125,32.75400161743164,51.331134084494245
2011-10-13,1667.300048828125,31.632999420166016,52.70761797457696
2011-10-14,1681.800048828125,32.13999938964844,52.32732049676997
2011-10-17,1675.5,31.791000366210938,52.70359475006659
2011-10-18,1651.699951171875,31.801000595092773,51.93861577508821
2011-10-19,1646.0,31.25200080871582,52.668627844811446
2011-10-20,1611.9000244140625,30.266000747680664,53.25778049938049
2011-10-21,1635.0999755859375,31.17300033569336,52.45244147108078
2011-10-24,1651.5,31.6200008392334,52.22960013178922
2011-10-25,1699.5999755859375,33.034000396728516,51.450019833330735
2011-10-26,1722.699951171875,33.29100036621094,51.74671629634621
2011-10-27,1746.699951171875,35.095001220703125,49.77061947333593
2011-10-28,1746.199951171875,35.27000045776367,49.509496130088635
2011-10-31,1724.199951171875,34.33700180053711,50.21405075456834
2011-11-01,1711.0,32.72200012207031,52.28897969613923
2011-11-02,1728.699951171875,33.92900085449219,50.95051158699228
2011-11-03,1764.199951171875,34.487998962402344,51.15402471146982
2011-11-04,1755.300048828125,34.06999969482422,51.52040107281783
2011-11-07,1790.300048828125,34.8120002746582,51.42766961688767
2011-11-08,1798.4000244140625,35.137001037597656,51.182513342266176
2011-11-09,1790.9000244140625,34.347999572753906,52.13986394231442
2011-11-10,1758.9000244140625,34.095001220703125,51.588208283917744
2011-11-11,1787.5,34.67100143432617,51.556053360208914
2011-11-14,1777.800048828125,34.01300048828125,52.2682510600805
2011-11-15,1781.699951171875,34.448001861572266,51.72143099421428
2011-11-16,1773.800048828125,33.81399917602539,52.45756467888526
2011-11-17,1719.800048828125,31.493000030517578,54.60896221895633
2011-11-18,1724.699951171875,32.41299819946289,53.21013318664407
2011-11-21,1678.300048828125,31.113000869750977,53.942082149324925
2011-11-22,1702.199951171875,32.948001861572266,51.66322250203511
2011-11-23,1695.699951171875,31.881999969482422,53.18674966423078
2011-11-25,1685.5,31.011999130249023,54.34993058399669
2011-11-28,1710.800048828125,32.15999984741211,53.19651918362157
2011-11-29,1713.4000244140625,31.85300064086914,53.79085140932301
2011-11-30,1745.5,32.73099899291992,53.32865032251448
2011-12-01,1735.300048828125,32.69499969482422,53.075395779949545
2011-12-02,1747.0,32.62099838256836,53.55446143958433
2011-12-05,1730.699951171875,32.305999755859375,53.57209076490431
2011-12-06,1727.9000244140625,32.672000885009766,52.886262781868375
2011-12-07,1740.9000244140625,32.55500030517578,53.475656829813765
2011-12-08,1709.800048828125,31.466999053955078,54.33629199582732
2011-12-09,1712.800048828125,32.17300033569336,53.23718742289357
2011-12-12,1664.199951171875,30.934999465942383,53.79666978834318
2011-12-13,1659.9000244140625,31.19499969482422,53.210451695868045
2011-12-14,1584.300048828125,28.881000518798828,54.85613449564858
2011-12-15,1574.5999755859375,29.225000381469727,53.87852711832029
2011-12-16,1595.5999755859375,29.614999771118164,53.878101905036516
2011-12-19,1594.4000244140625,28.82200050354004,55.318853534064424
2011-12-20,1615.5999755859375,29.496000289916992,54.773527247971295
2011-12-21,1611.9000244140625,29.197999954223633,55.20583693887202
2011-12-22,1608.9000244140625,29.000999450683594,55.47739922377532
2011-12-23,1604.699951171875,29.04599952697754,55.246849043065325
2011-12-27,1594.199951171875,28.69700050354004,55.55284256886763
2011-12-28,1562.9000244140625,27.191999435424805,57.47646575698181
2011-12-29,1539.9000244140625,27.27400016784668,56.46036573063641
2011-12-30,1565.800048828125,27.875,56.17219906109865
2012-01-03,1599.699951171875,29.533000946044922,54.16652219306917
2012-01-04,1611.9000244140625,29.062999725341797,55.46227298101472
2012-01-05,1619.4000244140625,29.264999389648438,55.335727257417055
2012-01-06,1616.0999755859375,28.652999877929688,56.4024703336825
2012-01-09,1607.5,28.749000549316406,55.9149872790351
2012-01-10,1631.0,29.783000946044922,54.762782399084976
2012-01-11,1639.199951171875,29.857999801635742,54.89985806356905
2012-01-12,1647.300048828125,30.091999053955078,54.742127496232776
2012-01-13,1630.4000244140625,29.493000030517578,55.28091488580419
2012-01-17,1655.199951171875,30.106000900268555,54.97907067282092
2012-01-18,1659.5,30.513999938964844,54.384872626315435
2012-01-19,1654.0999755859375,30.48200035095215,54.2648105945012
2012-01-20,1663.699951171875,31.64699935913086,52.5705433331031
2012-01-23,1678.0,32.233001708984375,52.05844665507176
2012-01-24,1664.199951171875,31.930999755859375,52.118629666974094
2012-01-25,1699.800048828125,33.09199905395508,51.36589198061665
2012-01-26,1726.300048828125,33.70199966430664,51.22248133710676
2012-01-27,1731.800048828125,33.74700164794922,51.317153058347785
2012-01-30,1731.0,33.49700164794922,51.676266974359976
2012-01-31,1737.800048828125,33.233001708984375,52.29139588550376
2012-02-01,1747.0999755859375,33.77799987792969,51.723014444306415
2012-02-02,1756.800048828125,34.1510009765625,51.44212464032313
2012-02-03,1737.9000244140625,33.724998474121094,51.531507873829604
2012-02-06,1722.800048828125,33.72200012207031,51.088311564905965
2012-02-07,1746.4000244140625,34.165000915527344,51.11663918089804
2012-02-08,1729.300048828125,33.67300033569336,51.355686502193514
2012-02-09,1739.0,33.88399887084961,51.322159660914785
2012-02-10,1723.300048828125,33.57600021362305,51.325352569211546
2012-02-13,1723.0,33.69599914550781,51.13366701369061
2012-02-14,1715.9000244140625,33.32600021362305,51.48832783457268
2012-02-15,1726.300048828125,33.38600158691406,51.707301466874775
2012-02-16,1726.800048828125,33.354000091552734,51.77190274294735
2012-02-17,1724.5,33.20000076293945,51.942769890687096
2012-02-21,1757.0999755859375,34.41299819946289,51.05919470897371
2012-02-22,1770.0,34.23899841308594,51.6954374262162
2012-02-23,1784.9000244140625,35.54399871826172,50.21663540340554
2012-02-24,1775.0999755859375,35.332000732421875,50.24057338357983
2012-02-27,1773.5999755859375,35.51599884033203,49.93805703056376
2012-02-28,1787.0,37.13999938964844,48.11524042453452
2012-02-29,1709.9000244140625,34.58300018310547,49.443368573018866
2012-03-01,1721.0999755859375,35.611000061035156,48.330571245853065
2012-03-02,1708.800048828125,34.48099899291992,49.5577303076108
2012-03-05,1703.0,33.6510009765625,50.60770706898491
2012-03-06,1671.4000244140625,32.74100112915039,51.04914226113752
2012-03-07,1683.300048828125,33.542999267578125,50.18334930040568
2012-03-08,1698.0999755859375,33.78900146484375,50.25599757224995
2012-03-09,1710.9000244140625,34.17499923706055,50.06291331701636
2012-03-12,1699.199951171875,33.374000549316406,50.91388275915515
2012-03-13,1693.699951171875,33.54399871826172,50.49189172100124
2012-03-14,1642.5,32.14699935913086,51.0934156451362
2012-03-15,1659.0999755859375,32.69300079345703,50.74786453735318
2012-03-16,1655.5,32.573001861572266,50.82429943164258
2012-03-19,1666.9000244140625,32.92599868774414,50.625648145777376
2012-03-20,1646.699951171875,31.80500030517578,51.77487613178547
2012-03-21,1650.0,32.19900131225586,51.24382535963819
2012-03-22,1642.300048828125,31.319000244140625,52.43781844969262
2012-03-23,1662.300048828125,32.24800109863281,51.54738254144378
2012-03-26,1685.5,32.72600173950195,51.50338906098375
2012-03-27,1684.800048828125,32.60100173950195,51.679395077810995
2012-03-28,1657.9000244140625,31.81599998474121,52.10900255246363
2012-03-29,1652.199951171875,31.97800064086914,51.66676834261797
2012-03-30,1669.300048828125,32.46900177001953,51.41211487350019
2012-04-02,1677.5,33.08300018310547,50.70580028157938
2012-04-03,1670.0,33.25,50.225563909774436
2012-04-04,1612.300048828125,31.02899932861328,51.961071375619525
2012-04-05,1628.5,31.715999603271484,51.34632426442651
2012-04-09,1642.5,31.51300048828125,52.12134593818818
2012-04-10,1659.5,31.670000076293945,52.39974726877855
2012-04-11,1659.0,31.51099967956543,52.6482820878528
2012-04-12,1679.5,32.51499938964844,51.65308416197265
2012-04-13,1659.0999755859375,31.3799991607666,52.87125621278717
2012-04-16,1648.699951171875,31.36400032043457,52.56663481468269
2012-04-17,1650.300048828125,31.665000915527344,52.1174799025153
2012-04-18,1638.800048828125,31.47800064086914,52.06175790912227
2012-04-19,1640.5999755859375,31.770999908447266,51.63828586804205
2012-04-20,1642.0999755859375,31.643999099731445,51.89293459434695
2012-04-23,1631.9000244140625,30.524999618530273,53.4610989290042
2012-04-24,1643.0,30.739999771118164,53.44827626003057
2012-04-25,1641.4000244140625,30.35099983215332,54.08059152882311
2012-04-26,1659.5999755859375,31.202999114990234,53.18719426520283
2012-04-27,1664.0,31.347000122070312,53.08322944843569
2012-04-30,1663.4000244140625,30.958999633789062,53.7291270419024
2012-05-01,1661.699951171875,30.87700080871582,53.816753818357185
2012-05-02,1653.4000244140625,30.591999053955078,54.04681209286005
2012-05-03,1634.199951171875,29.958999633789062,54.5478811424916
2012-05-04,1644.699951171875,30.3799991607666,54.13759040835908
2012-05-07,1638.5999755859375,30.07200050354004,54.48922413369352
2012-05-08,1604.0,29.413999557495117,54.53185639935448
2012-05-09,1593.699951171875,29.19700050354004,54.58437249328554
2012-05-10,1595.0999755859375,29.13599967956543,54.74670487124774
2012-05-11,1583.5999755859375,28.857999801635742,54.87559728571954
2012-05-14,1560.5999755859375,28.319000244140625,55.10787676584152
2012-05-15,1556.800048828125,28.054000854492188,55.49297787872706
2012-05-16,1536.199951171875,27.170000076293945,56.54029984755953
2012-05-17,1574.5,27.996000289916992,56.24017658576287
2012-05-18,1591.5999755859375,28.694000244140625,55.468040776606095
2012-05-21,1588.4000244140625,28.304000854492188,56.11927559569601
2012-05-22,1576.300048828125,28.165000915527344,55.96662515849989
2012-05-23,1548.0999755859375,27.507999420166016,56.2781739209661
2012-05-24,1557.300048828125,28.142000198364258,55.33721973744576
2012-05-25,1568.800048828125,28.3700008392334,55.29784992669448
2012-05-29,1548.5999755859375,27.767000198364258,55.771237963154725
2012-05-30,1563.4000244140625,27.961999893188477,55.91159539325031
2012-05-31,1562.5999755859375,27.740999221801758,56.32817920840732
2012-06-01,1620.5,28.496999740600586,56.865635496750976
2012-06-04,1612.199951171875,27.992000579833984,57.5950242132153
2012-06-05,1615.199951171875,28.389999389648438,56.893271782204025
2012-06-06,1632.800048828125,29.47599983215332,55.39422099762047
2012-06-07,1586.5999755859375,28.518999099731445,55.63308761424513
2012-06-08,1590.0999755859375,28.461000442504883,55.869433641243816
2012-06-11,1595.5,28.606000900268555,55.77501047988226
2012-06-12,1612.699951171875,28.94300079345703,55.719859964777676
2012-06-13,1618.0999755859375,28.934999465942383,55.92189408852431
2012-06-14,1618.4000244140625,28.400999069213867,56.983911744442004
2012-06-15,1627.0,28.733999252319336,56.62281764932783
2012-06-18,1625.699951171875,28.665000915527344,56.71375891326977
2012-06-19,1622.199951171875,28.36199951171875,57.19624776460512
2012-06-20,1614.800048828125,28.382999420166016,56.893213607326345
2012-06-21,1564.5,26.83300018310547,58.305071714829594
2012-06-22,1566.0,26.656999588012695,58.74629644006183
2012-06-25,1587.5,27.51799964904785,57.68951305495525
2012-06-26,1574.0,27.03700065612793,58.216516692033785
2012-06-27,1577.5,26.94099998474121,58.55387702362426
2012-06-28,1549.699951171875,26.246999740600586,59.04293696375122
2012-06-29,1603.5,27.579999923706055,58.13995665104158
2012-07-02,1597.199951171875,27.468000411987305,58.14766008503631
2012-07-03,1621.300048828125,28.243000030517578,57.40537644996112
2012-07-05,1608.9000244140625,27.63800048828125,58.21332932880763
2012-07-06,1578.4000244140625,26.888999938964844,58.70058492308609
2012-07-09,1588.5999755859375,27.410999298095703,57.95483624328504
2012-07-10,1579.300048828125,26.85099983215332,58.81717845519322
2012-07-11,1575.199951171875,26.9950008392334,58.35154295985595
2012-07-12,1564.9000244140625,27.13599967956543,57.668781061804744
2012-07-13,1591.5999755859375,27.3439998626709,58.206552939562286
2012-07-16,1591.199951171875,27.297000885009766,58.29211633449766
2012-07-17,1589.0999755859375,27.29199981689453,58.225853226125224
2012-07-18,1570.4000244140625,27.070999145507812,58.01041978440076
2012-07-19,1580.0999755859375,27.194000244140625,58.104727564911855
2012-07-20,1582.5,27.27899932861328,58.011658746591046
2012-07-23,1577.0999755859375,27.018999099731445,58.37003694195367
2012-07-24,1576.0,26.790000915527344,58.82791885559656
2012-07-25,1608.0,27.44499969482422,58.58990773839391
2012-07-26,1615.0,27.430999755859375,58.87499596710941
2012-07-27,1617.9000244140625,27.47800064086914,58.879830652878525
2012-07-30,1619.699951171875,28.013999938964844,57.8175181945019
2012-07-31,1610.5,27.895000457763672,57.73436004915961
2012-08-01,1603.699951171875,27.517000198364258,58.28033359781735
2012-08-02,1587.4000244140625,26.981000900268555,58.8339932340413
2012-08-03,1606.0,27.790000915527344,57.790570244373974
2012-08-06,1612.9000244140625,27.851999282836914,57.90966774180448
2012-08-07,1609.699951171875,28.075000762939453,57.335704627896845
2012-08-08,1612.9000244140625,28.066999435424805,57.466065374210906
2012-08-09,1617.0999755859375,28.09000015258789,57.56852854402553
2012-08-10,1619.699951171875,28.05500030517578,57.73302204787578
2012-08-13,1609.5999755859375,27.760000228881836,57.98270757617971
2012-08-14,1599.4000244140625,27.756000518798828,57.62357668680712
2012-08-15,1603.699951171875,27.80500030517578,57.67667446755443
2012-08-16,1616.0999755859375,28.204999923706055,57.29835064553997
2012-08-17,1616.300048828125,27.9950008392334,57.735309890149125
2012-08-20,1620.0999755859375,28.586000442504883,56.67459422469575
2012-08-21,1639.9000244140625,29.42099952697754,55.739099649227036
2012-08-22,1637.4000244140625,29.548999786376953,55.41304396939206
2012-08-23,1669.5999755859375,30.44700050354004,54.836271158855695
2012-08-24,1669.800048828125,30.606000900268555,54.5579298082512
2012-08-27,1672.4000244140625,31.038999557495117,53.88060337821749
2012-08-28,1666.5,30.868999481201172,53.98620065463661
2012-08-29,1659.800048828125,30.83099937438965,53.83542805968428
2012-08-30,1653.5,30.367000579833984,54.45055383896066
2012-08-31,1684.5999755859375,31.3700008392334,53.70098599038178
2012-09-04,1692.9000244140625,32.347999572753906,52.33399427394451
2012-09-05,1690.800048828125,32.27199935913086,52.39216913747674
2012-09-06,1702.5999755859375,32.61899948120117,52.196572631455844
2012-09-07,1737.5,33.632999420166016,51.660572353181564
2012-09-10,1728.699951171875,33.57400131225586,51.489244165271124
2012-09-11,1731.800048828125,33.50899887084961,51.68164096763467
2012-09-12,1730.5999755859375,33.233001708984375,52.0747415698558
2012-09-13,1769.0999755859375,34.715999603271484,50.959211769872965
2012-09-14,1769.800048828125,34.60300064086914,51.14585486952937
2012-09-17,1767.699951171875,34.29800033569336,51.539446436247744
2012-09-18,1768.4000244140625,34.64400100708008,51.044913203087035
2012-09-19,1769.0,34.51900100708008,51.24713776152347
2012-09-20,1767.699951171875,34.61800003051758,51.06302933773052
2012-09-21,1775.5,34.56700134277344,51.36401570948489
2012-09-24,1762.0999755859375,33.92100143432617,51.94716845248531
2012-09-25,1763.800048828125,33.88600158691406,52.05099351436202
2012-09-26,1750.5999755859375,33.882999420166016,51.66602737489762
2012-09-27,1777.5999755859375,34.595001220703125,51.38314533494353
2012-09-28,1771.0999755859375,34.516998291015625,51.31095006157978
2012-10-01,1780.5,34.88100051879883,51.0449807493456
2012-10-02,1772.699951171875,34.604000091552734,51.22818016650662
2012-10-03,1777.300048828125,34.63100051879883,51.32107135811306
2012-10-04,1794.0999755859375,35.04100036621094,51.20002159858251
2012-10-05,1778.5999755859375,34.51599884033203,51.52972636873655
2012-10-08,1773.5,33.981998443603516,52.189396775569236
2012-10-09,1763.0,33.95100021362305,51.92777794194662
2012-10-10,1763.199951171875,34.073001861572266,51.74771387432178
2012-10-11,1768.800048828125,34.04600143432617,51.95323897991643
2012-10-12,1758.0,33.632999420166016,52.27009277519032
2012-10-15,1736.0,32.707000732421875,53.0773217086559
2012-10-16,1744.699951171875,32.922000885009766,52.99495487123572
2012-10-17,1751.5,33.196998596191406,52.7607938689055
2012-10-18,1743.300048828125,32.8380012512207,53.087885449889264
2012-10-19,1722.800048828125,32.073001861572266,53.71496114594341
2012-10-22,1725.0999755859375,32.22700119018555,53.52964631755131
2012-10-23,1708.300048828125,31.76799964904785,53.77424035823187
2012-10-24,1700.5,31.594999313354492,53.82180841767694
2012-10-25,1712.0,32.04899978637695,53.41820373214014
2012-10-26,1710.9000244140625,32.01100158691406,53.44725062003277
2012-10-31,1717.5,32.28799819946289,53.19313973538844
2012-11-01,1714.0999755859375,32.22600173950195,53.18996720231756
2012-11-02,1674.0999755859375,30.834999084472656,54.29220124183338
2012-11-05,1682.199951171875,31.113000869750977,54.067428539410415
2012-11-06,1714.0999755859375,32.01900100708008,53.533836836661884
2012-11-07,1713.199951171875,31.650999069213867,54.12783171316262
2012-11-08,1725.4000244140625,32.23099899291992,53.53231604124574
2012-11-09,1730.300048828125,32.59000015258789,53.09297455436575
2012-11-12,1730.300048828125,32.51300048828125,53.21871321755683
2012-11-13,1724.199951171875,32.47800064086914,53.08824179904117
2012-11-14,1729.5,32.87099838256836,52.61476940466651
2012-11-15,1713.300048828125,32.665000915527344,52.450635261231724
2012-11-16,1714.300048828125,32.361000061035156,52.97426054803105
2012-11-19,1734.0,33.180999755859375,52.25882320480099
2012-11-20,1723.199951171875,32.92300033569336,52.34030718955081
2012-11-21,1727.9000244140625,33.34400177001953,51.82041544778416
2012-11-23,1751.300048828125,34.111000061035156,51.341210920069955
2012-11-26,1749.5,34.13800048828125,51.24787553391011
2012-11-27,1742.199951171875,33.981998443603516,51.26831943280875
2012-11-28,1716.5,33.680999755859375,50.963451573357354
2012-11-29,1727.199951171875,34.347999572753906,50.28531421497843
2012-11-30,1710.9000244140625,33.20399856567383,51.52692742803527
2012-12-03,1719.5999755859375,33.680999755859375,51.05549087172759
2012-12-04,1694.4000244140625,32.73400115966797,51.762692136204755
2012-12-05,1692.4000244140625,32.882999420166016,51.46732519102779
2012-12-06,1700.300048828125,33.03900146484375,51.46342121257466
2012-12-07,1704.0,33.053001403808594,51.553563296180826
2012-12-10,1713.0,33.29999923706055,51.441442620021206
2012-12-11,1708.199951171875,32.941001892089844,51.85634476958841
2012-12-12,1716.5999755859375,33.707000732421875,50.92710529818173
2012-12-13,1695.5999755859375,32.279998779296875,52.52788227096926
2012-12-14,1695.800048828125,32.222999572753906,52.627007768141034
2012-12-17,1697.0,32.20600128173828,52.69204286352206
2012-12-18,1669.5,31.594999313354492,52.8406404900392
2012-12-19,1666.5,31.045000076293945,53.68014159782671
2012-12-20,1644.9000244140625,29.61199951171875,55.54842805407667
2012-12-21,1659.0999755859375,30.142000198364258,55.042796253314776
2012-12-24,1658.5999755859375,29.839000701904297,55.58497056103113
2012-12-26,1659.800048828125,29.982999801635742,55.358038215294705
2012-12-27,1662.5999755859375,30.18400001525879,55.082161898537315
2012-12-28,1654.9000244140625,29.920000076293945,55.31082955194456
2012-12-31,1674.800048828125,30.17300033569336,55.50657973005451
2013-01-02,1687.9000244140625,30.95199966430664,54.53282639959841
2013-01-03,1673.699951171875,30.67099952697754,54.569462260260714
2013-01-04,1648.0999755859375,29.895999908447266,55.12777564333142
2013-01-07,1645.5,30.031999588012695,54.791556425593555
2013-01-08,1661.5,30.415000915527344,54.62764918582586
2013-01-09,1654.800048828125,30.201000213623047,54.79288888192779
2013-01-10,1677.300048828125,30.875,54.32550765435223
2013-01-11,1660.0,30.367000579833984,54.66460197924082
2013-01-14,1668.9000244140625,31.079999923706055,53.69691211424748
2013-01-15,1683.4000244140625,31.49799919128418,53.4446653005146
2013-01-16,1682.699951171875,31.513999938964844,53.39531492133231
2013-01-17,1690.4000244140625,31.785999298095703,53.180647509651656
2013-01-18,1686.5999755859375,31.902000427246094,52.868157262811856
2013-01-22,1692.800048828125,32.14699935913086,52.65810441332252
2013-01-23,1686.300048828125,32.409000396728516,52.031843876256865
2013-01-24,1669.5,31.69499969482422,52.67392383892746
2013-01-25,1656.4000244140625,31.18000030517578,53.12379756901751
2013-01-28,1652.4000244140625,30.756000518798828,53.72610211149121
2013-01-29,1660.699951171875,31.159000396728516,53.29760037315694
2013-01-30,1679.9000244140625,32.152000427246094,52.24869376993693
2013-01-31,1660.5999755859375,31.334999084472656,52.99505422385061
2013-02-01,1669.4000244140625,31.941999435424805,52.26347924114728
2013-02-04,1675.300048828125,31.700000762939453,52.84858071002706
2013-02-05,1672.4000244140625,31.858999252319336,52.493802808081355
2013-02-06,1677.699951171875,31.861000061035156,52.65685157270506
2013-02-07,1670.4000244140625,31.386999130249023,53.21948802694632
2013-02-08,1666.0,31.424999237060547,53.015116641124074
2013-02-11,1648.199951171875,30.895000457763672,53.348435887713194
2013-02-12,1648.699951171875,31.003999710083008,53.177008340497785
2013-02-13,1644.199951171875,30.854000091552734,53.28968517187589
2013-02-14,1634.699951171875,30.343000411987305,53.87403780036435
2013-02-15,1608.800048828125,29.839000701904297,53.916016320394164
2013-02-19,1603.5999755859375,29.413000106811523,54.520109127343744
2013-02-20,1577.5999755859375,28.614999771118164,55.13192340397111
2013-02-21,1578.199951171875,28.69499969482422,54.99912765137748
2013-02-22,1572.4000244140625,28.45599937438965,55.25724131935496
2013-02-25,1586.199951171875,28.982999801635742,54.72863271669874
2013-02-26,1615.199951171875,29.256000518798828,55.209185210876896
2013-02-27,1595.199951171875,28.94300079345703,55.115223281633334
2013-02-28,1577.699951171875,28.395000457763672,55.562596433785416
2013-03-01,1571.9000244140625,28.451000213623047,55.24937656361894
2013-03-04,1572.0999755859375,28.457000732421875,55.24475296494613
2013-03-05,1574.5999755859375,28.562999725341797,55.12726221780248
2013-03-06,1574.5999755859375,28.760000228881836,54.74965101024815
2013-03-07,1574.800048828125,28.767000198364258,54.743283552995244
2013-03-08,1576.5999755859375,28.909000396728516,54.53664789337902
2013-03-11,1577.800048828125,28.812000274658203,54.76190593458692
2013-03-12,1591.5,29.131000518798828,54.63252108258254
2013-03-13,1588.300048828125,28.922000885009766,54.91667243711824
2013-03-14,1590.5999755859375,28.77199935913086,55.2829143269516
2013-03-15,1592.5,28.816999435424805,55.262519734873436
2013-03-18,1604.5999755859375,28.840999603271484,55.63607356396638
2013-03-19,1611.300048828125,28.809999465942383,55.92849978122757
2013-03-20,1607.5,28.783000946044922,55.848936773942846
2013-03-21,1613.800048828125,29.179000854492188,55.3068988508452
2013-03-22,1606.199951171875,28.666000366210938,56.03153319795279
2013-03-25,1604.5999755859375,28.78499984741211,55.74431072057823
2013-03-26,1595.800048828125,28.643999099731445,55.71149626390983
2013-03-27,1606.199951171875,28.57699966430664,56.206038773834514
2013-03-28,1594.800048828125,28.29199981689453,56.36929376324229
2013-04-01,1600.0,27.913000106811523,57.32096133978651
2013-04-02,1575.0999755859375,27.216999053955078,57.871919400939596
2013-04-03,1552.800048828125,26.773000717163086,57.99873033405209
2013-04-04,1551.800048828125,26.74799919128418,58.015556144243426
2013-04-05,1575.4000244140625,27.201000213623047,57.916988788708466
2013-04-08,1572.0,27.1200008392334,57.96459997618628
2013-04-09,1586.199951171875,27.865999221801758,56.92241424922119
2013-04-10,1558.300048828125,27.638999938964844,56.38047875354811
2013-04-11,1564.300048828125,27.684999465942383,56.50352461637214
2013-04-12,1501.0,26.32200050354004,57.024541117159046
2013-04-15,1360.5999755859375,23.354999542236328,58.25733257349724
2013-04-16,1386.800048828125,23.621999740600586,58.70798679438415
2013-04-17,1382.199951171875,23.301000595092773,59.319338906972455
2013-04-18,1392.0,23.23900032043457,59.89930637317404
2013-04-19,1395.300048828125,22.954999923706055,60.78414521740741
2013-04-22,1421.0,23.31999969482422,60.93482069450393
2013-04-23,1408.5999755859375,22.812999725341797,61.745495662334825
2013-04-24,1423.4000244140625,22.82900047302246,62.35051885412706
2013-04-25,1461.800048828125,24.139999389648438,60.55509883131832
2013-04-26,1453.5999755859375,23.757999420166016,61.18360177886476
2013-04-29,1467.4000244140625,24.121999740600586,60.83243678774401
2013-04-30,1472.199951171875,24.143999099731445,60.975812047153795
2013-05-01,1446.300048828125,23.30500030517578,62.0596451357659
2013-05-02,1467.699951171875,23.790000915527344,61.69398464436087
2013-05-03,1464.300048828125,23.975000381469727,61.076122024168235
2013-05-06,1468.0999755859375,23.917999267578125,61.380551072096154
2013-05-07,1449.0,23.770999908447266,60.95662805859013
2013-05-08,1473.9000244140625,23.892000198364258,61.69010598430229
2013-05-09,1468.800048828125,23.878999710083008,61.51011628045366
2013-05-10,1436.800048828125,23.631999969482422,60.798918867787776
2013-05-13,1434.5,23.670000076293945,60.60414006659362
2013-05-14,1424.699951171875,23.354999542236328,61.0019258872336
2013-05-15,1396.5,22.64299964904785,61.6746907055101
2013-05-16,1387.0999755859375,22.64299964904785,61.259550284198575
2013-05-17,1364.9000244140625,22.339000701904297,61.0994217076913
2013-05-20,1384.300048828125,22.56800079345703,61.33906416865532
2013-05-21,1377.800048828125,22.441999435424805,61.393818888225304
2013-05-22,1367.5999755859375,22.45800018310547,60.895892975134316
2013-05-23,1392.0,22.493999481201172,61.88317027229111
2013-05-24,1386.800048828125,22.48200035095215,61.68490468729095
2013-05-28,1379.0999755859375,22.18000030517578,62.17763555504188
2013-05-29,1391.300048828125,22.44499969482422,61.98708254600496
2013-05-30,1411.5,22.673999786376953,62.2519190834632
2013-05-31,1392.5999755859375,22.22800064086914,62.65070791051971
2013-06-03,1411.699951171875,22.71500015258789,62.14835754738227
2013-06-04,1397.0999755859375,22.399999618530273,62.3705356865361
2013-06-05,1398.4000244140625,22.46500015258789,62.24794190588829
2013-06-06,1415.699951171875,22.701000213623047,62.3628887648
2013-06-07,1383.0,21.73699951171875,63.624236604247216
2013-06-10,1386.199951171875,21.92099952697754,63.23616537037551
2013-06-11,1377.0,21.645000457763672,63.61746227203682
2013-06-12,1391.800048828125,21.79599952697754,63.855756975285935
2013-06-13,1377.5999755859375,21.582000732421875,63.830966955552825
2013-06-14,1387.300048828125,21.952999114990234,63.19410125065011
2013-06-17,1382.800048828125,21.756999969482422,63.55655884394527
2013-06-18,1366.5999755859375,21.676000595092773,63.046684723533446
2013-06-19,1373.5999755859375,21.621999740600586,63.52788789496968
2013-06-20,1285.9000244140625,19.82200050354004,64.8723636236621
2013-06-21,1291.5999755859375,19.95800018310547,64.71590158012336
2013-06-24,1276.800048828125,19.493000030517578,65.50043845632844
2013-06-25,1274.800048828125,19.525999069213867,65.28731484157801
2013-06-26,1229.5999755859375,18.586999893188477,66.15376244966491
2013-06-27,1211.4000244140625,18.533000946044922,65.36448295345197
2013-06-28,1223.800048828125,19.451000213623047,62.91707549162447
2013-07-01,1255.9000244140625,19.559999465942383,64.20756946342557
2013-07-02,1243.5999755859375,19.29800033569336,64.44190869277732
2013-07-03,1252.0999755859375,19.68899917602539,63.59388633174286
2013-07-05,1212.9000244140625,18.72599983215332,64.7709086449666
2013-07-08,1234.9000244140625,19.024999618530273,64.90933241392945
2013-07-09,1245.9000244140625,19.125,65.14509931576798
2013-07-10,1247.4000244140625,19.150999069213867,65.13498433715225
2013-07-11,1280.0999755859375,19.94300079345703,64.18793183851837
2013-07-12,1277.800048828125,19.77899932861328,64.60387745600437
2013-07-15,1283.800048828125,19.826000213623047,64.75335594650035
2013-07-16,1290.800048828125,19.92300033569336,64.78944070063444
2013-07-17,1277.9000244140625,19.409000396728516,65.84058932934326
2013-07-18,1284.5999755859375,19.375999450683594,66.29851424467378
2013-07-19,1293.300048828125,19.447999954223633,66.50041402058167
2013-07-22,1336.4000244140625,20.49799919128418,65.19660831005908
2013-07-23,1335.0999755859375,20.246000289916992,65.94388800097224
2013-07-24,1319.699951171875,20.013999938964844,65.93884057142313
2013-07-25,1329.0,20.14699935913086,65.96515820097454
2013-07-26,1321.699951171875,19.764999389648438,66.87073068487376
2013-07-29,1328.4000244140625,19.854000091552734,66.9084324714623
2013-07-30,1324.0,19.666000366210938,67.32431482482963
2013-07-31,1312.4000244140625,19.617000579833984,66.90115642669615
2013-08-01,1311.0,19.614999771118164,66.83660541920392
2013-08-02,1310.5999755859375,19.902999877929688,65.84936861901173
2013-08-05,1302.5999755859375,19.711000442504883,66.08492447582749
2013-08-06,1283.199951171875,19.514999389648438,65.754547338215
2013-08-07,1286.0999755859375,19.49799919128418,65.9606128284608
2013-08-08,1310.699951171875,20.18400001525879,64.93757184804826
2013-08-09,1312.9000244140625,20.39900016784668,64.36099875539402
2013-08-12,1334.699951171875,21.332000732421875,62.56796856111598
2013-08-13,1321.199951171875,21.336000442504883,61.923505988489936
2013-08-14,1334.0,21.7810001373291,61.24603974055996
2013-08-15,1361.5999755859375,22.929000854492188,59.38331042973364
2013-08-16,1371.699951171875,23.316999435424805,58.828322013333036
2013-08-19,1366.199951171875,23.160999298095703,58.9870900468532
2013-08-20,1373.0999755859375,23.06599998474121,59.529176124784556
2013-08-21,1370.5999755859375,22.95800018310547,59.700320788155864
2013-08-22,1371.199951171875,23.030000686645508,59.53972689054229
2013-08-23,1395.699951171875,23.732999801635742,58.808408664617254
2013-08-26,1393.0,24.007999420166016,58.02232729270732
2013-08-27,1420.5999755859375,24.64900016784668,57.633168319704716
2013-08-28,1419.0,24.388999938964844,58.18196742593569
2013-08-29,1412.9000244140625,24.09000015258789,58.65089312846187
2013-08-30,1396.0999755859375,23.46299934387207,59.50219556863956
2013-09-03,1412.0,24.381999969482422,57.91157418453453
2013-09-04,1389.9000244140625,23.368999481201172,59.47623155763027
2013-09-05,1373.0999755859375,23.20599937438965,59.17004277356411
2013-09-06,1386.699951171875,23.841999053955078,58.16206720056217
2013-09-09,1386.800048828125,23.667999267578125,58.59388591108538
2013-09-10,1364.0999755859375,22.965999603271484,59.396499135688515
2013-09-11,1363.9000244140625,23.121000289916992,58.98966339310396
2013-09-12,1330.4000244140625,22.099000930786133,60.20181765595934
2013-09-13,1308.4000244140625,21.670000076293945,60.37840423662002
2013-09-16,1317.9000244140625,21.96299934387207,60.00546663867983
2013-09-17,1309.5,21.735000610351562,60.24844551310178
2013-09-18,1307.800048828125,21.513999938964844,60.78832632417728
2013-09-19,1369.4000244140625,23.242000579833984,58.919197584145486
2013-09-20,1332.5,21.875999450683594,60.9115027180329
2013-09-23,1326.9000244140625,21.80500030517578,60.8530156314238
2013-09-24,1316.0,21.538999557495117,61.09847379341534
2013-09-25,1335.9000244140625,21.83799934387207,61.17318731346732
2013-09-26,1323.5999755859375,21.719999313354492,60.93922732180406
2013-09-27,1338.4000244140625,21.783000946044922,61.442407670513
2013-09-30,1326.5,21.6560001373291,61.25323197211621
2013-10-01,1286.0,21.124000549316406,60.8786198900954
2013-10-02,1320.5999755859375,21.84600067138672,60.450422731865174
2013-10-03,1317.4000244140625,21.73900032043457,60.600763834375215
2013-10-04,1309.699951171875,21.704999923706055,60.34093323084648
2013-10-07,1324.800048828125,22.339000701904297,59.304355933665015
2013-10-08,1324.199951171875,22.39699935913086,59.12398933172368
2013-10-09,1306.9000244140625,21.84600067138672,59.82330789387019
2013-10-10,1296.5999755859375,21.850000381469727,59.340958945041564
2013-10-11,1268.0,21.21500015258789,59.769030915859986
2013-10-14,1276.4000244140625,21.309999465942383,59.89676473028559
2013-10-15,1273.0,21.145999908447266,60.200510995532085
2013-10-16,1282.0,21.31999969482422,60.13133294327516
2013-10-17,1322.699951171875,21.902999877929688,60.388985917161
2013-10-18,1314.4000244140625,21.868999481201172,60.10334517333246
2013-10-21,1315.699951171875,22.232999801635742,59.177797099385366
2013-10-22,1342.5,22.753999710083008,59.000616028183224
2013-10-23,1333.9000244140625,22.582000732421875,59.06916930079314
2013-10-24,1350.199951171875,22.785999298095703,59.25568299673894
2013-10-25,1352.4000244140625,22.60300064086914,59.83276494576339
2013-10-28,1352.0,22.49799919128418,60.09423275842994
2013-10-29,1345.199951171875,22.45199966430664,59.91448295406953
2013-10-30,1349.0,22.945999145507812,58.79020527480917
2013-10-31,1323.5999755859375,21.832000732421875,60.6265999991613
2013-11-01,1313.0999755859375,21.804000854492188,60.222891401850454
2013-11-04,1314.5999755859375,21.67799949645996,60.64212593973964
2013-11-05,1308.0,21.61400032043457,60.516331109858214
2013-11-06,1317.699951171875,21.746000289916992,60.595048910344005
2013-11-07,1308.4000244140625,21.638999938964844,60.464902634342955
2013-11-08,1284.5,21.30699920654297,60.28535447664328
2013-11-11,1281.0,21.27199935913086,60.220009335894396
2013-11-12,1271.0999755859375,20.76799964904785,61.20473791727041
2013-11-13,1268.300048828125,20.43199920654297,62.07420213788846
2013-11-14,1286.199951171875,20.711999893188477,62.0992640886825
2013-11-15,1287.300048828125,20.716999053955078,62.137380296996575
2013-11-18,1272.199951171875,20.349000930786133,62.5190374455758
2013-11-19,1273.4000244140625,20.326000213623047,62.64882470878823
2013-11-20,1257.9000244140625,20.049999237060547,62.73815821842786
2013-11-21,1243.5,19.92799949645996,62.39964027602957
2013-11-22,1244.0,19.856000900268555,62.65108499180088
2013-11-25,1241.0999755859375,19.8799991607666,62.429578872179334
2013-11-26,1241.4000244140625,19.84600067138672,62.55164680125555
2013-11-27,1237.800048828125,19.632999420166016,63.04691516247487
2013-11-29,1250.5999755859375,19.981000900268555,62.58945594507875
2013-12-02,1222.300048828125,19.232999801635742,63.55223113578829
2013-12-03,1221.699951171875,19.01099967956543,64.26279373856691
2013-12-04,1248.199951171875,19.77400016784668,63.12329020819462
2013-12-05,1233.199951171875,19.513999938964844,63.19565209741885
2013-12-06,1230.300048828125,19.46500015258789,63.20575593032068
2013-12-09,1235.300048828125,19.643999099731445,62.88434664227881
2013-12-10,1262.4000244140625,20.256000518798828,62.32227449058745
2013-12-11,1258.5,20.29800033569336,62.00118135710982
2013-12-12,1226.0,19.402000427246094,63.18936052997591
2013-12-13,1235.699951171875,19.55900001525879,63.178074043041775
2013-12-16,1245.5,20.048999786376953,62.12279980402323
2013-12-17,1231.199951171875,19.79199981689453,62.206950412404396
2013-12-18,1236.0999755859375,20.013999938964844,61.76176573176659
2013-12-19,1195.0,19.14299964904785,62.42490842125872
2013-12-20,1205.0999755859375,19.417999267578125,62.060975437262
2013-12-23,1198.4000244140625,19.378000259399414,61.843327916809756
2013-12-24,1205.0999755859375,19.452999114990234,61.94931529387172
2013-12-26,1214.0999755859375,19.885000228881836,61.05607048585929
2013-12-27,1216.0999755859375,20.01300048828125,60.765499720945556
2013-12-30,1203.0999755859375,19.58099937438965,61.442215107748495
2013-12-31,1201.9000244140625,19.339000701904297,62.14902429243473
2014-01-02,1225.0,20.097999572753906,60.951339737348086
2014-01-03,1238.4000244140625,20.18199920654297,61.361612977002565
2014-01-06,1237.800048828125,20.07699966430664,61.65264080911028
2014-01-07,1229.4000244140625,19.764999389648438,62.200863262254316
2014-01-08,1225.300048828125,19.51799964904785,62.777952190807575
2014-01-09,1229.300048828125,19.663000106811523,62.518437784185295
2014-01-10,1246.699951171875,20.201000213623047,61.714763525972934
2014-01-13,1250.9000244140625,20.361000061035156,61.4360797929523
2014-01-14,1245.199951171875,20.250999450683594,61.48832082111591
2014-01-15,1238.0999755859375,20.10300064086914,61.58781953520393
2014-01-16,1240.0,20.024999618530273,61.92259793366274
2014-01-17,1251.699951171875,20.267000198364258,61.76049434651406
2014-01-21,1242.300048828125,19.83799934387207,62.62224467770586
2014-01-22,1239.0,19.80900001525879,62.547326924408274
2014-01-23,1262.5999755859375,19.986000061035156,63.17422054088307
2014-01-24,1264.5,19.743000030517578,64.04801691968848
2014-01-27,1263.5999755859375,19.770999908447266,63.911789056559435
2014-01-28,1251.0,19.482999801635742,64.20982460282987
2014-01-29,1262.199951171875,19.533000946044922,64.61884452155559
2014-01-30,1242.199951171875,19.111000061035156,64.99921234915169
2014-01-31,1240.0999755859375,19.104999542236328,64.90970977750561
2014-02-03,1260.4000244140625,19.388999938964844,65.00593266190674
2014-02-04,1251.699951171875,19.402000427246094,64.51396369490445
2014-02-05,1257.300048828125,19.78499984741211,63.548145490260424
2014-02-06,1257.5999755859375,19.908000946044922,63.17058046130855
2014-02-07,1263.300048828125,19.920000076293945,63.418676907111646
2014-02-10,1274.800048828125,20.099000930786133,63.42604058868829
2014-02-11,1290.0999755859375,20.14299964904785,64.04706339986059
2014-02-12,1295.300048828125,20.33099937438965,63.71059410191984
2014-02-13,1300.4000244140625,20.385000228881836,63.79200440584898
2014-02-14,1319.0,21.410999298095703,61.60385050861741
2014-02-18,1324.699951171875,21.891000747680664,60.51344871989126
2014-02-19,1320.5999755859375,21.8439998626709,60.45595970922451
2014-02-20,1317.0999755859375,21.67799949645996,60.75745023432726
2014-02-21,1323.9000244140625,21.777000427246094,60.7934976553372
2014-02-24,1338.300048828125,22.047000885009766,60.702136123107074
2014-02-25,1343.0,21.959999084472656,61.15665100139282
2014-02-26,1328.199951171875,21.253999710083008,62.491764810826176
2014-02-27,1331.5999755859375,21.31399917602539,62.47536957230251
2014-02-28,1321.4000244140625,21.20400047302246,62.318430245993454
2014-03-03,1350.0999755859375,21.447999954223633,62.94759317733354
2014-03-04,1337.800048828125,21.187999725341797,63.13951605483816
2014-03-05,1340.199951171875,21.23900032043457,63.10089603805106
2014-03-06,1351.699951171875,21.54199981689453,62.74718979951855
2014-03-07,1338.0999755859375,20.89699935913086,64.0331155966304
2014-03-10,1341.4000244140625,20.878999710083008,64.24637401408965
2014-03-11,1346.5,20.784000396728516,64.78541061863838
2014-03-12,1370.300048828125,21.327999114990234,64.24887967409092
2014-03-13,1372.199951171875,21.16900062561035,64.8211965902529
2014-03-14,1379.0,21.384000778198242,64.48746491844221
2014-03-17,1372.9000244140625,21.249000549316406,64.61009877748013
2014-03-18,1359.0,20.836000442504883,65.22364998743599
2014-03-19,1341.4000244140625,20.799999237060547,64.49038815463096
2014-03-20,1330.5,20.40399932861328,65.20780453732866
2014-03-21,1336.0,20.285999298095703,65.85822962763356
2014-03-24,1311.199951171875,20.042999267578125,65.41934835535783
2014-03-25,1311.4000244140625,19.954999923706055,65.71786667140756
2014-03-26,1303.4000244140625,19.759000778198242,65.96487540261715
2014-03-27,1294.699951171875,19.690000534057617,65.75418568082029
2014-03-28,1293.800048828125,19.77199935913086,65.435974649202
2014-03-31,1283.4000244140625,19.733999252319336,65.03496873616353
2014-04-01,1279.5999755859375,19.66900062561035,65.05668487903819
2014-04-02,1290.5,20.0310001373291,64.4251405897136
2014-04-03,1284.4000244140625,19.785999298095703,64.91458960769695
2014-04-04,1303.199951171875,19.927000045776367,65.39870267366689
2014-04-07,1298.0,19.891000747680664,65.25564080285652
2014-04-08,1308.699951171875,20.04199981689453,65.29787262390343
2014-04-09,1305.5,19.7549991607666,66.0845383680259
2014-04-10,1320.0999755859375,20.077999114990234,65.74858221805333
2014-04-11,1318.699951171875,19.933000564575195,66.1566203693116
2014-04-14,1327.199951171875,19.999000549316406,66.36331390156597
2014-04-15,1300.0,19.47800064086914,66.74196309822032
2014-04-16,1303.0999755859375,19.62299919128418,66.40676906131286
2014-04-17,1293.4000244140625,19.586000442504883,66.03696493374773
2014-04-21,1288.0,19.340999603271484,66.59428294399726
2014-04-22,1280.5999755859375,19.35099983215332,66.17745784164147
2014-04-23,1284.199951171875,19.43000030517578,66.09366603199634
2014-04-24,1290.5,19.68199920654297,65.56752626892667
2014-04-25,1300.699951171875,19.684999465942383,66.07569146355607
2014-04-28,1298.9000244140625,19.584999084472656,66.32116850308428
2014-04-29,1296.0,19.488000869750977,66.50246008617715
2014-04-30,1295.5999755859375,19.118999481201172,67.76505103521976
2014-05-01,1283.0999755859375,18.98900032043457,67.57069639970248
2014-05-02,1302.5999755859375,19.492000579833984,66.82741313549828
2014-05-05,1309.0,19.520000457763672,67.05942465689711
2014-05-06,1308.300048828125,19.597999572753906,66.75681586640033
2014-05-07,1288.5999755859375,19.29800033569336,66.77375651209611
2014-05-08,1287.4000244140625,19.0939998626709,67.42432354003269
2014-05-09,1287.300048828125,19.07699966430664,67.47916713741328
2014-05-12,1295.5999755859375,19.5,66.44102438902243
2014-05-13,1294.5999755859375,19.503999710083008,66.37612770864975
2014-05-14,1305.699951171875,19.735000610351562,66.16163723283589
2014-05-15,1293.5,19.44700050354004,66.51411356545897
2014-05-16,1293.300048828125,19.29199981689453,67.03815369599718
2014-05-19,1293.699951171875,19.32200050354004,66.95476231536442
2014-05-20,1294.5,19.367000579833984,66.84049988349288
2014-05-21,1288.0,19.30699920654297,66.71155813605195
2014-05-22,1294.9000244140625,19.489999771118164,66.43920162241092
2014-05-23,1291.5999755859375,19.38800048828125,66.61852398686617
2014-05-27,1265.4000244140625,19.038999557495117,66.46357759464888
2014-05-28,1259.300048828125,19.03499984741211,66.15708216038323
2014-05-29,1256.300048828125,18.982999801635742,66.18026981804378
2014-05-30,1245.5999755859375,18.652999877929688,66.77746119859985
2014-06-02,1243.699951171875,18.708999633789062,66.47602627164054
2014-06-03,1244.300048828125,18.73200035095215,66.42643740741107
2014-06-04,1244.0,18.766000747680664,66.29009647427138
2014-06-05,1253.0,19.05500030517578,65.75701810194441
2014-06-06,1252.0999755859375,18.96299934387207,66.0285829725853
2014-06-09,1253.5,19.045000076293945,65.8177996838278
2014-06-10,1259.800048828125,19.14699935913086,65.79621303571774
2014-06-11,1260.800048828125,19.15399932861328,65.82437574510476
2014-06-12,1273.5999755859375,19.514999389648438,65.26261928870505
2014-06-13,1273.699951171875,19.636999130249023,64.86225022080157
2014-06-16,1274.9000244140625,19.70199966430664,64.7091689237895
2014-06-17,1271.699951171875,19.72100067138672,64.48455493523662
2014-06-18,1272.4000244140625,19.767000198364258,64.3699100341667
2014-06-19,1313.699951171875,20.636999130249023,63.657508675585376
2014-06-20,1316.199951171875,20.941999435424805,62.849774933401726
2014-06-23,1318.0,20.909000396728516,63.03505547812885
2014-06-24,1320.9000244140625,21.038000106811523,62.7863873803476
2014-06-25,1322.199951171875,21.111000061035156,62.63085345787462
2014-06-26,1316.0999755859375,21.10300064086914,62.365537393630724
2014-06-27,1319.0,21.07699966430664,62.58006457312293
2014-06-30,1321.800048828125,21.006999969482422,62.92188559757931
2014-07-01,1326.4000244140625,21.066999435424805,62.96103194381257
2014-07-02,1330.699951171875,21.253999710083008,62.609389730093206
2014-07-03,1320.4000244140625,21.089000701904297,62.61083884808411
2014-07-07,1316.5,20.965999603271484,62.792140842861436
2014-07-08,1316.0,20.966999053955078,62.76530068101273
2014-07-09,1323.800048828125,21.02199935913086,62.972128683522925
2014-07-10,1338.699951171875,21.458999633789062,62.384080060469145
2014-07-11,1337.0,21.410999298095703,62.44453990145677
2014-07-14,1306.300048828125,20.86400032043457,62.61023910878259
2014-07-15,1296.9000244140625,20.841999053955078,62.22531826513813
2014-07-16,1299.5999755859375,20.726999282836914,62.70082600244393
2014-07-17,1316.699951171875,21.086000442504883,62.444272196717236
2014-07-18,1309.199951171875,20.83799934387207,62.82752626906468
2014-07-21,1313.699951171875,20.965999603271484,62.65858895499017
2014-07-22,1306.0999755859375,20.96500015258789,62.2990682604271
2014-07-23,1304.5,20.95199966430664,62.26136029499452
2014-07-24,1290.5999755859375,20.375999450683594,63.339223124225164
2014-07-25,1303.0999755859375,20.58799934387207,63.2941527644744
2014-07-28,1303.300048828125,20.525999069213867,63.49508466961265
2014-07-29,1298.300048828125,20.54599952697754,63.18991914330653
2014-07-30,1294.9000244140625,20.558000564575195,62.98764417028899
2014-07-31,1281.300048828125,20.37299919128418,62.89206791782925
2014-08-01,1293.5999755859375,20.332000732421875,63.62384069380508
2014-08-04,1287.699951171875,20.194000244140625,63.766462097845455
2014-08-05,1284.0,19.79400062561035,64.86813981094373
2014-08-06,1306.699951171875,19.985000610351562,65.38403358842271
2014-08-07,1310.800048828125,19.951000213623047,65.70096911397343
2014-08-08,1308.9000244140625,19.902000427246094,65.767259386758
2014-08-11,1308.5,20.059999465942383,65.22931380040937
2014-08-12,1308.800048828125,19.8700008392334,65.86814260439758
2014-08-13,1312.800048828125,19.809999465942383,66.2695650792474
2014-08-14,1313.9000244140625,19.871000289916992,66.1214838329385
2014-08-15,1304.5,19.489999771118164,66.93176066287657
2014-08-18,1297.699951171875,19.600000381469727,66.20917989362638
2014-08-19,1295.0999755859375,19.386999130249023,66.80249825591766
2014-08-20,1293.4000244140625,19.472000122070312,66.42358341750796
2014-08-21,1273.699951171875,19.389999389648438,65.68849877591299
2014-08-22,1278.5999755859375,19.361000061035156,66.03997580471966
2014-08-25,1277.300048828125,19.33799934387207,66.0513027286291
2014-08-26,1283.800048828125,19.3700008392334,66.27774874577308
2014-08-27,1281.9000244140625,19.395000457763672,66.09435391381636
2014-08-28,1288.699951171875,19.534000396728516,65.97214728160351
2014-08-29,1285.800048828125,19.398000717163086,66.2851841061366
2014-09-02,1263.699951171875,19.070999145507812,66.26291268381397
2014-09-03,1268.9000244140625,19.107999801635742,66.40674259926662
2014-09-04,1265.0999755859375,19.06399917602539,66.36068140292981
2014-09-05,1265.800048828125,19.082000732421875,66.33476576056448
2014-09-08,1252.699951171875,18.886999130249023,66.3260448381965
2014-09-09,1246.800048828125,18.8439998626709,66.16429940110427
2014-09-10,1243.5,18.856000900268555,65.94717546827702
2014-09-11,1237.4000244140625,18.533000946044922,66.76738581174749
2014-09-12,1229.9000244140625,18.54599952697754,66.31618978664454
2014-09-15,1233.5999755859375,18.555999755859375,66.47984435311318
2014-09-16,1235.199951171875,18.6560001373291,66.20925933101506
2014-09-17,1234.4000244140625,18.663000106811523,66.14156445101973
2014-09-18,1225.699951171875,18.45199966430664,66.42640220413924
2014-09-19,1215.300048828125,17.7810001373291,68.34823910027123
2014-09-22,1216.800048828125,17.698999404907227,68.74965194307848
2014-09-23,1221.0,17.71299934387207,68.93242506794384
2014-09-24,1218.5999755859375,17.64299964904785,69.06988606394391
2014-09-25,1221.199951171875,17.378999710083008,70.26871347856431
2014-09-26,1214.0999755859375,17.476999282836914,69.46844569469259
2014-09-29,1217.5,17.516000747680664,69.50787554409143
2014-09-30,1210.5,17.006000518798828,71.18075756036143
2014-10-01,1214.5999755859375,17.209999084472656,70.57524928527066
2014-10-02,1214.199951171875,17.000999450683594,71.41932771035135
2014-10-03,1192.199951171875,16.780000686645508,71.04886188238935
2014-10-06,1206.699951171875,17.18000030517578,70.23864550272069
2014-10-07,1211.699951171875,17.19099998474121,70.48455309449037
2014-10-08,1205.300048828125,17.014999389648438,70.83750173752013
2014-10-09,1224.5999755859375,17.367000579833984,70.51303821616177
2014-10-10,1221.0,17.25200080871582,70.77439965010569
2014-10-13,1229.300048828125,17.29400062561035,71.08245659524715
2014-10-14,1233.5999755859375,17.35300064086914,71.08856854880814
2014-10-15,1244.0999755859375,17.415000915527344,71.43841000184437
2014-10-16,1240.5,17.38800048828125,71.3423030345578
2014-10-17,1238.300048828125,17.281999588012695,71.65259103969927
2014-10-20,1244.0,17.304000854492188,71.89088872918384
2014-10-21,1251.0,17.503999710083008,71.46937961152808
2014-10-22,1244.800048828125,17.18600082397461,72.43104789635638
2014-10-23,1228.5,17.11400032043457,71.78333393701871
2014-10-24,1231.199951171875,17.13599967956543,71.84873798988647
2014-10-27,1229.0999755859375,17.114999771118164,71.81419760577873
2014-10-28,1229.199951171875,17.184999465942383,71.52749428988525
2014-10-29,1224.300048828125,17.2189998626709,71.101693396391
2014-10-30,1198.0999755859375,16.391000747680664,73.09498632995117
2014-10-31,1171.0999755859375,16.07699966430664,72.8431921402571
2014-11-03,1169.4000244140625,16.174999237060547,72.29675916983693
2014-11-04,1167.4000244140625,15.927000045776367,73.2969185068623
2014-11-05,1145.4000244140625,15.418000221252441,74.28979167059701
2014-11-06,1142.300048828125,15.392000198364258,74.21387955475207
2014-11-07,1169.5999755859375,15.699000358581543,74.50155735212779
2014-11-10,1159.5999755859375,15.656999588012695,74.06271993988874
2014-11-11,1162.800048828125,15.663999557495117,74.23391736957328
2014-11-12,1158.9000244140625,15.619000434875488,74.1980915645772
2014-11-13,1161.0999755859375,15.616999626159668,74.34846663126035
2014-11-14,1185.0,16.309999465942383,72.65481537718317
2014-11-17,1183.0,16.05299949645996,73.69339295505974
2014-11-18,1196.699951171875,16.170000076293945,74.00741778141973
2014-11-19,1193.5999755859375,16.290000915527344,73.27194036239857
2014-11-20,1190.699951171875,16.132999420166016,73.80524353602327
2014-11-21,1197.5,16.391000747680664,73.05838236688794
2014-11-24,1195.5,16.37700080871582,72.99871410910332
2014-11-25,1197.0999755859375,16.554000854492188,72.3148431674199
2014-11-26,1196.5999755859375,16.54800033569336,72.31085033307139
2014-11-28,1175.199951171875,15.48900032043457,75.87319561362774
2014-12-01,1218.0,16.648000717163086,73.1619382226669
2014-12-02,1199.199951171875,16.408000946044922,73.08629217631396
2014-12-03,1208.5,16.358999252319336,73.87371203826311
2014-12-04,1207.5,16.520000457763672,73.09321831359443
2014-12-05,1190.0999755859375,16.195999145507812,73.48110881544646
2014-12-08,1194.699951171875,16.215999603271484,73.67414778000187
2014-12-09,1231.5,17.08099937438965,72.09765500292953
2014-12-10,1228.9000244140625,17.132999420166016,71.72708025470503
2014-12-11,1225.0999755859375,17.05900001525879,71.81546248256758
2014-12-12,1222.0,17.018999099731445,71.80210732952462
2014-12-15,1207.199951171875,16.527000427246094,73.04410479603476
2014-12-16,1193.9000244140625,15.71500015258789,75.97200208855584
2014-12-17,1194.300048828125,15.890999794006348,75.15575258383569
2014-12-18,1194.699951171875,15.894000053405762,75.1667262588108
2014-12-19,1195.9000244140625,15.991000175476074,74.78581772815589
2014-12-22,1179.699951171875,15.64900016784668,75.38500469798404
2014-12-23,1177.9000244140625,15.729999542236328,74.88239406818195
2014-12-24,1173.5,15.67300033569336,74.87398550789895
2014-12-26,1195.300048828125,16.11199951171875,74.18694668894116
2014-12-29,1181.699951171875,15.744000434875488,75.05715945956277
2014-12-30,1200.199951171875,16.239999771118164,73.90393892162218
2014-12-31,1183.9000244140625,15.5649995803833,76.0616804581313
2015-01-02,1186.0,15.734000205993652,75.37816095541994
2015-01-05,1203.9000244140625,16.179000854492188,74.41127145251328
2015-01-06,1219.300048828125,16.60300064086914,73.43853531070494
2015-01-07,1210.5999755859375,16.510000228881836,73.32525492447719
2015-01-08,1208.4000244140625,16.35099983215332,73.90373902627115
2015-01-09,1216.0,16.38599967956543,74.20969265100396
2015-01-12,1232.699951171875,16.53499984741211,74.55095025990005
2015-01-13,1234.300048828125,17.125,72.0759152600365
2015-01-14,1234.4000244140625,16.95599937438965,72.80019284964713
2015-01-15,1264.699951171875,17.072999954223633,74.0760238132025
2015-01-16,1276.9000244140625,17.73900032043457,71.98263720324354
2015-01-20,1294.199951171875,17.94700050354004,72.11232600771335
2015-01-21,1293.699951171875,18.179000854492188,71.16452447122201
2015-01-22,1300.699951171875,18.34600067138672,70.89828319915563
2015-01-23,1292.5999755859375,18.284000396728516,70.69568735172514
2015-01-26,1279.4000244140625,17.966999053955078,71.20833148440713
2015-01-27,1291.699951171875,18.06800079345703,71.49102803004295
2015-01-28,1285.9000244140625,18.06800079345703,71.17002257824373
2015-01-29,1254.5999755859375,16.757999420166016,74.86573690151785
2015-01-30,1278.5,17.191999435424805,74.36598662082314
2015-02-02,1276.199951171875,17.235000610351562,74.04699193369177
2015-02-03,1259.699951171875,17.30500030517578,72.79398607089936
2015-02-04,1263.800048828125,17.378999710083008,72.71995338689655
2015-02-05,1262.0,17.18000030517578,73.45750742622513
2015-02-06,1233.9000244140625,16.67799949645996,73.98369478761333
2015-02-09,1240.800048828125,17.054000854492188,72.75712364593241
2015-02-10,1231.5999755859375,16.85700035095215,73.06163314615888
2015-02-11,1219.0,16.7450008392334,72.79784645599378
2015-02-12,1220.0999755859375,16.777999877929688,72.72022794510183
2015-02-13,1226.5,17.277999877929688,70.98622575907575
2015-02-17,1208.0999755859375,16.36199951171875,73.83571761633871
2015-02-18,1199.699951171875,16.25,73.82768930288462
2015-02-19,1207.0999755859375,16.371000289916992,73.7340391062969
2015-02-20,1204.4000244140625,16.26300048828125,74.05767621306572
2015-02-23,1200.300048828125,16.246999740600586,73.87825863187678
2015-02-24,1196.9000244140625,16.18199920654297,73.96490440625608
2015-02-25,1201.0,16.423999786376953,73.12469651857772
2015-02-26,1209.5999755859375,16.58300018310547,72.942167414209
2015-02-27,1212.5999755859375,16.51300048828125,73.43304909646682
2015-03-02,1207.699951171875,16.406999588012695,73.60882437360738
2015-03-03,1204.0,16.257999420166016,74.05585206914134
2015-03-04,1200.5999755859375,16.131999969482422,74.42350470227886
2015-03-05,1195.9000244140625,16.131999969482422,74.13216133625072
2015-03-06,1164.0999755859375,15.784000396728516,73.75189725839184
2015-03-09,1166.4000244140625,15.755000114440918,74.03364112609233
2015-03-10,1160.0999755859375,15.61299991607666,74.30346389686366
2015-03-11,1150.699951171875,15.345000267028809,74.98859114680748
2015-03-12,1152.0999755859375,15.493000030517578,74.36261365239596
2015-03-13,1152.5999755859375,15.47700023651123,74.47179414437693
2015-03-16,1153.300048828125,15.60099983215332,73.9247523387058
2015-03-17,1148.300048828125,15.562000274658203,73.78871793866138
2015-03-18,1151.4000244140625,15.524999618530273,74.16425460260743
2015-03-19,1169.0999755859375,16.097999572753906,72.62392884918793
2015-03-20,1184.800048828125,16.867000579833984,70.24367155383038
2015-03-23,1188.0,16.871999740600586,70.41251886349966
2015-03-24,1191.699951171875,16.96299934387207,70.25290321681112
2015-03-25,1197.300048828125,16.979999542236328,70.51237226773424
2015-03-26,1205.0999755859375,17.121999740600586,70.38313245200798
2015-03-27,1199.800048828125,17.052000045776367,70.3612506220527
2015-03-30,1184.800048828125,16.656999588012695,71.12925965855058
2015-03-31,1183.0999755859375,16.58099937438965,71.3527543709643
2015-04-01,1208.0999755859375,17.04400062561035,70.88124449905523
2015-04-02,1200.9000244140625,16.68600082397461,71.97051211268057
2015-04-06,1218.5999755859375,17.094999313354492,71.2840026050177
2015-04-07,1210.5999755859375,16.825000762939453,71.95244699498228
2015-04-08,1203.0999755859375,16.440000534057617,73.18126134446031
2015-04-09,1193.5999755859375,16.163999557495117,73.84310865267716
2015-04-10,1204.5999755859375,16.3700008392334,73.5858224697775
2015-04-13,1199.300048828125,16.280000686645508,73.66707605927262
2015-04-14,1192.800048828125,16.150999069213867,73.85301947678109
2015-04-15,1201.5,16.268999099731445,73.85211546417956
2015-04-16,1198.0,16.275999069213867,73.60531263890417
2015-04-17,1202.9000244140625,16.22100067138672,74.1569554667448
2015-04-20,1193.5,15.883000373840332,75.1432331365881
2015-04-21,1202.9000244140625,16.00200080871582,75.1718512449317
2015-04-22,1186.9000244140625,15.791000366210938,75.16306737309385
2015-04-23,1194.4000244140625,15.824000358581543,75.48028294667759
2015-04-24,1175.199951171875,15.630999565124512,75.18392833903926
2015-04-27,1203.300048828125,16.389999389648438,73.41672322380334
2015-04-28,1214.0,16.586999893188477,73.18984794221494
2015-04-29,1209.800048828125,16.670000076293945,72.57348789989246
2015-04-30,1182.4000244140625,16.124000549316406,73.3316784998616
2015-05-01,1174.5,16.111000061035156,72.90050248591065
2015-05-04,1186.800048828125,16.417999267578125,72.28652099965612
2015-05-05,1193.199951171875,16.55699920654297,72.06619607134776
2015-05-06,1190.300048828125,16.483999252319336,72.20942142791272
2015-05-07,1182.4000244140625,16.27199935913086,72.66470446058439
2015-05-08,1189.0999755859375,16.441999435424805,72.32088653548936
2015-05-11,1183.199951171875,16.29800033569336,72.59786027741167
2015-05-12,1192.5999755859375,16.510000228881836,72.23500660524873
2015-05-13,1218.4000244140625,17.207000732421875,70.80839033837674
2015-05-14,1225.4000244140625,17.448999404907227,70.2275239959857
2015-05-15,1225.5,17.545000076293945,69.8489595138756
2015-05-18,1227.800048828125,17.711999893188477,69.32023804383047
2015-05-19,1206.9000244140625,17.049999237060547,70.78592835304633
2015-05-20,1208.9000244140625,17.091999053955078,70.72900136478323
2015-05-21,1204.4000244140625,17.111000061035156,70.38747122423892
2015-05-22,1204.300048828125,17.030000686645508,70.71638286970278
2015-05-26,1187.199951171875,16.733999252319336,70.94538091408896
2015-05-27,1185.9000244140625,16.63800048828125,71.27659512026912
2015-05-28,1188.0999755859375,16.652999877929688,71.34450154896913
2015-05-29,1189.4000244140625,16.68400001525879,71.28985994523289
2015-06-01,1188.300048828125,16.663999557495117,71.30941432926602
2015-06-02,1194.0999755859375,16.783000946044922,71.14937188079816
2015-06-03,1184.699951171875,16.464000701904297,71.95699105107833
2015-06-04,1174.9000244140625,16.089000701904297,73.02504650117898
2015-06-05,1167.800048828125,15.970999717712402,73.1200344041703
2015-06-08,1173.199951171875,15.951000213623047,73.55024358722638
2015-06-09,1177.300048828125,15.949000358581543,73.81654162385577
2015-06-10,1186.0999755859375,15.95199966430664,74.35431297305583
2015-06-11,1179.9000244140625,15.95300006866455,73.9610116802835
2015-06-12,1178.800048828125,15.817999839782715,74.52269950486469
2015-06-15,1185.300048828125,16.076000213623047,73.73102967637956
2015-06-16,1180.5,15.958000183105469,73.97543466942558
2015-06-17,1176.4000244140625,15.9399995803833,73.80176006163823
2015-06-18,1201.5,16.148000717163086,74.4054958285314
2015-06-19,1201.5,16.104000091552734,74.60879242233986
2015-06-22,1183.699951171875,16.136999130249023,73.35316446494772
2015-06-23,1176.199951171875,15.732000350952148,74.76480580555592
2015-06-24,1172.5999755859375,15.847999572753906,73.99040933859483
2015-06-25,1171.5,15.805000305175781,74.122111824089
2015-06-26,1172.9000244140625,15.734999656677246,74.5408357169131
2015-06-29,1178.5,15.663999557495117,75.23621254420271
2015-06-30,1171.5,15.550999641418457,75.33277776432021
2015-07-01,1169.0,15.552000045776367,75.16718084870882
2015-07-02,1163.0,15.536999702453613,74.85357676980185
2015-07-06,1172.9000244140625,15.72599983215332,74.58349465424484
2015-07-07,1152.4000244140625,14.949999809265137,77.08361465662844
2015-07-08,1163.300048828125,15.147000312805176,76.80068824219134
2015-07-09,1159.0,15.345000267028809,75.52948711837413
2015-07-10,1157.699951171875,15.468000411987305,74.84483581178904
2015-07-13,1155.199951171875,15.435999870300293,74.83803840880712
2015-07-14,1153.300048828125,15.295000076293945,75.40372952437248
2015-07-15,1147.199951171875,15.027999877929688,76.33750069805814
2015-07-16,1143.800048828125,14.96399974822998,76.43678615828763
2015-07-17,1131.800048828125,14.819999694824219,76.36977544766066
2015-07-20,1106.699951171875,14.744999885559082,75.05594844091873
2015-07-21,1103.4000244140625,14.769000053405762,74.71054373512689
2015-07-22,1091.4000244140625,14.71399974822998,74.17425873922231
2015-07-23,1094.0,14.682999610900879,74.50793632030052
2015-07-24,1085.5999755859375,14.47700023651123,74.98790894870864
2015-07-27,1096.5,14.593999862670898,75.13361726175361
2015-07-28,1096.300048828125,14.630999565124512,74.92994883557672
2015-07-29,1092.699951171875,14.734000205993652,74.16179828254482
2015-07-30,1088.4000244140625,14.690999984741211,74.08617694809936
2015-07-31,1094.9000244140625,14.746000289916992,74.2506444383249
2015-08-03,1089.4000244140625,14.515999794006348,75.04822539773495
2015-08-04,1090.699951171875,14.550000190734863,74.96219497415608
2015-08-05,1085.699951171875,14.545999526977539,74.63907510503465
2015-08-06,1090.199951171875,14.670000076293945,74.314924710436
2015-08-07,1094.0999755859375,14.815999984741211,73.84584076084879
2015-08-10,1104.199951171875,15.288999557495117,72.22185774938843
2015-08-11,1107.5999755859375,15.281000137329102,72.48216514835592
2015-08-12,1123.199951171875,15.472999572753906,72.59096375532093
2015-08-13,1115.699951171875,15.395999908447266,72.46687177230548
2015-08-14,1112.9000244140625,15.210000038146973,73.16896920597553
2015-08-17,1118.5999755859375,15.295000076293945,73.1350094806263
2015-08-18,1117.0999755859375,14.786999702453613,75.54608764890803
2015-08-19,1128.0999755859375,15.175999641418457,74.33447563527336
2015-08-20,1153.0,15.517000198364258,74.30559935943964
2015-08-21,1159.5999755859375,15.300999641418457,75.78589652711334
2015-08-24,1153.4000244140625,14.76200008392334,78.13304551259155
2015-08-25,1138.199951171875,14.609999656677246,77.90554263645588
2015-08-26,1124.5999755859375,14.045000076293945,80.07119754197151
2015-08-27,1122.4000244140625,14.420999526977539,77.83094523471658
2015-08-28,1133.0999755859375,14.53499984741211,77.95665548546124
2015-08-31,1131.5999755859375,14.57699966430664,77.62914191160904
2015-09-01,1138.699951171875,14.61299991607666,77.92376361537654
2015-09-02,1132.5,14.66100025177002,77.24575271481041
2015-09-03,1123.699951171875,14.70199966430664,76.43177641338013
2015-09-04,1120.5999755859375,14.543999671936035,77.04895495482145
2015-09-08,1120.4000244140625,14.75,75.95932368908899
2015-09-09,1102.199951171875,14.567999839782715,75.65897606354686
2015-09-10,1109.5,14.633999824523926,75.81659240836395
2015-09-11,1103.5,14.489999771118164,76.15597083717863
2015-09-14,1107.699951171875,14.357000350952148,77.15399624535169
2015-09-15,1102.800048828125,14.319000244140625,77.01655353203823
2015-09-16,1119.199951171875,14.878000259399414,75.22516007921176
2015-09-17,1117.300048828125,14.975000381469727,74.61101972395858
2015-09-18,1138.0999755859375,15.154000282287598,75.10228021548734
2015-09-21,1133.0999755859375,15.215999603271484,74.46766595224659
2015-09-22,1125.0,14.75,76.27118644067797
2015-09-23,1131.5999755859375,14.779999732971191,76.56292260016532
2015-09-24,1153.800048828125,15.125,76.28430074896694
2015-09-25,1146.0,15.105999946594238,75.86389540921284
2015-09-28,1132.0,14.538000106811523,77.86490519212622
2015-09-29,1127.0999755859375,14.569000244140625,77.3628908434699
2015-09-30,1115.5,14.512999534606934,76.86212607807487
2015-10-01,1114.199951171875,14.505999565124512,76.80959496584069
2015-10-02,1137.0999755859375,15.256999969482422,74.52972260997602
2015-10-05,1138.0999755859375,15.70199966430664,72.48121257912364
2015-10-06,1146.800048828125,15.979000091552734,71.76919971571803
2015-10-07,1149.0,16.08799934387207,71.41969460843215
2015-10-08,1144.699951171875,15.760000228881836,72.63324457788354
2015-10-09,1156.300048828125,15.809000015258789,73.14188422493949
2015-10-12,1164.9000244140625,15.854999542236328,73.47209448419541
2015-10-13,1165.800048828125,15.897000312805176,73.33459306087217
2015-10-14,1180.0999755859375,16.101999282836914,73.28903416632265
2015-10-15,1187.9000244140625,16.152000427246094,73.5450713838669
2015-10-16,1183.5999755859375,16.101999282836914,73.50639847857491
2015-10-19,1173.300048828125,15.829000473022461,74.12344518074866
2015-10-20,1178.0,15.904999732971191,74.06476075306034
2015-10-21,1167.5999755859375,15.696000099182129,74.38837717940494
2015-10-22,1166.5999755859375,15.822999954223633,73.72811596795442
2015-10-23,1163.300048828125,15.817999839782715,73.54280317429215
2015-10-26,1167.0,15.899999618530273,73.39622817600245
2015-10-27,1166.800048828125,15.857999801635742,73.57800879198966
2015-10-28,1177.0999755859375,16.288000106811523,72.26792533563913
2015-10-29,1147.199951171875,15.543999671936035,73.80339522543164
2015-10-30,1141.5,15.565999984741211,73.3329051213524
2015-11-02,1135.800048828125,15.413000106811523,73.69104268844953
2015-11-03,1114.199951171875,15.244000434875488,73.09104692904555
2015-11-04,1106.5,15.062999725341797,73.45814380773298
2015-11-05,1104.4000244140625,14.98799991607666,73.68561720029395
2015-11-06,1087.5999755859375,14.696000099182129,74.00653022902914
2015-11-09,1087.9000244140625,14.418000221252441,75.45429377997058
2015-11-10,1088.199951171875,14.355999946594238,75.80105567150238
2015-11-11,1084.699951171875,14.26200008392334,76.05524784665998
2015-11-12,1080.800048828125,14.223999977111816,75.98425552357048
2015-11-13,1080.800048828125,14.20300006866455,76.09660237998915
2015-11-16,1083.699951171875,14.220999717712402,76.20420312800621
2015-11-17,1068.699951171875,14.170000076293945,75.41989734776242
2015-11-18,1068.800048828125,14.079999923706055,75.90909478831884
2015-11-19,1078.0,14.241999626159668,75.69161833285914
2015-11-20,1076.4000244140625,14.105999946594238,76.30795608176287
2015-11-23,1066.800048828125,14.041999816894531,75.97208821670914
2015-11-24,1074.300048828125,14.168999671936035,75.82045830348544
2015-11-25,1070.5,14.168000221252441,75.55759339939992
2015-11-27,1056.199951171875,14.008000373840332,75.39976606113659
2015-11-30,1065.800048828125,14.050000190734863,75.85765369106234
2015-12-01,1063.800048828125,14.055000305175781,75.68836895979138
2015-12-02,1054.199951171875,13.979000091552734,75.41311569265312
2015-12-03,1061.699951171875,14.053000450134277,75.54969879487412
2015-12-04,1084.5,14.505000114440918,74.76732102334086
2015-12-07,1076.4000244140625,14.307000160217285,75.23589937512902
2015-12-08,1076.300048828125,14.090999603271484,76.38209347321549
2015-12-09,1077.5999755859375,14.163999557495117,76.08020398558311
2015-12-10,1073.0999755859375,14.085000038146973,76.18743150015035
2015-12-11,1076.9000244140625,13.859000205993652,77.70401965564093
2015-12-14,1064.699951171875,13.666000366210938,77.90867281142009
2015-12-15,1062.9000244140625,13.739999771118164,77.35808166811661
2015-12-16,1078.0,14.218000411987305,75.81938168261199
2015-12-17,1050.800048828125,13.682999610900879,76.79603001603397
2015-12-18,1066.199951171875,14.079999923706055,75.72442876059591
2015-12-21,1081.9000244140625,14.300999641418457,75.65205590808289
2015-12-22,1074.800048828125,14.302000045776367,75.15033179891034
2015-12-23,1069.4000244140625,14.277000427246094,74.90369072016202
2015-12-24,1077.199951171875,14.369000434875488,74.9669370568997
2015-12-28,1070.5,13.873000144958496,77.16427512537899
2015-12-29,1077.5,13.916999816894531,77.42329626906869
2015-12-30,1060.0999755859375,13.814000129699707,76.74098491621936
2015-12-31,1060.300048828125,13.774999618530273,76.97278244580119
2016-01-04,1075.0999755859375,13.817000389099121,77.80994031339351
2016-01-05,1078.4000244140625,13.949000358581543,77.31020121098653
2016-01-06,1091.9000244140625,13.956999778747559,78.23314764801444
2016-01-07,1107.699951171875,14.335000038146973,77.27240657301476
2016-01-08,1097.800048828125,13.907999992370605,78.93299176231923
2016-01-11,1096.5,13.854999542236328,79.14110690926913
2016-01-12,1085.5999755859375,13.739999771118164,79.01018876782639
2016-01-13,1087.5,14.145000457763672,76.88228807395416
2016-01-14,1073.9000244140625,13.737000465393066,78.1757289096324
2016-01-15,1091.5,13.883999824523926,78.61567371039828
2016-01-19,1089.9000244140625,14.109999656677246,77.24309361682312
2016-01-20,1107.0999755859375,14.147000312805176,78.25687079287363
2016-01-21,1099.0999755859375,14.083000183105469,78.04444800792248
2016-01-22,1097.199951171875,14.043000221252441,78.13144868511723
2016-01-25,1106.199951171875,14.239999771118164,77.68258208932633
2016-01-26,1121.699951171875,14.543999671936035,77.1245858411491
2016-01-27,1116.0999755859375,14.4399995803833,77.29224432264917
2016-01-28,1115.5999755859375,14.215999603271484,78.47495826668481
2016-01-29,1116.4000244140625,14.229000091552734,78.45948536305306
2016-02-01,1127.9000244140625,14.329000473022461,78.71449418524243
2016-02-02,1127.300048828125,14.276000022888184,78.9646992869688
2016-02-03,1141.300048828125,14.720000267028809,77.53396930192402
2016-02-04,1157.5999755859375,14.836000442504883,78.02641824338545
2016-02-05,1157.800048828125,14.763999938964844,78.42048588556838
2016-02-08,1197.9000244140625,15.416000366210938,77.70498157483448
2016-02-09,1198.699951171875,15.444000244140625,77.61589822731683
2016-02-10,1194.699951171875,15.277000427246094,78.20252129083939
2016-02-11,1247.9000244140625,15.788999557495117,79.0360415091454
2016-02-12,1239.0999755859375,15.78499984741211,78.49857380829074
2016-02-16,1207.9000244140625,15.329000473022461,78.79835521825758
2016-02-17,1211.0999755859375,15.371999740600586,78.78610434706003
2016-02-18,1226.0999755859375,15.427000045776367,79.47753756062387
2016-02-19,1230.4000244140625,15.368000030517578,80.0624688945048
2016-02-22,1209.5,15.178999900817871,79.68245654542959
2016-02-23,1222.300048828125,15.234999656677246,80.22973917773679
2016-02-24,1238.699951171875,15.291999816894531,81.00313667303115
2016-02-25,1238.199951171875,15.164999961853027,81.64852979139593
2016-02-26,1219.800048828125,14.689000129699707,83.04173449912427
2016-02-29,1233.9000244140625,14.895999908447266,82.83432008577947
2016-03-01,1230.300048828125,14.732999801635742,83.50641861079303
2016-03-02,1241.0999755859375,15.003000259399414,82.72345225138456
2016-03-03,1257.4000244140625,15.130999565124512,83.10092264573504
2016-03-04,1269.9000244140625,15.680999755859375,80.98335847110454
2016-03-07,1263.199951171875,15.623000144958496,80.8551455835137
2016-03-08,1262.0999755859375,15.383999824523926,82.03978094006476
2016-03-09,1256.5999755859375,15.354999542236328,81.83653618024948
2016-03-10,1272.0,15.545999526977539,81.82169295661254
2016-03-11,1258.699951171875,15.607000350952148,80.64970352198938
2016-03-14,1244.4000244140625,15.517999649047852,80.19074961703689
2016-03-15,1230.4000244140625,15.255000114440918,80.65552377474732
2016-03-16,1229.300048828125,15.21399974822998,80.80058296117322
2016-03-17,1264.5,16.02199935913086,78.92273440139465
2016-03-18,1253.800048828125,15.805999755859375,79.32431153956801
2016-03-21,1243.800048828125,15.840999603271484,78.51777539160189
2016-03-22,1248.199951171875,15.876999855041504,78.61686480872063
2016-03-23,1223.699951171875,15.262999534606934,80.17427691046503
2016-03-24,1221.4000244140625,15.190999984741211,80.40287180836765
2016-03-28,1219.9000244140625,15.194000244140625,80.28827200292442
2016-03-29,1235.5999755859375,15.237000465393066,81.09207441400855
2016-03-30,1226.9000244140625,15.206000328063965,80.68525568487028
2016-03-31,1234.199951171875,15.460000038146973,79.83182070676149
2016-04-01,1222.199951171875,15.041999816894531,81.25249076250833
2016-04-04,1218.0,14.942000389099121,81.51518995332026
2016-04-05,1228.4000244140625,15.11400032043457,81.27563837306724
2016-04-06,1222.5,15.052000045776367,81.21844248486013
2016-04-07,1236.199951171875,15.156000137329102,81.56505278243729
2016-04-08,1242.5,15.381999969482422,80.77623211969151
2016-04-11,1256.699951171875,15.973999977111816,78.67158839191967
2016-04-12,1259.4000244140625,16.219999313354492,77.64488765280986
2016-04-13,1246.800048828125,16.322999954223633,76.383021033184
2016-04-14,1225.0,16.16900062561035,75.76225818556169
2016-04-15,1233.0999755859375,16.30900001525879,75.6085581232597
2016-04-18,1233.5999755859375,16.249000549316406,75.91851399363975
2016-04-19,1253.0,16.968000411987305,73.84488269547653
2016-04-20,1253.199951171875,17.131000518798828,73.15392640357852
2016-04-21,1249.0,17.086000442504883,73.10078237460769
2016-04-22,1228.699951171875,16.895999908447266,72.72135167079271
2016-04-25,1238.9000244140625,17.0049991607666,72.85504766577193
2016-04-26,1242.199951171875,17.106000900268555,72.61778824952437
2016-04-27,1249.199951171875,17.285999298095703,72.2665742159027
2016-04-28,1265.5,17.55299949645996,72.09594008449795
2016-04-29,1289.199951171875,17.788999557495117,72.47175126431945
2016-05-02,1294.699951171875,17.6560001373291,73.32917654630975
2016-05-03,1290.699951171875,17.474000930786133,73.86401982489811
2016-05-04,1273.300048828125,17.277000427246094,73.69913858542894
2016-05-05,1271.4000244140625,17.302000045776367,73.48283557104874
2016-05-06,1292.9000244140625,17.506999969482422,73.85046133933854
2016-05-09,1265.5999755859375,17.06999969482422,74.14176908097303
2016-05-10,1263.9000244140625,17.075000762939453,74.02049592626095
2016-05-11,1274.5999755859375,17.302000045776367,73.66778246524645
2016-05-12,1270.300048828125,17.086999893188477,74.34307115168383
2016-05-13,1271.9000244140625,17.114999771118164,74.31493084565588
2016-05-16,1273.4000244140625,17.142000198364258,74.28538150032072
2016-05-17,1276.199951171875,17.235000610351562,74.04699193369177
2016-05-18,1273.699951171875,17.1200008392334,74.3983579868159
2016-05-19,1254.199951171875,16.479000091552734,76.1089838099332
2016-05-20,1252.4000244140625,16.518999099731445,75.81573295408819
2016-05-23,1251.0999755859375,16.40999984741211,76.24009672268453
2016-05-24,1228.9000244140625,16.238000869750977,75.68049997480439
2016-05-25,1223.5,16.2549991607666,75.26915184056513
2016-05-26,1220.0999755859375,16.33799934387207,74.67866474383004
2016-05-27,1213.800048828125,16.246000289916992,74.71377737088092
2016-05-31,1214.800048828125,15.972000122070312,76.0581041537496
2016-06-01,1211.9000244140625,15.906000137329102,76.19137520123031
2016-06-02,1209.800048828125,16.0049991607666,75.58888548983707
2016-06-03,1240.0999755859375,16.34600067138672,75.86565059652192
2016-06-06,1244.5999755859375,16.42799949645996,75.76089686721345
2016-06-07,1244.4000244140625,16.37700080871582,75.98461030494633
2016-06-08,1259.800048828125,16.968000411987305,74.24563992455586
2016-06-09,1270.199951171875,17.253000259399414,73.62197484926551
2016-06-10,1273.4000244140625,17.315000534057617,73.54316980293228
2016-06-13,1284.4000244140625,17.42799949645996,73.6975018087965
2016-06-14,1285.5999755859375,17.40999984741211,73.8426184292606
2016-06-15,1285.800048828125,17.48900032043457,73.52050004400567
2016-06-16,1296.0999755859375,17.5939998626709,73.66715844620792
2016-06-17,1292.5,17.399999618530273,74.28161082391873
2016-06-20,1290.0,17.503000259399414,73.7016500532386
2016-06-21,1270.5,17.31100082397461,73.39263702422336
2016-06-22,1268.0,17.30500030517578,73.27361904875274
2016-06-23,1261.199951171875,17.347999572753906,72.70002203324161
2016-06-24,1320.0,17.78499984741211,74.21984882344955
2016-06-27,1322.5,17.739999771118164,74.54904267547474
2016-06-28,1315.300048828125,17.839000701904297,73.73171125486407
2016-06-29,1323.9000244140625,18.36199951171875,72.0999923548163
2016-06-30,1318.4000244140625,18.582000732421875,70.9503806074939
2016-07-01,1336.699951171875,19.54400062561035,68.39438745311288
2016-07-05,1356.4000244140625,19.865999221801758,68.27746287866023
2016-07-06,1364.9000244140625,20.15999984741211,67.70337473932429
2016-07-07,1360.0999755859375,19.79800033569336,68.69885607254206
2016-07-08,1356.5999755859375,20.058000564575195,67.6338586799052
2016-07-11,1355.0,20.263999938964844,66.86735116863696
2016-07-12,1334.0999755859375,20.1299991607666,66.27421913589049
2016-07-13,1342.4000244140625,20.3700008392334,65.90083304407867
2016-07-14,1331.300048828125,20.2810001373291,65.64272175008476
2016-07-15,1326.5,20.125,65.91304347826087
2016-07-18,1328.4000244140625,20.04400062561035,66.27419591659546
2016-07-19,1331.5,19.975000381469727,66.6583216306317
2016-07-20,1318.800048828125,19.582000732421875,67.34756406400244
2016-07-21,1330.5,19.784000396728516,67.25131284469705
2016-07-22,1323.0999755859375,19.656999588012695,67.30935561461757
2016-07-25,1319.300048828125,19.614999771118164,67.25975346534085
2016-07-26,1320.699951171875,19.655000686645508,67.19409336216498
2016-07-27,1326.5999755859375,19.96500015258789,66.44627926105885
2016-07-28,1332.300048828125,20.15999984741211,66.08631244603652
2016-07-29,1349.0,20.312000274658203,66.41394159899892
2016-08-01,1351.4000244140625,20.46500015258789,66.03469407954888
2016-08-02,1364.4000244140625,20.666000366210938,66.02148457545111
2016-08-03,1356.0999755859375,20.43600082397461,66.35838328970026
2016-08-04,1358.800048828125,20.4060001373291,66.58826030008915
2016-08-05,1336.4000244140625,19.780000686645508,67.56319403549539
2016-08-08,1333.4000244140625,19.76799964904785,67.45245083400673
2016-08-09,1339.0,19.81399917602539,67.57848267300666
2016-08-10,1344.300048828125,20.134000778198242,66.76765654463355
2016-08-11,1342.5,19.983999252319336,67.1787455078187
2016-08-12,1335.800048828125,19.672000885009766,67.90361878470716
2016-08-15,1340.300048828125,19.820999145507812,67.6202061757259
2016-08-16,1350.5,19.847999572753906,68.04212157752573
2016-08-17,1342.699951171875,19.62700080871582,68.41085728063038
2016-08-18,1351.199951171875,19.719999313354492,68.51926968662899
2016-08-19,1340.4000244140625,19.301000595092773,69.44717802634831
2016-08-22,1337.699951171875,18.843000411987305,70.99187613034672
2016-08-23,1340.5999755859375,18.90999984741211,70.8937063143024
2016-08-24,1324.4000244140625,18.545000076293945,71.41547689218086
2016-08-25,1320.0999755859375,18.47800064086914,71.44171067221289
2016-08-26,1321.5,18.645000457763672,70.87690895978149
2016-08-29,1322.9000244140625,18.761999130249023,70.50954513057287
2016-08-30,1311.699951171875,18.57699966430664,70.60881600230316
2016-08-31,1306.9000244140625,18.621999740600586,70.1804340360233
2016-09-01,1312.199951171875,18.85700035095215,69.58688692529074
2016-09-02,1322.0999755859375,19.275999069213867,68.58788334854681
2016-09-06,1349.4000244140625,20.048999786376953,67.30510443373655
2016-09-07,1344.300048828125,19.759000778198242,68.03481936755647
2016-09-08,1336.800048828125,19.590999603271484,68.23541809499572
2016-09-09,1330.0999755859375,19.281999588012695,68.98143366898726
2016-09-12,1321.0,18.915000915527344,69.83874893263102
2016-09-13,1319.0,18.889999389648438,69.82530664997273
2016-09-14,1321.5,18.98200035095215,69.61858474171363
2016-09-15,1313.5,18.958999633789062,69.28108156397963
2016-09-16,1305.800048828125,18.7810001373291,69.52771627069625
2016-09-19,1313.5,19.20599937438965,68.39008865904131
2016-09-20,1313.699951171875,19.19499969482422,68.43969638228772
2016-09-21,1326.9000244140625,19.68600082397461,67.40322914129398
2016-09-22,1340.4000244140625,20.020000457763672,66.95304664162788
2016-09-23,1337.199951171875,19.732999801635742,67.76465639355196
2016-09-26,1339.699951171875,19.516000747680664,68.64623385152764
2016-09-27,1325.9000244140625,19.086999893188477,69.4661304465786
2016-09-28,1319.4000244140625,19.04400062561035,69.2816625220929
2016-09-29,1321.699951171875,19.114999771118164,69.14464907129633
2016-09-30,1313.300048828125,19.138999938964844,68.61905287717747
2016-10-03,1309.0,18.795000076293945,69.64618221263197
2016-10-04,1266.300048828125,17.71299934387207,71.48987160473249
2016-10-05,1265.199951171875,17.634000778198242,71.7477540738289
2016-10-06,1249.800048828125,17.288000106811523,72.29292232221239
2016-10-07,1248.9000244140625,17.323999404907227,72.09074505395658
2016-10-11,1253.0,17.45599937438965,71.78047919950795
2016-10-12,1251.0999755859375,17.454999923706055,71.67573652560081
2016-10-13,1255.0,17.40999984741211,72.08500924751864
2016-10-14,1253.0999755859375,17.39299964904785,72.04622554307566
2016-10-17,1254.4000244140625,17.426000595092773,71.98439008244418
2016-10-18,1260.800048828125,17.590999603271484,71.67301900192459
2016-10-19,1267.9000244140625,17.615999221801758,71.97434607313647
2016-10-20,1265.5999755859375,17.50200080871582,72.31173106538091
2016-10-21,1265.9000244140625,17.447999954223633,72.55272969596876
2016-10-24,1262.0,17.562000274658203,71.8596959493876
2016-10-25,1271.9000244140625,17.736000061035156,71.7129014454812
2016-10-26,1264.800048828125,17.584999084472656,71.9249425463393
2016-10-27,1267.9000244140625,17.604000091552734,72.02340478414695
2016-10-28,1275.5,17.761999130249023,71.81061042998246
2016-10-31,1271.5,17.761999130249023,71.58541055407504
2016-11-01,1286.4000244140625,18.385000228881836,69.97008476470933
2016-11-02,1306.800048828125,18.65999984741211,70.03215753023495
2016-11-03,1302.0999755859375,18.382999420166016,70.83174762860207
2016-11-04,1303.300048828125,18.341999053955078,71.05550736287357
2016-11-07,1278.300048828125,18.124000549316406,70.53078846195132
2016-11-08,1273.4000244140625,18.329999923706055,69.47081449614103
2016-11-09,1272.5999755859375,18.35700035095215,69.32505045792679
2016-11-10,1265.5,18.715999603271484,67.61594501096246
2016-11-14,1221.199951171875,16.87700080871582,72.35882518540903
2016-11-15,1224.0,17.02899932861328,71.87738847011123
2016-11-16,1223.4000244140625,16.913999557495117,72.3306170285393
2016-11-17,1216.5,16.76099967956543,72.57920310583413
2016-11-18,1208.5,16.613000869750977,72.74423263291595
2016-11-21,1209.5999755859375,16.511999130249023,73.25581633359104
2016-11-22,1211.0,16.62299919128418,72.85087282173214
2016-11-23,1189.0999755859375,16.382999420166016,72.58133538857733
2016-11-25,1178.199951171875,16.464000701904297,71.56219029045592
2016-11-28,1190.5999755859375,16.577999114990234,71.81807450510524
2016-11-29,1187.9000244140625,16.660999298095703,71.29824587111264
2016-11-30,1170.800048828125,16.4060001373291,71.3641374514051
2016-12-01,1166.9000244140625,16.427000045776367,71.03549163951517
2016-12-02,1175.0999755859375,16.753000259399414,70.14265847257046
2016-12-05,1174.0,16.823999404907227,69.78126732800332
2016-12-06,1167.5999755859375,16.739999771118164,69.74910343788771
2016-12-07,1175.0,17.202999114990234,68.30204385560518
2016-12-08,1169.800048828125,17.024999618530273,68.71072393769082
2016-12-09,1159.4000244140625,16.89699935913086,68.61573465039767
2016-12-12,1163.5,17.115999221801758,67.97733424280452
2016-12-13,1156.699951171875,16.910999298095703,68.39926670105932
2016-12-14,1161.300048828125,17.152000427246094,67.7063910856363
2016-12-15,1127.800048828125,15.897000312805176,70.94420498436249
2016-12-16,1135.300048828125,16.152999877929688,70.28416129559429
2016-12-19,1140.5,16.025999069213867,71.16561002370916
2016-12-20,1131.5,16.054000854492188,70.48087328856636
2016-12-21,1131.0999755859375,15.918000221252441,71.05791932806882
2016-12-22,1128.800048828125,15.8149995803833,71.37528161734967
2016-12-23,1131.9000244140625,15.704000473022461,72.07717717269095
2016-12-27,1137.300048828125,15.928999900817871,71.39808248537503
2016-12-28,1139.4000244140625,15.98799991607666,71.2659513632061
2016-12-29,1156.4000244140625,16.163000106811523,71.5461249008298
2016-12-30,1150.0,15.935999870300293,72.1636552057985
2017-01-03,1160.4000244140625,16.356000900268555,70.94643926040683
2017-01-04,1163.800048828125,16.499000549316406,70.53760895088546
2017-01-05,1179.699951171875,16.583999633789062,71.13482737712414
2017-01-06,1171.9000244140625,16.465999603271484,71.17090080466345
2017-01-09,1183.5,16.6299991607666,71.16657003760447
2017-01-10,1184.199951171875,16.80299949645996,70.47550953157864
2017-01-11,1195.5999755859375,16.783000946044922,71.23874803020209
2017-01-12,1198.9000244140625,16.780000686645508,71.44815109383256
2017-01-13,1195.300048828125,16.719999313354492,71.48924030597432
2017-01-17,1212.0,17.101999282836914,70.8689071935776
2017-01-18,1211.300048828125,17.235000610351562,70.28140446369365
2017-01-19,1200.9000244140625,16.966999053955078,70.77857555099749
2017-01-20,1204.300048828125,16.996999740600586,70.85368401526911
2017-01-23,1215.0,17.149999618530273,70.84548262538816
2017-01-24,1210.300048828125,17.14900016784668,70.57554592001014
2017-01-25,1197.300048828125,16.944000244140625,70.66218316670299
2017-01-26,1189.5,16.81399917602539,70.74462104744686
2017-01-27,1188.0999755859375,17.100000381469727,69.47952918605851
2017-01-30,1193.199951171875,17.121999740600586,69.68811875066768
2017-01-31,1208.5999755859375,17.511999130249023,69.01553424007913
2017-02-01,1205.5999755859375,17.420000076293945,69.20780541365103
2017-02-02,1216.699951171875,17.402000427246094,69.9172463682338
2017-02-03,1218.5,17.452999114990234,69.81608100543824
2017-02-06,1230.0,17.66699981689453,69.6213286210475
2017-02-07,1234.199951171875,17.732999801635742,69.59905063879992
2017-02-08,1237.5999755859375,17.683000564575195,69.9881205718702
2017-02-09,1235.0999755859375,17.719999313354492,69.70090425766085
2017-02-10,1234.4000244140625,17.91200065612793,68.91469289845956
2017-02-13,1224.4000244140625,17.804000854492188,68.77106075318628
2017-02-14,1223.9000244140625,17.871999740600586,68.48142581569518
2017-02-15,1231.699951171875,17.94700050354004,68.62984992555846
2017-02-16,1240.0,18.062999725341797,68.6486197671985
2017-02-17,1237.5999755859375,18.018999099731445,68.68305885005469
2017-02-21,1237.5,17.989999771118164,68.78821655054882
2017-02-22,1232.0,17.941999435424805,68.66570275147434
2017-02-23,1250.199951171875,18.113000869750977,69.02224320320828
2017-02-24,1256.9000244140625,18.334999084472656,68.55195457732486
2017-02-27,1257.4000244140625,18.354000091552734,68.50822807790928
2017-02-28,1252.5999755859375,18.420000076293945,68.00216994559086
2017-03-01,1248.9000244140625,18.44300079345703,67.71674731246182
2017-03-02,1231.9000244140625,17.704999923706055,69.57921658980715
2017-03-03,1225.5,17.69700050354004,69.24902328814737
2017-03-06,1224.5,17.725000381469727,69.08321431011821
2017-03-07,1215.0999755859375,17.492000579833984,69.46603792060188
2017-03-08,1208.5,17.256999969482422,70.02955334861983
2017-03-09,1202.4000244140625,16.993000030517578,70.75854894690066
2017-03-10,1200.699951171875,16.882999420166016,71.11887652721771
2017-03-13,1202.4000244140625,16.934999465942383,71.00088942029102
2017-03-14,1201.9000244140625,16.88800048828125,71.16887669727821
2017-03-15,1200.0999755859375,16.88800048828125,71.06228925198685
2017-03-16,1226.5,17.29599952697754,70.91235161558366
2017-03-17,1229.800048828125,17.378999710083008,70.76356921247978
2017-03-20,1233.5999755859375,17.402999877929688,70.88432938222202
2017-03-21,1246.0999755859375,17.549999237060547,71.00285069839394
2017-03-22,1249.300048828125,17.545000076293945,71.20547411773032
2017-03-23,1246.9000244140625,17.562999725341797,70.99584603505403
2017-03-24,1248.199951171875,17.719999313354492,70.44018056090906
2017-03-27,1255.4000244140625,18.079999923706055,69.43584235130514
2017-03-28,1255.300048828125,18.225000381469727,68.87791618948067
2017-03-29,1253.4000244140625,18.22800064086914,68.76234256892688
2017-03-30,1245.0,18.184999465942383,68.46302098230397
2017-03-31,1247.300048828125,18.235000610351562,68.40142621766974
2017-04-03,1250.800048828125,18.19099998474121,68.75927930720182
2017-04-04,1255.0,18.302000045776367,68.57174062184652
2017-04-05,1245.4000244140625,18.166000366210938,68.55664424242373
2017-04-06,1250.300048828125,18.225000381469727,68.60356777272652
2017-04-07,1254.300048828125,18.1299991607666,69.18367936510641
2017-04-10,1251.0999755859375,17.893999099731445,69.91729286522174
2017-04-11,1271.199951171875,18.232999801635742,69.71973701539949
2017-04-12,1275.300048828125,18.27899932861328,69.76859213686915
2017-04-13,1285.9000244140625,18.48900032043457,69.54946195727246
2017-04-17,1289.4000244140625,18.493000030517578,69.72368043509786
2017-04-18,1291.699951171875,18.250999450683594,70.77420360798347
2017-04-19,1281.4000244140625,18.13599967956543,70.65505332236349
2017-04-20,1281.9000244140625,17.992000579833984,71.24833165306016
2017-04-21,1287.4000244140625,17.829999923706055,72.2041519866967
2017-04-24,1275.800048828125,17.847999572753906,71.48140292291994
2017-04-25,1265.5999755859375,17.58099937438965,71.986805109017
2017-04-26,1262.0999755859375,17.35300064086914,72.73093580216246
2017-04-27,1263.699951171875,17.264999389648438,73.19432353583231
2017-04-28,1266.0999755859375,17.19099998474121,73.64900103017463
2017-05-01,1253.300048828125,16.780000686645508,74.69010712410599
2017-05-02,1255.0999755859375,16.768999099731445,74.8464454032941
2017-05-03,1246.4000244140625,16.48699951171875,75.59896047356204
2017-05-04,1226.5,16.243999481201172,75.50480418442525
2017-05-05,1224.800048828125,16.21500015258789,75.53500075870481
2017-05-08,1225.300048828125,16.198999404907227,75.64047742707739
2017-05-09,1214.300048828125,16.007999420166016,75.8558278868011
2017-05-10,1217.300048828125,16.150999069213867,75.36995350018157
2017-05-11,1222.699951171875,16.208999633789062,75.43339988872917
2017-05-12,1226.199951171875,16.34600067138672,75.01528819329542
2017-05-15,1228.5999755859375,16.56100082397461,74.18633623925368
2017-05-16,1235.0,16.69300079345703,73.98310317483894
2017-05-17,1257.5,16.851999282836914,74.6202262944975
2017-05-18,1251.699951171875,16.621000289916992,75.30834061360372
2017-05-19,1252.699951171875,16.75,74.7880567863806
2017-05-22,1260.699951171875,17.14299964904785,73.54021915539712
2017-05-23,1254.800048828125,17.090999603271484,73.41876297205792
2017-05-24,1252.4000244140625,17.07699966430664,73.33841125685309
2017-05-25,1255.800048828125,17.152000427246094,73.21595251556059
2017-05-26,1267.5999755859375,17.283000946044922,73.34374276453521
2017-05-30,1262.0999755859375,17.38800048828125,72.58453762044334
2017-05-31,1272.0,17.368000030517578,73.23813897771473
2017-06-01,1267.0,17.243000030517578,73.47909283521406
2017-06-02,1276.800048828125,17.48699951171875,73.01424398007728
2017-06-05,1279.300048828125,17.547000885009766,72.90704874364135
2017-06-06,1294.4000244140625,17.677000045776367,73.225095947394
2017-06-07,1290.0999755859375,17.586999893188477,73.35531832723778
2017-06-08,1276.300048828125,17.384000778198242,73.41808511817189
2017-06-09,1268.5,17.19300079345703,73.78002335012631
2017-06-12,1266.0999755859375,16.913999557495117,74.85515009517009
2017-06-13,1265.800048828125,16.738000869750977,75.62432686424859
2017-06-14,1272.800048828125,17.10700035095215,74.40229278754197
2017-06-15,1252.199951171875,16.69099998474121,75.02246434105967
2017-06-16,1254.0,16.63599967956543,75.37869825402385
2017-06-19,1244.199951171875,16.482999801635742,75.48382977280646
2017-06-20,1241.0,16.398000717163086,75.67995766100304
2017-06-21,1243.4000244140625,16.354999542236328,76.025683840774
2017-06-22,1247.5999755859375,16.489999771118164,75.65797409961634
2017-06-23,1256.199951171875,16.628000259399414,75.54726555057485
2017-06-26,1246.300048828125,16.559999465942383,75.2596672114205
2017-06-27,1246.4000244140625,16.576000213623047,75.19305069685653
2017-06-28,1248.0,16.71500015258789,74.66347523824456
2017-06-29,1244.199951171875,16.586000442504883,75.0150680077982
2017-06-30,1240.699951171875,16.56800079345703,74.88531456745507
2017-07-03,1217.9000244140625,16.03700065612793,75.94312992365492
2017-07-05,1220.4000244140625,15.842000007629395,77.03572931614231
2017-07-06,1222.199951171875,15.927000045776367,76.73761208382658
2017-07-07,1208.5999755859375,15.371000289916992,78.62858322751774
2017-07-10,1212.0999755859375,15.57699966430664,77.8134430061882
2017-07-11,1213.5999755859375,15.696999549865723,77.3141371209582
2017-07-12,1218.0999755859375,15.83899974822998,76.9051073267465
2017-07-13,1216.300048828125,15.642000198364258,77.75860078018142
2017-07-14,1226.5999755859375,15.883999824523926,77.2223614414892
2017-07-17,1232.800048828125,16.049999237060547,76.80997554077793
2017-07-18,1241.0999755859375,16.222000122070312,76.50721034685479
2017-07-19,1241.199951171875,16.250999450683594,76.3768379254769
2017-07-20,1244.800048828125,16.298999786376953,76.37278760311139
2017-07-21,1254.300048828125,16.40999984741211,76.43510423468594
2017-07-24,1253.9000244140625,16.398000717163086,76.46664041803943
2017-07-25,1251.699951171875,16.496999740600586,75.87439963954961
2017-07-26,1249.0,16.415000915527344,76.08893879613134
2017-07-27,1259.5999755859375,16.52899932861328,76.20545869376673
2017-07-28,1268.4000244140625,16.663999557495117,76.11618207488266
2017-07-31,1266.5999755859375,16.75,75.61790899020522
2017-08-01,1272.5999755859375,16.72800064086914,76.0760357981321
2017-08-02,1271.800048828125,16.69700050354004,76.16937237071308
2017-08-03,1267.800048828125,16.5939998626709,76.40111240931789
2017-08-04,1258.300048828125,16.222000122070312,77.56750335097001
2017-08-07,1258.199951171875,16.22100067138672,77.5661117745526
2017-08-08,1256.4000244140625,16.360000610351562,76.7970646418615
2017-08-09,1273.0,16.833999633789062,75.6207691394293
2017-08-10,1283.699951171875,17.035999298095703,75.35219558945204
2017-08-11,1287.699951171875,17.041000366210938,75.56480978224371
2017-08-14,1284.199951171875,17.093000411987305,75.1301655776751
2017-08-15,1273.699951171875,16.690000534057617,76.31515341013697
2017-08-16,1276.9000244140625,16.91699981689453,75.48028836288444
2017-08-17,1286.4000244140625,17.030000686645508,75.53728552828683
2017-08-18,1285.699951171875,16.979999542236328,75.71849150960246
2017-08-21,1290.800048828125,16.9950008392334,75.95174963735687
2017-08-22,1285.0999755859375,16.961999893188477,75.7634703265151
2017-08-23,1288.9000244140625,17.031999588012695,75.67520288816847
2017-08-24,1286.5,16.95199966430664,75.89075185677332
2017-08-25,1292.5,17.038000106811523,75.85984222897609
2017-08-28,1309.699951171875,17.430999755859375,75.1362497570814
2017-08-29,1313.0999755859375,17.422000885009766,75.37021632892665
2017-08-30,1308.0999755859375,17.40399932861328,75.16088405239927
2017-08-31,1316.199951171875,17.479999542236328,75.29748201603701
2017-09-01,1324.5,17.7189998626709,74.75026865316255
2017-09-05,1339.199951171875,17.844999313354492,75.04623158879421
2017-09-06,1333.9000244140625,17.81599998474121,74.8709039939662
2017-09-07,1345.0999755859375,18.016000747680664,74.66140762450303
2017-09-08,1346.0,18.027000427246094,74.66577733950953
2017-09-11,1331.0,17.80699920654297,74.74588977972998
2017-09-12,1328.0,17.795000076293945,74.62770409139411
2017-09-13,1323.4000244140625,17.77199935913086,74.46545533067042
2017-09-14,1324.699951171875,17.697999954223633,74.85026300137011
2017-09-15,1320.4000244140625,17.611000061035156,74.9758684820793
2017-09-18,1306.300048828125,17.070999145507812,76.52159300657421
2017-09-19,1306.199951171875,17.19499969482422,75.9639415152213
2017-09-20,1312.0,17.250999450683594,76.05356453408328
2017-09-21,1290.5999755859375,16.937000274658203,76.20003274824192
2017-09-22,1293.300048828125,16.902999877929688,76.51304846288214
2017-09-25,1306.800048828125,17.05900001525879,76.6047275724972
2017-09-26,1297.0,16.804000854492188,77.18399988377024
2017-09-27,1283.4000244140625,16.74799919128418,76.63005053654148
2017-09-28,1285.5,16.773000717163086,76.64102695021073
2017-09-29,1281.5,16.60700035095215,77.16625356285527
2017-10-02,1272.699951171875,16.584999084472656,76.73801757175933
2017-10-03,1271.5,16.58099937438965,76.68415945807877
2017-10-04,1273.699951171875,16.562999725341797,76.9003183175257
2017-10-05,1269.9000244140625,16.582000732421875,76.58303994228494
2017-10-06,1271.5999755859375,16.733999252319336,75.98900635839897
2017-10-09,1281.800048828125,16.916000366210938,75.77441600134223
2017-10-10,1290.5999755859375,17.155000686645508,75.23170643709847
2017-10-11,1285.800048828125,17.08099937438965,75.27662876423881
2017-10-12,1293.300048828125,17.211000442504883,75.14380428659722
2017-10-13,1301.5,17.354999542236328,74.99279944275305
2017-10-16,1299.9000244140625,17.315000534057617,75.07363467054093
2017-10-17,1283.0,16.98699951171875,75.52834737617448
2017-10-18,1279.9000244140625,16.94300079345703,75.54151947560129
2017-10-19,1286.9000244140625,17.201000213623047,74.81541819846316
2017-10-20,1277.4000244140625,17.02199935913086,75.04406488705722
2017-10-23,1277.699951171875,17.02400016784668,75.05286293318264
2017-10-24,1275.0,16.906999588012695,75.41255285201481
2017-10-25,1275.4000244140625,16.868000030517578,75.61062497667828
2017-10-26,1266.300048828125,16.763999938964844,75.53686789778868
2017-10-27,1268.5,16.70199966430664,75.94898967163043
2017-10-30,1274.0999755859375,16.802000045776367,75.83025664294155
2017-10-31,1267.0,16.645000457763672,76.11895254764246
2017-11-01,1274.0999755859375,17.131999969482422,74.36959945455975
2017-11-02,1274.9000244140625,17.0939998626709,74.5817266091204
2017-11-03,1266.5,16.79400062561035,75.41383546625723
2017-11-06,1279.4000244140625,17.19499969482422,74.40535313293249
2017-11-07,1273.699951171875,16.905000686645508,75.34456666293208
2017-11-08,1281.5999755859375,17.106000900268555,74.92107495246402
2017-11-09,1285.5999755859375,16.94300079345703,75.87793869917095
2017-11-10,1272.4000244140625,16.8439998626709,75.54025378698276
2017-11-13,1277.300048828125,17.023000717163086,75.03377753725368
2017-11-14,1281.5,17.052000045776367,75.15247458126863
2017-11-15,1276.5,16.950000762939453,75.30973112349469
2017-11-16,1277.4000244140625,17.055999755859375,74.89446779425684
2017-11-17,1295.800048828125,17.357999801635742,74.65146120729962
2017-11-20,1274.5999755859375,16.82699966430664,75.74731092968484
2017-11-21,1281.0999755859375,16.948999404907227,75.58558148364924
2017-11-22,1291.5999755859375,17.10099983215332,75.52774622905204
2017-11-24,1286.699951171875,16.981000900268555,75.77291578563698
2017-11-27,1293.800048828125,17.009000778198242,76.0656117134458
2017-11-28,1294.699951171875,16.81100082397461,77.0150429905083
2017-11-29,1282.0999755859375,16.457000732421875,77.90605326158108
2017-11-30,1273.199951171875,16.381999969482422,77.71944533901137
2017-12-01,1278.800048828125,16.297000885009766,78.46842850725898
2017-12-04,1274.300048828125,16.284000396728516,78.25472965992644
2017-12-05,1261.5999755859375,15.972999572753906,78.98328487643131
2017-12-06,1262.800048828125,15.868000030517578,79.58155069318684
2017-12-07,1249.800048828125,15.71500015258789,79.52911464797614
2017-12-08,1245.199951171875,15.736000061035156,79.13065241116696
2017-12-11,1243.699951171875,15.696999549865723,79.23169948632088
2017-12-12,1238.5,15.581999778747559,79.48273761941662
2017-12-13,1245.4000244140625,15.784000396728516,78.9026858281245
2017-12-14,1253.800048828125,15.850000381469727,79.1041021231738
2017-12-15,1254.300048828125,15.977999687194824,78.50169441631377
2017-12-18,1262.199951171875,16.1200008392334,78.30024103348
2017-12-19,1260.699951171875,16.06599998474121,78.4700580336881
2017-12-20,1266.0999755859375,16.187999725341797,78.21225581094484
2017-12-21,1267.300048828125,16.152000427246094,78.46087266629667
2017-12-22,1275.4000244140625,16.35700035095215,77.972733205928
2017-12-26,1284.0999755859375,16.520000457763672,77.73002058135339
2017-12-27,1287.0,16.618999481201172,77.44148505785857
2017-12-28,1294.0999755859375,16.832000732421875,76.88331269456496
2017-12-29,1306.300048828125,17.059999465942383,76.5709314021931
2018-01-02,1313.699951171875,17.121000289916992,76.73032702099465
2018-01-03,1316.199951171875,17.184999465942383,76.59004900060367
2018-01-04,1319.4000244140625,17.18899917602539,76.75839709471364
2018-01-05,1320.300048828125,17.204999923706055,76.73932314343917
2018-01-08,1318.5999755859375,17.06399917602539,77.27379508073035
2018-01-09,1311.699951171875,16.93600082397461,77.45039486033987
2018-01-10,1317.4000244140625,16.96299934387207,77.66315365035824
2018-01-11,1320.5999755859375,16.893999099731445,78.16976713387716
2018-01-12,1333.4000244140625,17.069000244140625,78.11822633676431
2018-01-16,1335.4000244140625,17.121999740600586,77.99322769801776
2018-01-17,1338.0,17.104999542236328,78.22274398173226
2018-01-18,1326.0,16.89299964904785,78.49405242098244
2018-01-19,1331.9000244140625,16.975000381469727,78.46244444671666
2018-01-22,1330.9000244140625,16.930999755859375,78.60729098135347
2018-01-23,1335.699951171875,16.854999542236328,79.24651364272026
2018-01-24,1355.9000244140625,17.424999237060547,77.81349117825222
2018-01-25,1362.4000244140625,17.551000595092773,77.62520529997515
2018-01-26,1351.5999755859375,17.381999969482422,77.75859958341627
2018-01-30,1335.4000244140625,17.01300048828125,78.4929163632189
2018-01-31,1339.0,17.20400047302246,77.83073489794899
2018-02-01,1344.300048828125,17.118000030517578,78.53137319964586
2018-02-02,1333.699951171875,16.676000595092773,79.97720697877291
2018-02-05,1333.0,16.638999938964844,80.11298785321887
2018-02-06,1326.0999755859375,16.54800033569336,80.1365692944539
2018-02-07,1311.5999755859375,16.20599937438965,80.93298940012671
2018-02-08,1316.9000244140625,16.31399917602539,80.72208476933987
2018-02-09,1313.0999755859375,16.115999221801758,81.47803667113443
2018-02-12,1324.199951171875,16.54800033569336,80.0217503208306
2018-02-13,1328.0999755859375,16.506999969482422,80.45677458298198
2018-02-14,1355.5,16.857999801635742,80.40692940739476
2018-02-15,1352.0999755859375,16.777000427246094,80.59247428939129
2018-02-16,1353.199951171875,16.69499969482422,81.05420640357327
2018-02-20,1328.800048828125,16.424999237060547,80.9010721796496
2018-02-21,1330.0,16.604000091552734,80.10117999677897
2018-02-22,1330.5999755859375,16.57900047302246,80.25815414814089
2018-02-23,1328.199951171875,16.47599983215332,80.61422461172037
2018-02-26,1330.699951171875,16.54199981689453,80.44371695693141
2018-02-27,1315.5,16.34600067138672,80.4784011971045
2018-02-28,1315.5,16.323999404907227,80.58686890202544
2018-03-01,1302.9000244140625,16.200000762939453,80.4259236453057
2018-03-02,1321.0999755859375,16.392000198364258,80.59418982423931
2018-03-05,1318.0999755859375,16.33799934387207,80.6769511886607
2018-03-06,1333.5999755859375,16.71500015258789,79.78462239974695
2018-03-07,1326.0,16.42799949645996,80.71585346016947
2018-03-08,1319.9000244140625,16.43600082397461,80.30542457072472
2018-03-09,1322.4000244140625,16.54599952697754,79.92264367335115
2018-03-12,1319.4000244140625,16.47100067138672,80.10442417782866
2018-03-13,1325.9000244140625,16.55900001525879,80.07126174239217
2018-03-14,1324.4000244140625,16.466999053955078,80.42752781333071
2018-03-15,1316.800048828125,16.35300064086914,80.52345118468355
2018-03-16,1311.300048828125,16.20199966430664,80.9344572273352
2018-03-19,1316.800048828125,16.2549991607666,81.00892751851876
2018-03-20,1311.0999755859375,16.125,81.30852561773256
2018-03-21,1320.699951171875,16.35700035095215,80.74218517058334
2018-03-22,1326.5999755859375,16.327999114990234,81.24694068411767
2018-03-23,1349.300048828125,16.530000686645508,81.62734378578803
2018-03-26,1354.4000244140625,16.631999969482422,81.43338305069818
2018-03-27,1341.300048828125,16.48900032043457,81.34514056415367
2018-03-28,1324.199951171875,16.204999923706055,81.71551727283395
2018-03-29,1322.800048828125,16.222999572753906,81.53856152777888
2018-04-02,1342.0999755859375,16.62700080871582,80.71810370529441
2018-04-03,1332.800048828125,16.347000122070312,81.53178190955619
2018-04-04,1335.800048828125,16.208999633789062,82.41101110543147
2018-04-05,1324.300048828125,16.31999969482422,81.14583784263905
2018-04-06,1331.9000244140625,16.332000732421875,81.55155306661285
2018-04-09,1336.300048828125,16.499000549316406,80.9927877045553
2018-04-10,1342.0,16.56599998474121,81.00929622335529
2018-04-11,1356.5,16.738000869750977,81.04313116935461
2018-04-12,1338.4000244140625,16.44300079345703,81.39633642459205
2018-04-13,1344.800048828125,16.628000259399414,80.87563313982639
2018-04-16,1347.5,16.66200065612793,80.8726411557557
2018-04-17,1347.199951171875,16.77199935913086,80.32435026527978
2018-04-18,1351.199951171875,17.231000900268555,78.41679998698253
2018-04-19,1346.800048828125,17.222000122070312,78.20230166542478
2018-04-20,1336.699951171875,17.14699935913086,77.95532752849121
2018-04-23,1322.5,16.570999145507812,79.80810260065175
2018-04-24,1331.4000244140625,16.687000274658203,79.78666042428247
2018-04-25,1321.199951171875,16.486000061035156,80.14072220553642
2018-04-26,1316.300048828125,16.488000869750977,79.83381728484865
2018-04-27,1320.300048828125,16.4060001373291,80.47665718495294
2018-04-30,1316.199951171875,16.312000274658203,80.68905891429397
2018-05-01,1303.800048828125,16.038999557495117,81.28936247889924
2018-05-02,1302.5999755859375,16.291000366210938,79.95825586546864
2018-05-03,1310.699951171875,16.36199951171875,80.10634337405577
2018-05-04,1312.699951171875,16.43400001525879,79.8770810486216
2018-05-07,1312.199951171875,16.413000106811523,79.94881756122707
2018-05-08,1312.0,16.38800048828125,80.0585770630277
2018-05-09,1311.300048828125,16.45800018310547,79.67553981280216
2018-05-10,1320.800048828125,16.68000030517578,79.18465375676777
2018-05-11,1319.0,16.676000595092773,79.09570358183727
2018-05-14,1316.5,16.56999969482422,79.45081618868225
2018-05-15,1288.9000244140625,16.194000244140625,79.59120692741853
2018-05-16,1290.199951171875,16.297000885009766,79.16793772519341
2018-05-17,1288.199951171875,16.413000106811523,78.48656204158934
2018-05-18,1290.199951171875,16.386999130249023,78.73314332398263
2018-05-21,1290.199951171875,16.45199966430664,78.4220749755437
2018-05-22,1291.699951171875,16.507999420166016,78.24691037933685
2018-05-23,1289.300048828125,16.33799934387207,78.91419394086985
2018-05-24,1303.699951171875,16.621000289916992,78.43691284710192
2018-05-25,1303.300048828125,16.481000900268555,79.0789380277801
2018-05-29,1298.699951171875,16.30500030517578,79.65040949797603
2018-05-30,1301.5,16.479000091552734,78.97930655799675
2018-05-31,1300.0999755859375,16.402000427246094,79.26472026096789
2018-06-01,1294.800048828125,16.38800048828125,79.00903162371834
2018-06-04,1293.0999755859375,16.378999710083008,78.94865367082812
2018-06-05,1297.5,16.490999221801758,78.67928331987629
2018-06-06,1297.0999755859375,16.642000198364258,77.94135080670348
2018-06-07,1298.699951171875,16.766000747680664,77.46033002840772
2018-06-08,1298.0999755859375,16.694000244140625,77.75847349957681
2018-06-11,1298.9000244140625,16.905000686645508,76.83525416477258
2018-06-12,1295.0999755859375,16.849000930786133,76.86509015615036
2018-06-13,1296.9000244140625,16.952999114990234,76.49973999392907
2018-06-14,1304.0,17.22599983215332,75.69952471298699
2018-06-15,1274.5999755859375,16.45199966430664,77.47386345692918
2018-06-18,1276.199951171875,16.41200065612793,77.76016939746869
2018-06-19,1275.5999755859375,16.30299949645996,78.24326902929253
2018-06-20,1271.199951171875,16.288999557495117,78.04039448125303
2018-06-21,1267.199951171875,16.305999755859375,77.71372317827499
2018-06-22,1267.4000244140625,16.43899917602539,77.0971523778915
2018-06-25,1265.5999755859375,16.308000564575195,77.60607872035017
2018-06-26,1256.5999755859375,16.238000869750977,77.38637198417692
2018-06-27,1252.800048828125,16.138999938964844,77.62563068133203
2018-06-28,1247.800048828125,15.951000213623047,78.22707241658952
2018-06-29,1251.300048828125,16.104000091552734,77.70119484068357
2018-07-02,1239.800048828125,15.744000434875488,78.74746027583744
2018-07-03,1251.5999755859375,15.95199966430664,78.46038126407764
2018-07-05,1257.300048828125,16.007999420166016,78.541984905637
2018-07-06,1254.300048828125,15.980999946594238,78.48695657466871
2018-07-09,1258.0999755859375,16.05299949645996,78.37164486695313
2018-07-10,1253.800048828125,16.003000259399414,78.347811566878
2018-07-11,1242.800048828125,15.732000350952148,78.99822152959125
2018-07-12,1245.0,15.89799976348877,78.31173849047714
2018-07-13,1239.5999755859375,15.73900032043457,78.75976557269114
2018-07-16,1238.0999755859375,15.734999656677246,78.68446155704503
2018-07-17,1225.699951171875,15.545999526977539,78.8434316522957
2018-07-18,1226.300048828125,15.503000259399414,79.10082102234524
2018-07-19,1222.4000244140625,15.34000015258789,79.68709336732574
2018-07-20,1229.5,15.489999771118164,79.37379071447508
2018-07-23,1224.0,15.368000030517578,79.646017540955
2018-07-24,1223.9000244140625,15.463000297546387,79.15022963611186
2018-07-25,1231.4000244140625,15.532999992370605,79.2763809321376
2018-07-26,1225.300048828125,15.437999725341797,79.36909383517929
2018-07-27,1222.5999755859375,15.435999870300293,79.20445619711921
2018-07-30,1221.300048828125,15.475000381469727,78.92084127445644
2018-07-31,1223.699951171875,15.5,78.94838394657258
2018-08-01,1217.9000244140625,15.394000053405762,79.11524101525613
2018-08-02,1210.5999755859375,15.329000473022461,78.9744887617738
2018-08-03,1214.199951171875,15.406000137329102,78.81344543349964
2018-08-06,1208.5999755859375,15.291999816894531,79.03478878221551
2018-08-07,1209.5999755859375,15.317000389099121,78.97107428728614
2018-08-08,1212.5999755859375,15.37600040435791,78.86315970974213
2018-08-09,1211.9000244140625,15.418999671936035,78.59783709703487
2018-08-10,1211.0999755859375,15.265999794006348,79.33315812446381
2018-08-13,1191.300048828125,14.95300006866455,79.66963441166624
2018-08-14,1193.0,15.024999618530273,79.4010003520185
2018-08-15,1177.5,14.420999526977539,81.65176053138595
2018-08-16,1176.199951171875,14.696999549865723,80.02993721141002
2018-08-17,1176.5,14.616000175476074,80.493978234485
2018-08-20,1186.800048828125,14.654999732971191,80.98260460271672
2018-08-21,1192.5999755859375,14.75100040435791,80.84875214521762
2018-08-22,1196.300048828125,14.734999656677246,81.18765366146548
2018-08-23,1187.0,14.527000427246094,81.70991705718711
2018-08-24,1206.300048828125,14.779000282287598,81.62257431403238
2018-08-27,1209.0,14.843999862670898,81.44705006636016
2018-08-28,1207.4000244140625,14.767000198364258,81.7633919005301
2018-08-29,1204.5,14.687999725341797,82.00572048771404
2018-08-30,1197.699951171875,14.47700023651123,82.73122412136571
2018-08-31,1200.300048828125,14.437999725341797,83.1347881743854
2018-09-04,1192.699951171875,14.060999870300293,84.82326734751639
2018-09-05,1194.9000244140625,14.118000030517578,84.63663563048289
2018-09-06,1197.9000244140625,14.074999809265137,85.1083510228911
2018-09-07,1193.5999755859375,14.067000389099121,84.85106579728885
2018-09-10,1193.0,14.079000473022461,84.73612898060287
2018-09-11,1195.4000244140625,14.052000045776367,85.06974242242234
2018-09-12,1204.699951171875,14.192000389099121,84.8858454159292
2018-09-13,1202.0,14.142999649047852,84.98904262370694
2018-09-14,1195.0,14.041999816894531,85.1018384548221
2018-09-17,1199.699951171875,14.121999740600586,84.9525543979973
2018-09-18,1196.800048828125,14.083999633789062,84.9758648073854
2018-09-19,1202.199951171875,14.189000129699707,84.72760167613855
2018-09-20,1206.199951171875,14.21500015258789,84.85402308998795
2018-09-21,1196.199951171875,14.269000053405762,83.83207980200146
2018-09-24,1199.300048828125,14.25100040435791,84.15549889826562
2018-09-25,1200.0,14.39799976348877,83.34491038422054
2018-09-26,1194.0,14.305000305175781,83.4673173385387
2018-09-27,1182.300048828125,14.201000213623047,83.2547025591861
2018-09-28,1191.5,14.623000144958496,81.48122739442002
2018-10-01,1187.0999755859375,14.42199993133545,82.31174464275665
2018-10-02,1202.4000244140625,14.609999656677246,82.29979826621874
2018-10-03,1198.300048828125,14.59000015258789,82.13159947195597
2018-10-04,1197.199951171875,14.510000228881836,82.50861008181619
2018-10-05,1201.199951171875,14.569000244140625,82.44903089043291
2018-10-08,1184.4000244140625,14.258999824523926,83.06333115854476
2018-10-09,1187.199951171875,14.329000473022461,82.85294940195192
2018-10-10,1189.300048828125,14.255000114440918,83.43037806245358
2018-10-11,1223.5,14.53499984741211,84.17612747466514
2018-10-12,1218.0999755859375,14.564000129699707,83.63773446430568
2018-10-15,1226.4000244140625,14.656000137329102,83.67904018303051
2018-10-16,1227.300048828125,14.630000114440918,83.88927130743403
2018-10-17,1223.699951171875,14.592000007629395,83.86101634676989
2018-10-18,1226.5,14.532999992370605,84.39413752452185
2018-10-19,1225.300048828125,14.579000473022461,84.04554558424407
2018-10-22,1221.199951171875,14.522000312805176,84.09309495022171
2018-10-23,1233.4000244140625,14.727999687194824,83.74525058460146
2018-10-24,1227.800048828125,14.611000061035156,84.03258118535236
2018-10-25,1229.0999755859375,14.5649995803833,84.3872304151204
2018-10-26,1232.5,14.635000228881836,84.21591942087501
2018-10-29,1224.5,14.376999855041504,85.17075970969084
2018-10-30,1222.5999755859375,14.402999877929688,84.88509240768501
2018-10-31,1212.300048828125,14.229000091552734,85.19924387011746
2018-11-01,1236.0,14.729000091552734,83.9160833944771
2018-11-02,1230.9000244140625,14.706999778747559,83.69484211135858
2018-11-05,1229.800048828125,14.604000091552734,84.20980834829409
2018-11-06,1223.800048828125,14.458000183105469,84.6451814448146
2018-11-07,1226.199951171875,14.527999877929688,84.40253038786607
2018-11-08,1222.9000244140625,14.38599967956543,85.00625967280737
2018-11-09,1206.4000244140625,14.102999687194824,85.54208687315253
2018-11-12,1201.300048828125,13.973999977111816,85.96679911233353
2018-11-13,1199.199951171875,13.95199966430664,85.95183343071493
2018-11-14,1207.9000244140625,14.055000305175781,85.94094615346617
2018-11-15,1212.800048828125,14.237000465393066,85.1864865619811
2018-11-16,1220.800048828125,14.357999801635742,85.02577418123691
2018-11-19,1223.0999755859375,14.380999565124512,85.0497192526233
2018-11-20,1219.0,14.246999740600586,85.5618742327999
2018-11-21,1225.800048828125,14.479999542236328,84.65470218093732
2018-11-23,1221.0,14.220999717712402,85.85894270704695
2018-11-26,1220.199951171875,14.182999610900879,86.03257312607161
2018-11-27,1211.199951171875,14.062000274658203,86.13283512407803
2018-11-28,1221.4000244140625,14.303000450134277,85.39467146577597
2018-11-29,1224.0999755859375,14.27299976348877,85.76332907377062
2018-11-30,1220.199951171875,14.093999862670898,86.57584525764567
2018-12-03,1233.9000244140625,14.380999565124512,85.80071356141364
2018-12-04,1241.0999755859375,14.520999908447266,85.46931915232335
2018-12-06,1238.0999755859375,14.390000343322754,86.03891216447681
2018-12-07,1246.800048828125,14.571999549865723,85.5613565291123
2018-12-10,1243.699951171875,14.477999687194824,85.90274748188278
2018-12-11,1241.9000244140625,14.49899959564209,85.65418711973312
2018-12-12,1244.4000244140625,14.725000381469727,84.50933732946069
2018-12-13,1242.699951171875,14.729000091552734,84.37096499745282
2018-12-14,1237.0,14.512999534606934,85.23393093552542
2018-12-17,1247.4000244140625,14.638999938964844,85.2107404614327
2018-12-18,1249.199951171875,14.585000038146973,85.64963646929041
2018-12-19,1252.0999755859375,14.70199966430664,85.16528391887891
2018-12-20,1263.5999755859375,14.753000259399414,85.65037303384267
2018-12-21,1253.800048828125,14.583000183105469,85.97682459612551
2018-12-24,1267.5,14.701000213623047,86.21862333050234
2018-12-26,1269.199951171875,15.003999710083008,84.59077417329897
2018-12-27,1277.300048828125,15.190999984741211,84.08268383326475
2018-12-28,1279.9000244140625,15.326000213623047,83.51167992783786
2018-12-31,1278.300048828125,15.432999610900879,82.82900803841244
2019-01-02,1281.0,15.541999816894531,82.42182570402052
2019-01-03,1291.800048828125,15.706000328063965,82.24882349708709
2019-01-04,1282.699951171875,15.694999694824219,81.7266630208903
2019-01-07,1286.800048828125,15.668999671936035,82.12394382347512
2019-01-08,1283.199951171875,15.62600040435791,82.11953909933379
2019-01-09,1289.300048828125,15.652999877929688,82.36760102745568
2019-01-10,1284.699951171875,15.560999870300293,82.55895905659969
2019-01-11,1287.0999755859375,15.57699966430664,82.62823414801868
2019-01-14,1289.0999755859375,15.609000205993652,82.58696640230295
2019-01-15,1286.199951171875,15.545999526977539,82.73510808615974
2019-01-16,1291.5999755859375,15.564000129699707,82.98637656274921
2019-01-17,1291.0,15.467000007629395,83.46802866510568
2019-01-18,1281.300048828125,15.329999923706055,83.58121690834089
2019-01-22,1282.5,15.258999824523926,84.04875907651525
2019-01-23,1283.0999755859375,15.317000389099121,83.76966396756772
2019-01-24,1279.0999755859375,15.23799991607666,83.94146099426337
2019-01-25,1297.4000244140625,15.638999938964844,82.9592703802989
2019-01-28,1302.4000244140625,15.708999633789062,82.90789068532936
2019-01-29,1308.199951171875,15.78600025177002,82.87089384945321
2019-01-30,1309.9000244140625,15.880000114440918,82.48740648451688
2019-01-31,1319.699951171875,16.02199935913086,82.3679942553352
2019-02-01,1316.9000244140625,15.880000114440918,82.92821252668021
2019-02-04,1314.300048828125,15.836999893188477,82.98920614335597
2019-02-05,1314.199951171875,15.789999961853027,83.22988944565189
2019-02-06,1309.5,15.656000137329102,83.64205343085794
2019-02-07,1309.4000244140625,15.675000190734863,83.53429081219528
2019-02-08,1313.699951171875,15.77299976348877,83.28789519244263
2019-02-11,1307.0,15.656999588012695,83.47704122063493
2019-02-12,1309.199951171875,15.65999984741211,83.60153026363066
2019-02-13,1310.800048828125,15.62399959564209,83.89657467693091
2019-02-14,1309.800048828125,15.5,84.50322895665323
2019-02-15,1318.0999755859375,15.722999572753906,83.832602646002
2019-02-19,1340.0999755859375,15.946999549865723,84.03461550215077
2019-02-20,1343.300048828125,16.156999588012695,83.14043962870153
2019-02-21,1323.5,15.791000366210938,83.81356274501657
2019-02-22,1329.199951171875,15.907999992370605,83.55544077252655
2019-02-25,1325.9000244140625,15.824999809265137,83.7851526315837
2019-02-26,1325.0999755859375,15.82699966430664,83.72401615540113
2019-02-27,1317.699951171875,15.67199993133545,84.0798849505604
2019-02-28,1312.800048828125,15.538000106811523,84.48964086778592
2019-03-01,1296.4000244140625,15.168999671936035,85.4637782616948
2019-03-04,1284.800048828125,15.017000198364258,85.55637156934134
2019-03-05,1282.0,15.020000457763672,85.35286024823976
2019-03-06,1284.9000244140625,15.003000259399414,85.64287157224234
2019-03-07,1283.800048828125,14.960000038146973,85.81551106647882
2019-03-08,1297.0,15.272000312805176,84.92666143494635
2019-03-11,1288.800048828125,15.196999549865723,84.80621747728567
2019-03-12,1296.300048828125,15.338000297546387,84.51558375804007
2019-03-13,1307.5,15.380999565124512,85.0074791605012
2019-03-14,1293.4000244140625,15.10099983215332,85.6499595252052
2019-03-15,1301.800048828125,15.253000259399414,85.34714657373141
2019-03-18,1300.300048828125,15.25100040435791,85.25998389302839
2019-03-19,1305.0,15.300999641418457,85.28854523122006
2019-03-20,1300.5,15.244999885559082,85.30665856100835
2019-03-21,1306.0999755859375,15.371999740600586,84.96617210682493
2019-03-22,1311.5999755859375,15.345000267028809,85.47409271827256
2019-03-25,1321.9000244140625,15.506999969482422,85.24537479948054
2019-03-26,1314.300048828125,15.371000289916992,85.5051736411894
2019-03-27,1309.9000244140625,15.23900032043457,85.95708359278439
2019-03-28,1289.800048828125,14.920999526977539,86.44193349756056
2019-03-29,1293.0,15.0600004196167,85.8565713129581
2019-04-01,1288.4000244140625,15.050999641418457,85.60228922393618
2019-04-02,1290.0,15.017999649047852,85.89692569887539
2019-04-03,1289.9000244140625,15.059000015258789,85.65641962328503
2019-04-04,1289.0,15.041000366210938,85.6990870697465
2019-04-05,1290.4000244140625,15.043000221252441,85.78076217741537
2019-04-08,1297.0999755859375,15.17300033569336,85.48737539632197
2019-04-09,1303.5,15.168000221252441,85.93749874644769
2019-04-10,1309.0999755859375,15.201000213623047,86.11933143798852
2019-04-11,1288.5999755859375,14.824000358581543,86.92660175496914
2019-04-12,1290.5999755859375,14.920000076293945,86.50133840391481
2019-04-15,1286.800048828125,14.947999954223633,86.08509852614317
2019-04-16,1272.5999755859375,14.890999794006348,85.4610162642109
2019-04-17,1272.199951171875,14.920999526977539,85.26238130841743
2019-04-18,1271.9000244140625,14.937000274658203,85.15096746513026
2019-04-22,1273.5,14.956999778747559,85.14408095462565
2019-04-23,1269.300048828125,14.77299976348877,85.92026461444748
2019-04-24,1275.5,14.89799976348877,85.61552022077004
2019-04-25,1275.800048828125,14.861000061035156,85.84886909281515
2019-04-26,1284.9000244140625,15.001999855041504,85.64858264428425
2019-04-29,1278.5999755859375,14.843999862670898,86.1358116016499
2019-04-30,1282.800048828125,14.899999618530273,86.09396521277627
2019-05-01,1281.4000244140625,14.645000457763672,87.49743833123345
2019-05-02,1269.699951171875,14.539999961853027,87.32461860406086
2019-05-03,1279.199951171875,14.906999588012695,85.81203371069589
2019-05-06,1281.699951171875,14.857000350952148,86.26909341694497
2019-05-07,1283.5,14.859999656677246,86.3728149161341
2019-05-08,1279.4000244140625,14.791999816894531,86.49270147724101
2019-05-09,1283.5,14.706999778747559,87.27136868899187
2019-05-10,1285.699951171875,14.72599983215332,87.30816011315088
2019-05-13,1300.0999755859375,14.713000297546387,88.36402836223341
2019-05-14,1294.699951171875,14.751999855041504,87.76436848522681
2019-05-15,1296.300048828125,14.751999855041504,87.8728349760059
2019-05-16,1285.0,14.479000091552734,88.7492224514653
2019-05-17,1274.5,14.347999572753906,88.82771382431655
2019-05-20,1276.0999755859375,14.409000396728516,88.56269973284677
2019-05-21,1272.0,14.373000144958496,88.49926857102061
2019-05-22,1273.5999755859375,14.413999557495117,88.35854132683664
2019-05-23,1284.800048828125,14.57699966430664,88.13885425092633
2019-05-24,1283.0,14.520000457763672,88.36087875699722
2019-05-28,1276.5,14.281000137329102,89.38449602443158
2019-05-29,1280.5999755859375,14.371999740600586,89.10381287916883
2019-05-30,1287.0999755859375,14.460000038146973,89.01106308370919
2019-05-31,1305.800048828125,14.529999732971191,89.86924107541647
2019-06-03,1322.699951171875,14.70300006866455,89.96122866045893
2019-06-04,1323.4000244140625,14.732000350952148,89.83165849086674
2019-06-05,1328.300048828125,14.753999710083008,90.02982749961379
2019-06-06,1337.5999755859375,14.868000030517578,89.96502373153234
2019-06-07,1341.199951171875,14.994000434875488,89.44910712769448
2019-06-10,1324.699951171875,14.604999542236328,90.7018139467217
2019-06-11,1326.4000244140625,14.706000328063965,90.19447809224157
2019-06-12,1331.9000244140625,14.722000122070312,90.47004573905419
2019-06-13,1339.199951171875,14.871000289916992,90.05446338938577
2019-06-14,1340.0999755859375,14.781999588012695,90.65755736271818
2019-06-17,1338.699951171875,14.814000129699707,90.367216109847
2019-06-18,1346.5999755859375,14.979999542236328,89.89319203843625
2019-06-19,1344.5999755859375,14.944999694824219,89.96988979876674
2019-06-20,1392.9000244140625,15.468999862670898,90.04460771735779
2019-06-21,1396.199951171875,15.27299976348877,91.41622292888354
2019-06-24,1414.300048828125,15.368000030517578,92.02889419700846
2019-06-25,1414.9000244140625,15.291000366210938,92.53155388973876
2019-06-26,1411.5999755859375,15.282999992370605,92.36406309563694
2019-06-27,1408.4000244140625,15.204999923706055,92.62742725951821
2019-06-28,1409.699951171875,15.253000259399414,92.4211582769213
2019-07-01,1385.5999755859375,15.105999946594238,91.72514103565395
2019-07-02,1404.5999755859375,15.154000282287598,92.68839576489066
2019-07-03,1417.699951171875,15.251999855041504,92.95174171557957
2019-07-05,1396.699951171875,14.918000221252441,93.62514616282898
2019-07-08,1397.0,14.972000122070312,93.3075065862893
2019-07-09,1397.5,15.067999839782715,92.74621813509074
2019-07-10,1410.0999755859375,15.147000312805176,93.0943385796228
2019-07-11,1404.300048828125,15.067000389099121,93.2036910176313
2019-07-12,1409.9000244140625,15.16100025177002,92.99518508018356
2019-07-15,1411.4000244140625,15.289999961853027,92.30870032278352
2019-07-16,1409.199951171875,15.600000381469727,90.3333279943875
2019-07-17,1421.300048828125,15.892999649047852,89.42931354769614
2019-07-18,1426.0999755859375,16.1200008392334,88.46773581518976
2019-07-19,1425.0999755859375,16.117000579833984,88.42215823762271
2019-07-22,1425.300048828125,16.34000015258789,87.22766435240145
2019-07-23,1420.0999755859375,16.405000686645508,86.56506651304014
2019-07-24,1422.800048828125,16.554000854492188,85.94901385679377
2019-07-25,1413.9000244140625,16.339000701904297,86.53528145385744
2019-07-26,1418.5,16.325000762939453,86.89126699584835
2019-07-29,1419.5999755859375,16.368000030517578,86.73020362531413
2019-07-30,1429.699951171875,16.4950008392334,86.67474255420044
2019-07-31,1426.0999755859375,16.34600067138672,87.24458075437934
2019-08-01,1420.9000244140625,16.121000289916992,88.13969349673516
2019-08-02,1445.5999755859375,16.222000122070312,89.11354732510289
2019-08-05,1464.5999755859375,16.344999313354492,89.60538618005955
2019-08-06,1472.4000244140625,16.405000686645508,89.75312177906032
2019-08-07,1507.300048828125,17.1560001373291,87.85847731187918
2019-08-08,1497.699951171875,16.900999069213867,88.61606021267825
2019-08-09,1496.5999755859375,16.89699935913086,88.57193776107943
2019-08-12,1505.300048828125,17.038999557495117,88.344391567636
2019-08-13,1502.199951171875,16.95599937438965,88.59400840983744
2019-08-14,1515.9000244140625,17.253000259399414,87.86298044528237
2019-08-15,1519.5999755859375,17.187999725341797,88.41051895907678
2019-08-16,1512.5,17.09600067138672,88.47098389107138
2019-08-19,1500.4000244140625,16.913999557495117,88.70758328411974
2019-08-20,1504.5999755859375,17.121999740600586,87.87524812409329
2019-08-21,1504.5999755859375,17.125,87.85985258895985
2019-08-22,1497.300048828125,17.013999938964844,88.0039998941732
2019-08-23,1526.5999755859375,17.395000457763672,87.760847106192
2019-08-26,1526.300048828125,17.624000549316406,86.60349530500477
2019-08-27,1541.0,18.138999938964844,84.95506947379933
2019-08-28,1537.800048828125,18.304000854492188,84.0144218224682
2019-08-29,1526.5,18.16699981689453,84.02598202155649
2019-08-30,1519.0999755859375,18.184999465942383,83.53588233153214
2019-09-03,1545.9000244140625,19.07900047302246,81.02625850866515
2019-09-04,1550.300048828125,19.391000747680664,79.94946052557678
2019-09-05,1515.4000244140625,18.6560001373291,81.228559887383
2019-09-06,1506.199951171875,17.968000411987305,83.82679856613414
2019-09-09,1502.199951171875,18.018999099731445,83.36755792358431
2019-09-10,1490.300048828125,18.041000366210938,82.6062867123108
2019-09-11,1494.4000244140625,18.0310001373291,82.87948605359088
2019-09-12,1498.699951171875,18.041000366210938,83.07188740923681
2019-09-13,1490.9000244140625,17.43600082397461,85.50699437706298
2019-09-16,1503.0999755859375,17.900999069213867,83.96737912639571
2019-09-17,1505.0999755859375,18.016000747680664,83.54240192733675
2019-09-18,1507.5,17.795000076293945,84.71480716700046
2019-09-19,1498.4000244140625,17.773000717163086,84.30765565474168
2019-09-20,1507.300048828125,17.738000869750977,84.9757568452124
2019-09-23,1523.699951171875,18.600000381469727,81.91935053344746
2019-09-24,1532.0999755859375,18.517000198364258,82.74018249031931
2019-09-25,1504.5999755859375,17.961999893188477,83.76572678616425
2019-09-26,1507.5,17.801000595092773,84.68625075017269
2019-09-27,1499.0999755859375,17.552000045776367,85.40906857772451
2019-09-30,1465.699951171875,16.898000717163086,86.73806894108971
2019-10-01,1482.0,17.20199966430664,86.15277461463285
2019-10-02,1501.0,17.591999053955078,85.3228786220598
2019-10-03,1507.0999755859375,17.584999084472656,85.70372783906988
2019-10-04,1506.199951171875,17.540000915527344,85.87228463816706
2019-10-07,1497.699951171875,17.457000732421875,85.79365803601553
2019-10-08,1497.199951171875,17.617000579833984,84.98608740955062
2019-10-09,1506.0999755859375,17.72800064086914,84.95599735673852
2019-10-10,1494.800048828125,17.520000457763672,85.31963526095294
2019-10-11,1482.699951171875,17.461999893188477,84.91008820531731
2019-10-14,1491.699951171875,17.634000778198242,84.59225844064467
2019-10-15,1477.5999755859375,17.308000564575195,85.37092254377353
2019-10-16,1488.0,17.35099983215332,85.75874672320448
2019-10-17,1492.300048828125,17.535999298095703,85.09923064322768
2019-10-18,1488.199951171875,17.50200080871582,85.03027553459867
2019-10-21,1482.4000244140625,17.525999069213867,84.58291128281772
2019-10-22,1481.699951171875,17.437000274658203,84.97447541623778
2019-10-23,1489.9000244140625,17.517000198364258,85.05451889834366
2019-10-24,1498.9000244140625,17.73900032043457,84.49743488010391
2019-10-25,1499.5,17.861000061035156,83.95386567806185
2019-10-28,1490.0,17.81599998474121,83.63268978873673
2019-10-29,1487.0,17.770999908447266,83.67565177315484
2019-10-30,1493.199951171875,17.815000534057617,83.81700288570116
2019-10-31,1511.4000244140625,18.013999938964844,83.90141165399125
2019-11-01,1508.0,18.003999710083008,83.75916597884945
2019-11-04,1508.0,18.013999938964844,83.7126682085831
2019-11-05,1480.800048828125,17.516000747680664,84.53984845965489
2019-11-06,1490.199951171875,17.558000564575195,84.8729868581098
2019-11-07,1464.199951171875,16.969999313354492,86.28167415538002
2019-11-08,1461.300048828125,16.783000946044922,87.07024765868792
2019-11-11,1455.5,16.761999130249023,86.83331795271228
2019-11-12,1452.0999755859375,16.677000045776367,87.07201364754434
2019-11-13,1461.699951171875,16.898000717163086,86.50135454706454
2019-11-14,1471.800048828125,17.01300048828125,86.51031602814082
2019-11-15,1467.300048828125,16.933000564575195,86.6532805708281
2019-11-18,1470.9000244140625,16.985000610351562,86.59993944996492
2019-11-19,1473.300048828125,17.10300064086914,86.1427815951514
2019-11-20,1473.300048828125,17.100000381469727,86.15789567026293
2019-11-21,1463.0999755859375,17.049999237060547,85.81231912349216
2019-11-22,1463.0999755859375,16.985000610351562,86.14070786045463
2019-11-25,1456.5999755859375,16.871000289916992,86.33749929199392
2019-11-26,1459.800048828125,17.030000686645508,85.71931826009045
2019-11-27,1453.4000244140625,16.91200065612793,85.93897634975757
2019-11-29,1465.5999755859375,16.9689998626709,86.36926085490899
2019-12-02,1462.300048828125,16.836000442504883,86.85554825339278
2019-12-03,1478.199951171875,17.125,86.3182453239051
2019-12-04,1474.0,16.797000885009766,87.75376092975321
2019-12-05,1476.9000244140625,16.941999435424805,87.17389172649507
2019-12-06,1459.0999755859375,16.481000900268555,88.53224293933275
2019-12-09,1459.300048828125,16.531999588012695,88.27123670425561
2019-12-10,1462.5999755859375,16.59600067138672,88.12966476360876
2019-12-11,1469.4000244140625,16.743999481201172,87.75681258613199
2019-12-12,1466.699951171875,16.844999313354492,87.07034793460008
2019-12-13,1475.5999755859375,16.91200065612793,87.2516508004785
2019-12-16,1475.0,17.018999099731445,86.66784640838691
2019-12-17,1474.5999755859375,16.97800064086914,86.8535704985372
2019-12-18,1472.5999755859375,16.952999114990234,86.86368503870389
2019-12-19,1478.199951171875,17.058000564575195,86.65728117289973
2019-12-20,1474.699951171875,17.128000259399414,86.0987814594758
2019-12-23,1482.5,17.402999877929688,85.1864627017605
2019-12-24,1499.0999755859375,17.756999969482422,84.42304320337469
2019-12-26,1509.300048828125,17.893999099731445,84.3467153662021
2019-12-27,1513.800048828125,17.849000930786133,84.81147234504917
2019-12-30,1514.5,17.908000946044922,84.571136921594
2019-12-31,1519.5,17.827999114990234,85.2311013815547
2020-01-02,1524.5,17.965999603271484,84.85472746656407
2020-01-03,1549.199951171875,18.06800079345703,85.742743144714
2020-01-06,1566.199951171875,18.097000122070312,86.54472788900553
2020-01-07,1571.800048828125,18.31599998474121,85.81568301690153
2020-01-08,1557.4000244140625,18.08799934387207,86.10128709130483
2020-01-09,1551.699951171875,17.860000610351562,86.88129328912329
2020-01-10,1557.5,18.033000946044922,86.36942928468031
2020-01-13,1548.4000244140625,17.926000595092773,86.37732751375316
2020-01-14,1542.4000244140625,17.673999786376953,87.26943776489904
2020-01-15,1552.0999755859375,17.92300033569336,86.59822275933098
2020-01-16,1549.0,17.875,86.65734265734265
2020-01-17,1558.800048828125,18.01300048828125,86.53750105887336
2020-01-21,1556.4000244140625,17.750999450683594,87.67957143698324
2020-01-22,1555.300048828125,17.770999908447266,87.51899481406383
2020-01-23,1564.5999755859375,17.773000717163086,88.03240378396147
2020-01-24,1571.0999755859375,18.05699920654297,87.00781107730504
2020-01-27,1576.800048828125,18.0,87.60000271267361
2020-01-28,1569.199951171875,17.402000427246094,90.1735382510966
2020-01-29,1569.800048828125,17.430999755859375,90.05794680826851
2020-01-30,1583.5,17.95199966430664,88.20744371717096
2020-01-31,1582.9000244140625,17.972000122070312,88.07589659818665
2020-02-03,1577.199951171875,17.639999389648438,89.41043116460722
2020-02-04,1550.4000244140625,17.527999877929688,88.45276330508437
2020-02-05,1557.800048828125,17.569000244140625,88.66754096310412
2020-02-06,1565.0999755859375,17.788999557495117,87.98133759728535
2020-02-07,1568.5999755859375,17.665000915527344,88.79705034190829
2020-02-10,1574.699951171875,17.757999420166016,88.67552666904825
2020-02-11,1565.5999755859375,17.572999954223633,89.09121832721846
2020-02-12,1567.4000244140625,17.47800064086914,89.67845102082107
2020-02-13,1575.0999755859375,17.600000381469727,89.4943148549185
2020-02-14,1582.699951171875,17.71500015258789,89.3423617013442
2020-02-18,1600.0,18.131000518798828,88.24664685994942
2020-02-19,1607.5,18.29199981689453,87.8799483977312
2020-02-20,1616.5999755859375,18.30900001525879,88.29537245281867
2020-02-21,1644.5999755859375,18.520999908447266,88.79650038958479
2020-02-24,1672.4000244140625,18.868000030517578,88.63684660319485
2020-02-25,1646.9000244140625,18.183000564575195,90.57361124558369
2020-02-26,1640.0,17.826000213623047,92.0004476801629
2020-02-27,1640.0,17.658000946044922,92.87574539219463
2020-02-28,1564.0999755859375,16.386999130249023,95.44761448719066
2020-03-02,1592.300048828125,16.679000854492188,95.46735219449718
2020-03-03,1642.0999755859375,17.128999710083008,95.86665907988271
2020-03-04,1641.0999755859375,17.187000274658203,95.48495661605928
2020-03-05,1666.4000244140625,17.341999053955078,96.09042298004378
2020-03-06,1670.800048828125,17.214000701904297,97.0605310038876
2020-03-09,1674.5,17.000999450683594,98.49420940559291
2020-03-10,1659.0999755859375,16.9060001373291,98.13675393995653
2020-03-11,1641.4000244140625,16.729000091552734,98.11704318436122
2020-03-12,1589.300048828125,15.961000442504883,99.57396182984529
2020-03-13,1515.699951171875,14.456000328063965,104.84919180787448
2020-03-16,1485.9000244140625,12.772000312805176,116.34043125760832
2020-03-17,1524.9000244140625,12.468999862670898,122.2952956298633
2020-03-18,1477.300048828125,11.734999656677246,125.88837597345282
2020-03-19,1478.5999755859375,12.097000122070312,122.22864848023875
2020-03-20,1484.0,12.348999977111816,120.171674042474
2020-03-23,1567.0,13.225000381469727,118.48770924767682
2020-03-24,1660.199951171875,14.229000091552734,116.67720433549496
2020-03-25,1632.300048828125,14.836999893188477,110.01550586904689
2020-03-26,1650.0999755859375,14.640000343322754,112.71174432304856
2020-03-27,1623.9000244140625,14.498000144958496,112.00855346789012
2020-03-30,1622.0,14.074000358581543,115.24797205302006
2020-03-31,1583.4000244140625,14.097999572753906,112.31380851182426
2020-04-01,1578.199951171875,13.925999641418457,113.32758809486259
2020-04-02,1625.699951171875,14.595999717712402,111.37982889922029
2020-04-03,1633.699951171875,14.435999870300293,113.16846535396175
2020-04-06,1677.0,15.111000061035156,110.97875674848747
2020-04-07,1664.800048828125,15.42199993133545,107.94968591884592
2020-04-08,1665.4000244140625,15.147000312805176,109.94916419234139
2020-04-09,1736.199951171875,15.994999885559082,108.5464184804018
2020-04-13,1744.800048828125,15.479000091552734,112.72046246580906
2020-04-14,1756.699951171875,16.07200050354004,109.30188502575906
2020-04-15,1727.199951171875,15.446999549865723,111.81459192745876
2020-04-16,1720.4000244140625,15.564000129699707,110.53713763026396
2020-04-17,1689.199951171875,15.237000465393066,110.86171159530112
2020-04-20,1701.5999755859375,15.555999755859375,109.38544627740863
2020-04-21,1678.199951171875,14.817999839782715,113.25414828702573
2020-04-22,1728.699951171875,15.277000427246094,113.15702708817027
2020-04-23,1733.300048828125,15.347999572753906,112.93328753442995
2020-04-24,1723.5,15.253999710083008,112.98675971920687
2020-04-27,1711.9000244140625,15.201000213623047,112.61759097140646
2020-04-28,1710.5,15.161999702453613,112.8149342809442
2020-04-29,1703.4000244140625,15.15999984741211,112.36148031392241
2020-04-30,1684.199951171875,14.89799976348877,113.04872989053358
2020-05-01,1694.5,14.86299991607666,114.00793982156543
2020-05-04,1706.9000244140625,14.722000122070312,115.94212812532065
2020-05-05,1704.4000244140625,15.057000160217285,113.19652030803104
2020-05-06,1684.199951171875,14.987000465393066,112.37738699354229
2020-05-07,1721.800048828125,15.562000274658203,110.64130692967372
2020-05-08,1709.9000244140625,15.739999771118164,108.63405649799395
2020-05-11,1695.300048828125,15.63599967956543,108.42287564406259
2020-05-12,1704.4000244140625,15.687000274658203,108.65047456953646
2020-05-13,1713.9000244140625,15.663000106811523,109.42348290406522
2020-05-14,1738.0999755859375,16.13599967956543,107.71566745796734
2020-05-15,1753.4000244140625,17.04599952697754,102.86284600906366
2020-05-18,1731.800048828125,17.464000701904297,99.16399331335845
2020-05-19,1744.199951171875,17.892000198364258,97.48490564690107
2020-05-20,1750.5999755859375,18.00200080871582,97.24474485849206
2020-05-21,1720.5,17.334999084472656,99.25007735022554
2020-05-22,1734.5999755859375,17.663999557495117,98.19972933875664
2020-05-26,1704.800048828125,17.565000534057617,97.05664656955784
2020-05-27,1710.300048828125,17.68600082397461,96.7036056285655
2020-05-28,1713.300048828125,17.895000457763672,95.74182760553197
2020-05-29,1751.699951171875,18.440000534057617,94.99457160733733
2020-06-01,1750.300048828125,18.76799964904785,93.25980826714914
2020-06-02,1734.0,18.207000732421875,95.23809140690605
2020-06-03,1704.800048828125,17.92099952697754,95.12862529022384
2020-06-04,1727.4000244140625,18.02400016784668,95.83888195338572
2020-06-05,1683.0,17.44300079345703,96.48569187884821
2020-06-08,1705.0999755859375,17.868000030517578,95.42757850199905
2020-06-09,1721.9000244140625,17.77400016784668,96.87746191929234
2020-06-10,1720.699951171875,17.775999069213867,96.79905722722182
2020-06-11,1739.800048828125,17.868999481201172,97.3641557636429
2020-06-12,1737.300048828125,17.461999893188477,99.49032524652607
2020-06-15,1727.199951171875,17.378999710083008,99.3843132507668
2020-06-16,1736.5,17.631999969482422,98.48570797445244
2020-06-17,1735.5999755859375,17.756999969482422,97.74173444662829
2020-06-18,1731.0999755859375,17.493000030517578,98.95958226524499
2020-06-19,1753.0,17.832000732421875,98.30641139514546
2020-06-22,1766.4000244140625,17.886999130249023,98.75329067506198
2020-06-23,1782.0,18.051000595092773,98.72028925002877
2020-06-24,1775.0999755859375,17.658000946044922,100.52666669403075
2020-06-25,1770.5999755859375,17.882999420166016,99.01023502742474
2020-06-26,1780.300048828125,18.023000717163086,98.77933629180666
2020-06-29,1781.199951171875,17.979999542236328,99.06562828256511
2020-06-30,1800.5,18.541000366210938,97.10910762297517
2020-07-01,1779.9000244140625,18.132999420166016,98.15805886116146
2020-07-02,1790.0,18.243999481201172,98.1144513758859
2020-07-06,1793.5,18.503999710083008,96.92499071012763
2020-07-07,1809.9000244140625,18.628000259399414,97.16018892048349
2020-07-08,1820.5999755859375,19.08099937438965,95.41428831183397
2020-07-09,1803.800048828125,18.881999969482422,95.53013726000813
2020-07-10,1801.9000244140625,18.982999801635742,94.92177438988304
2020-07-13,1814.0999755859375,19.708999633789062,92.04424421804995
2020-07-14,1813.4000244140625,19.451000213623047,93.22914012123641
2020-07-15,1813.800048828125,19.684999465942383,92.14122926273052
2020-07-16,1800.300048828125,19.496999740600586,92.3372863917712
2020-07-17,1810.0,19.684999465942383,91.94818639093876
2020-07-20,1817.4000244140625,20.124000549316406,90.31007626740488
2020-07-21,1843.9000244140625,21.496999740600586,85.77476143945599
2020-07-22,1865.0999755859375,23.08300018310547,80.79972104107208
2020-07-23,1890.0,22.94499969482422,82.37088799902375
2020-07-24,1897.5,22.808000564575195,83.1944911009494
2020-07-27,1931.0,24.47599983215332,78.89361060802544
2020-07-28,1944.5999755859375,24.266000747680664,80.13681347025432
2020-07-29,1953.4000244140625,24.292999267578125,80.40999807796914
2020-07-30,1942.300048828125,23.34000015258789,83.21765364739154
2020-07-31,1962.800048828125,24.18899917602539,81.14432658187563
2020-08-03,1966.0,24.389999389648438,80.606808085219
2020-08-04,2021.0,26.011999130249023,77.69491263936744
2020-08-05,2049.300048828125,26.87700080871582,76.2473485569702
2020-08-06,2069.39990234375,28.386999130249023,72.89956549646733
2020-08-07,2028.0,27.533000946044922,73.6570635352889
2020-08-10,2039.699951171875,29.249000549316406,69.73571448134648
2020-08-11,1946.300048828125,26.03700065612793,74.75131542734182
2020-08-12,1949.0,25.954999923706055,75.09150474779531
2020-08-13,1970.4000244140625,27.694000244140625,71.14898559412525
2020-08-14,1949.800048828125,26.065000534057617,74.80529479676913
2020-08-17,1998.699951171875,27.64299964904785,72.30401825225647
2020-08-18,2013.0999755859375,28.048999786376953,71.7708292957981
2020-08-19,1970.300048828125,27.315000534057617,72.1325282923375
2020-08-20,1946.5,27.121999740600586,71.76830685851547
2020-08-21,1947.0,26.707000732421875,72.90223336970867
2020-08-24,1939.199951171875,26.58799934387207,72.93515868161086
2020-08-25,1923.0999755859375,26.253999710083008,73.24979038707612
2020-08-26,1952.5,27.43000030517578,71.18118768783177
2020-08-27,1932.5999755859375,27.010000228881836,71.55127579448909
2020-08-28,1974.9000244140625,27.610000610351562,71.52843103066182
2020-08-31,1978.5999755859375,28.437000274658203,69.57836468247947
2020-09-01,1978.9000244140625,28.486000061035156,69.46921365491814
2020-09-02,1944.699951171875,27.249000549316406,71.36775338428556
2020-09-03,1937.800048828125,26.735000610351562,72.48176564760674
2020-09-04,1934.300048828125,26.576000213623047,72.78371588199299
2020-09-08,1943.199951171875,26.86400032043457,72.33472036901914
2020-09-09,1954.9000244140625,26.954999923706055,72.52457911138004
2020-09-10,1964.300048828125,27.163000106811523,72.31528333041341
2020-09-11,1947.9000244140625,26.73900032043457,72.84864808223334
2020-09-14,1963.699951171875,27.229000091552734,72.1179604307642
2020-09-15,1966.199951171875,27.34600067138672,71.9008228954369
2020-09-16,1970.5,27.354999542236328,72.03436421037159
2020-09-17,1949.9000244140625,26.985000610351562,72.25866149011954
2020-09-18,1962.0999755859375,27.027999877929688,72.59508600146671
2020-09-21,1910.5999755859375,24.298999786376953,78.6287498408515
2020-09-22,1907.5999755859375,24.441999435424805,78.04598722071704
2020-09-23,1868.4000244140625,23.013999938964844,81.18536670588442
2020-09-24,1876.9000244140625,23.118000030517578,81.18781996437438
2020-09-25,1866.300048828125,23.017000198364258,81.08354836616618
2020-09-28,1882.300048828125,23.527999877929688,80.00255264340622
2020-09-29,1903.199951171875,24.3799991607666,78.06398755889174
2020-09-30,1895.5,23.433000564575195,80.89019563570187
2020-10-01,1916.300048828125,24.19300079345703,79.20886148800467
2020-10-02,1907.5999755859375,23.97100067138672,79.5794886386603
2020-10-05,1920.0999755859375,24.50200080871582,78.36502784306994
2020-10-06,1908.800048828125,23.8700008392334,79.96648436185926
2020-10-07,1890.800048828125,23.847999572753906,79.28547814083092
2020-10-08,1895.0999755859375,23.836999893188477,79.50245349992514
2020-10-09,1926.199951171875,25.069000244140625,76.83593012936707
2020-10-12,1928.9000244140625,25.22599983215332,76.46476005900335
2020-10-13,1894.5999755859375,24.086000442504883,78.6597999160754
2020-10-14,1907.300048828125,24.36400032043457,78.28353405612273
2020-10-15,1908.9000244140625,24.19300079345703,78.90298688909738
2020-10-16,1906.4000244140625,24.368999481201172,78.23054146661643
2020-10-19,1911.699951171875,24.656999588012695,77.53173472498541
2020-10-20,1915.4000244140625,24.937000274658203,76.80956022447315
2020-10-21,1929.5,25.19700050354004,76.5765750462606
2020-10-22,1904.5999755859375,24.665000915527344,77.21872713926946
2020-10-23,1905.199951171875,24.62700080871582,77.36224016761308
2020-10-26,1905.699951171875,24.375999450683594,78.17935650299796
2020-10-27,1911.9000244140625,24.525999069213867,77.95401194538758
2020-10-28,1879.199951171875,23.323999404907227,80.56937056757525
2020-10-29,1868.0,23.339000701904297,80.03770272167584
2020-10-30,1879.9000244140625,23.617000579833984,79.59944016003735
2020-11-02,1892.5,24.006000518798828,78.83445634844524
2020-11-03,1910.4000244140625,24.30500030517578,78.60111090009903
2020-11-04,1896.199951171875,23.86400032043457,79.45859561308222
2020-11-05,1946.800048828125,25.17099952697754,77.34297745076042
2020-11-06,1951.699951171875,25.645999908447266,76.10153466970205
2020-11-09,1854.4000244140625,23.684999465942383,78.29428187577454
2020-11-10,1876.4000244140625,24.445999145507812,76.75693733135343
2020-11-11,1861.5999755859375,24.250999450683594,76.76384552198166
2020-11-12,1873.300048828125,24.290000915527344,77.12227164349841
2020-11-13,1886.199951171875,24.759000778198242,76.18239395318349
2020-11-16,1887.800048828125,24.785999298095703,76.16396765464138
2020-11-17,1885.0999755859375,24.635000228881836,76.5212079590673
2020-11-18,1873.9000244140625,24.433000564575195,76.69545209813418
2020-11-19,1861.5,24.033000946044922,77.45599495373651
2020-11-20,1872.4000244140625,24.347999572753906,76.90159591218864
2020-11-23,1837.800048828125,23.624000549316406,77.79376930641429
2020-11-24,1804.5999755859375,23.29199981689453,77.4772449670464
2020-11-25,1805.5,23.356000900268555,77.3034736430088
2020-11-27,1781.9000244140625,22.55299949645996,79.00944726637178
2020-11-30,1775.699951171875,22.534000396728516,78.8009194953982
2020-12-01,1814.0999755859375,24.033000946044922,75.4837059116615
2020-12-02,1830.199951171875,24.024999618530273,76.17897940611236
2020-12-03,1841.0999755859375,24.086999893188477,76.43542092207919
2020-12-04,1840.0,24.202999114990234,76.02363621376112
2020-12-07,1866.0,24.740999221801758,75.42136771726186
2020-12-08,1874.9000244140625,24.68400001525879,75.95608585541503
2020-12-09,1838.5,23.93000030517578,76.82824807997824
2020-12-10,1837.4000244140625,24.0310001373291,76.45957363047472
2020-12-11,1843.5999755859375,24.031999588012695,76.71438112480395
2020-12-14,1832.0999755859375,23.985000610351562,76.38523781380397
2020-12-15,1855.300048828125,24.58099937438965,75.47699833397
2020-12-16,1859.0999755859375,24.985000610351562,74.4086423922556
2020-12-17,1890.4000244140625,26.100000381469727,72.4291186507489
2020-12-18,1888.9000244140625,25.948999404907227,72.79278845938282
2020-12-21,1882.800048828125,26.277999877929688,71.6492905690835
2020-12-22,1870.300048828125,25.43400001525879,73.53542689730531
2020-12-23,1878.0999755859375,25.823999404907227,72.72692142445798
2020-12-24,1883.199951171875,25.81100082397461,72.96113637804622
2020-12-28,1880.4000244140625,26.459999084472656,71.06576301877217
2020-12-29,1882.9000244140625,26.13800048828125,72.0368807575103
2020-12-30,1893.4000244140625,26.488000869750977,71.48142412575596
2020-12-31,1895.0999755859375,26.332000732421875,71.96946387945951
2021-01-04,1946.5999755859375,27.284000396728516,71.34584178569885
2021-01-05,1954.4000244140625,27.570999145507812,70.88607903179657
2021-01-06,1908.5999755859375,26.972999572753906,70.75964875311315
2021-01-07,1913.5999755859375,27.200000762939453,70.35293830554798
2021-01-08,1835.4000244140625,24.582000732421875,74.66438734554681
2021-01-11,1850.800048828125,25.23900032043457,73.33095706368522
2021-01-12,1844.199951171875,25.384000778198242,72.65206014159193
2021-01-13,1854.9000244140625,25.520000457763672,72.68416893189226
2021-01-14,1851.4000244140625,25.746000289916992,71.91019978117275
2021-01-15,1829.9000244140625,24.825000762939453,73.71198260528833
2021-01-19,1840.199951171875,25.27899932861328,72.79560109363008
2021-01-20,1866.5,25.733999252319336,72.53050649839346
2021-01-21,1865.9000244140625,25.82200050354004,72.26008783317384
2021-01-22,1856.199951171875,25.52400016784668,72.72370862582048
2021-01-25,1855.199951171875,25.454999923706055,72.88155398673331
2021-01-26,1850.9000244140625,25.52899932861328,72.50186349214034
2021-01-27,1844.9000244140625,25.375999450683594,72.70255612983802
2021-01-28,1837.9000244140625,25.909000396728516,70.9367399850027
2021-01-29,1847.300048828125,26.899999618530273,68.67286524255555
2021-02-01,1863.9000244140625,29.398000717163086,63.402271547190075
2021-02-02,1833.4000244140625,26.384000778198242,69.48908316926092
2021-02-03,1835.0999755859375,26.878000259399414,68.27516771617677
2021-02-04,1791.199951171875,26.222999572753906,68.30644778841238
2021-02-05,1813.0,27.013999938964844,67.11334878567682
2021-02-08,1834.199951171875,27.56999969482422,66.52883465632442
2021-02-09,1837.5,27.395999908447266,67.07183552856658
2021-02-10,1842.699951171875,27.073999404907227,68.06160861619438
2021-02-11,1826.800048828125,27.04199981689453,67.55417725011701
2021-02-12,1823.199951171875,27.322999954223633,66.72766366161933
2021-02-16,1799.0,27.319000244140625,65.85160452150328
2021-02-17,1772.800048828125,27.31399917602539,64.90444835277668
2021-02-18,1775.0,27.07699966430664,65.55379185308463
2021-02-19,1777.4000244140625,27.25200080871582,65.22090017866171
2021-02-22,1808.4000244140625,28.08300018310547,64.39483006171054
2021-02-23,1805.9000244140625,27.68600082397461,65.22791196517804
2021-02-24,1797.9000244140625,27.85700035095215,64.54033103936155
2021-02-25,1775.4000244140625,27.636999130249023,64.23997106367696
2021-02-26,1728.800048828125,26.402000427246094,65.47988867707365
2021-03-01,1723.0,26.64699935913086,64.66018844292864
2021-03-02,1733.5999755859375,26.850000381469727,64.56610618085372
2021-03-03,1715.800048828125,26.35700035095215,65.09845680394892
2021-03-04,1700.699951171875,25.43400001525879,66.86718369708117
2021-03-05,1698.5,25.256999969482422,67.24868361453328
2021-03-08,1678.0,25.239999771118164,66.48177556325162
2021-03-09,1716.9000244140625,26.148000717163086,65.6608527353726
2021-03-10,1721.800048828125,26.101999282836914,65.96429760689925
2021-03-11,1722.5999755859375,26.16200065612793,65.8435873550998
2021-03-12,1719.800048828125,25.8799991607666,66.45286339248793
2021-03-15,1729.199951171875,26.253000259399414,65.86675557407067
2021-03-16,1730.9000244140625,25.974000930786133,66.63971519160467
2021-03-17,1727.0999755859375,26.030000686645508,66.3503622753269
2021-03-18,1732.5,26.320999145507812,65.82196938734693
2021-03-19,1741.699951171875,26.29199981689453,66.24448361865214
2021-03-22,1738.0999755859375,25.740999221801758,67.5226303613663
2021-03-23,1725.0999755859375,25.200000762939453,68.45634616499564
2021-03-24,1733.199951171875,25.201000213623047,68.7750460886449
2021-03-25,1725.0999755859375,25.02199935913086,68.943330659803
2021-03-26,1732.300048828125,25.091999053955078,69.03794492830872
2021-03-29,1712.199951171875,24.746999740600586,69.18818317853676
2021-03-30,1683.9000244140625,24.121000289916992,69.81053870796406
2021-03-31,1713.800048828125,24.517000198364258,69.90251804714948
2021-04-01,1728.4000244140625,24.934999465942383,69.31622464138441
2021-04-05,1728.800048828125,24.76300048828125,69.81383575250729
2021-04-06,1743.0,25.211999893188477,69.13374612820407
2021-04-07,1741.5999755859375,25.232999801635742,69.0207264010297
2021-04-08,1758.199951171875,25.569000244140625,68.76295257476025
2021-04-09,1744.800048828125,25.31100082397461,68.9344550601669
2021-04-12,1732.699951171875,24.85300064086914,69.71793773354526
2021-04-13,1747.5999755859375,25.41699981689453,68.75713058880844
2021-04-14,1736.300048828125,25.514999389648438,68.05017011023526
2021-04-15,1766.800048828125,25.95599937438965,68.06904343553795
2021-04-16,1780.199951171875,26.099000930786133,68.20950563942729
2021-04-19,1770.5999755859375,25.83099937438965,68.54554676430418
2021-04-20,1778.4000244140625,25.834999084472656,68.83685261993742
2021-04-21,1793.0999755859375,26.565000534057617,67.49858609214392
2021-04-22,1782.0,26.173999786376953,68.08283084526866
2021-04-23,1777.800048828125,26.07699966430664,68.17502288277132
2021-04-26,1780.0999755859375,26.211000442504883,67.91423240370676
2021-04-27,1778.800048828125,26.41200065612793,67.34817524758088
2021-04-28,1773.9000244140625,26.08099937438965,68.01503266611599
2021-04-29,1768.300048828125,26.05299949645996,67.87318477737655
2021-04-30,1767.699951171875,25.85300064086914,68.37503993162967
2021-05-03,1791.800048828125,26.94300079345703,66.50335879674006
2021-05-04,1776.0,26.538999557495117,66.92038244141061
2021-05-05,1784.300048828125,26.50200080871582,67.32699397704776
2021-05-06,1815.699951171875,27.461999893188477,66.11681444300898
2021-05-07,1831.300048828125,27.461999893188477,66.68487568097146
2021-05-10,1837.5999755859375,27.479000091552734,66.87288363708804
2021-05-11,1836.0999755859375,27.656999588012695,66.38825624388242
2021-05-12,1822.800048828125,27.231000900268555,66.93841535623277
2021-05-13,1824.0,27.04400062561035,67.44564257525913
2021-05-14,1838.0999755859375,27.35300064086914,67.19920785727484
2021-05-17,1867.5999755859375,28.260000228881836,66.08633971903662
2021-05-18,1868.0,28.31399917602539,65.97443153073591
2021-05-19,1881.5,28.007999420166016,67.17723646642547
2021-05-20,1881.9000244140625,28.052000045776367,67.08612652727447
2021-05-21,1876.699951171875,27.472999572753906,68.31070434089311
2021-05-24,1884.5,27.886999130249023,67.57629213520802
2021-05-25,1898.0,28.03700065612793,67.69625693129062
2021-05-26,1901.199951171875,27.85300064086914,68.25835304732715
2021-05-27,1895.699951171875,27.91900062561035,67.89999314778238
2021-05-28,1902.5,27.993000030517578,67.96341935219237
2021-06-01,1905.0,28.08300018310547,67.83463260973214
2021-06-02,1909.9000244140625,28.18600082397461,67.7605892493102
2021-06-03,1873.300048828125,27.459999084472656,68.21923202056436
2021-06-04,1892.0,27.878999710083008,67.86470173518168
2021-06-07,1898.800048828125,28.000999450683594,67.81186693612
2021-06-08,1894.4000244140625,27.71500015258789,68.35287800773014
2021-06-09,1895.5,27.985000610351562,67.73271247665653
2021-06-10,1896.4000244140625,28.014999389648438,67.69231003855684
2021-06-11,1879.5999755859375,28.131000518798828,66.8159660489102
2021-06-14,1865.9000244140625,28.02400016784668,66.58221571647368
2021-06-15,1856.4000244140625,27.679000854492188,67.06889580924943
2021-06-16,1861.4000244140625,27.799999237060547,66.9568372481322
2021-06-17,1774.800048828125,25.8439998626709,68.67358219544212
2021-06-18,1769.0,25.95800018310547,68.14854717318855
2021-06-21,1782.9000244140625,26.014999389648438,68.53354088962584
2021-06-22,1777.4000244140625,25.847999572753906,68.76354278060266
2021-06-23,1783.4000244140625,26.107999801635742,68.30856587881264
2021-06-24,1776.699951171875,26.047000885009766,68.21130613138568
2021-06-25,1777.800048828125,26.082000732421875,68.16195072865659
2021-06-28,1780.699951171875,26.218000411987305,67.91898402586452
2021-06-29,1763.5999755859375,25.871999740600586,68.16635719187734
2021-06-30,1771.5999755859375,26.165000915527344,67.70876795706894
2021-07-01,1776.800048828125,26.075000762939453,68.14189824889674
2021-07-02,1783.300048828125,26.481000900268555,67.34262256718702
2021-07-06,1794.199951171875,26.15399932861328,68.60136106254943
2021-07-07,1802.0999755859375,26.110000610351562,69.01953019761622
2021-07-08,1800.199951171875,25.966999053955078,69.3264534508343
2021-07-09,1810.5999755859375,26.211000442504883,69.07786597301303
2021-07-12,1805.9000244140625,26.216999053955078,68.88278939544095
2021-07-13,1809.9000244140625,26.114999771118164,69.3049986703702
2021-07-14,1825.0,26.246000289916992,69.53440447461688
2021-07-15,1829.0,26.375,69.34597156398104
2021-07-16,1815.0,25.777000427246094,70.411606079719
2021-07-19,1809.199951171875,25.125999450683594,72.00509395548255
2021-07-20,1811.4000244140625,24.976999282836914,72.52272396303331
2021-07-21,1803.4000244140625,25.238000869750977,71.45573984726852
2021-07-22,1805.4000244140625,25.364999771118164,71.17682005539696
2021-07-23,1801.800048828125,25.218000411987305,71.448965793959
2021-07-26,1799.199951171875,25.295000076293945,71.1286794127372
2021-07-27,1799.800048828125,24.631999969482422,73.06755647361034
2021-07-28,1799.699951171875,24.856000900268555,72.40504851898481
2021-07-29,1831.199951171875,25.763999938964844,71.07591816138817
2021-07-30,1812.5999755859375,25.527999877929688,71.00438672255818
2021-08-02,1822.199951171875,25.55699920654297,71.29944859509817
2021-08-03,1814.0999755859375,25.56599998474121,70.95752079592675
2021-08-04,1814.5,25.445999145507812,71.3078700358413
2021-08-05,1808.9000244140625,25.277000427246094,71.56308081809613
2021-08-06,1763.0999755859375,24.312000274658203,72.51974151315382
2021-08-09,1726.5,23.2549991607666,74.24210115271774
2021-08-10,1731.699951171875,23.37700080871582,74.07707966225644
2021-08-11,1753.300048828125,23.474000930786133,74.69114677117838
2021-08-12,1751.800048828125,23.104999542236328,75.8190903932201
2021-08-13,1778.199951171875,23.76799964904785,74.81487619607525
2021-08-16,1789.800048828125,23.780000686645508,75.26492839141295
2021-08-17,1787.800048828125,23.648000717163086,75.6004733850751
2021-08-18,1784.4000244140625,23.41200065612793,76.21732335578967
2021-08-19,1783.0999755859375,23.219999313354492,76.79156022026345
2021-08-20,1784.0,23.104999542236328,77.2127260482658
2021-08-23,1806.300048828125,23.64900016784668,76.37955245499052
2021-08-24,1808.5,23.889999389648438,75.70113211403535
2021-08-25,1791.0,23.770999908447266,75.34390673080395
2021-08-26,1795.199951171875,23.54599952697754,76.24224867222335
2021-08-27,1819.5,24.059999465942383,75.62344307511538
2021-08-30,1812.199951171875,23.959999084472656,75.63439150322323
2021-08-31,1818.0999755859375,23.959999084472656,75.8806362711492
2021-09-01,1816.0,24.177000045776367,75.11271028504831
2021-09-02,1811.5,23.875,75.87434554973822
2021-09-03,1833.699951171875,24.761999130249023,74.05298504076937
2021-09-07,1798.5,24.333999633789062,73.90893511408977
2021-09-08,1793.5,24.011999130249023,74.6918234617394
2021-09-09,1800.0,24.132999420166016,74.5866673537432
2021-09-10,1792.0999755859375,23.854999542236328,75.12471221862509
2021-09-13,1794.4000244140625,23.753000259399414,75.54414199545137
2021-09-14,1807.0999755859375,23.841999053955078,75.7948178546783
2021-09-15,1794.800048828125,23.759000778198242,75.54189949246819
2021-09-16,1756.699951171875,22.75200080871582,77.2107897648685
2021-09-17,1751.4000244140625,22.295000076293945,78.55573081052863
2021-09-20,1763.800048828125,22.163000106811523,79.58309075160103
2021-09-21,1778.199951171875,22.572999954223633,78.77552628263555
2021-09-22,1778.800048828125,22.868999481201172,77.78215440908721
2021-09-23,1749.800048828125,22.642000198364258,77.28116038770007
2021-09-24,1751.699951171875,22.38800048828125,78.24280476002235
2021-09-27,1752.0,22.656999588012695,77.32709678500164
2021-09-28,1737.5,22.43000030517578,77.46321784931351
2021-09-29,1722.9000244140625,21.458999633789062,80.28799356057617
2021-09-30,1757.0,22.020999908447266,79.78747592319884
2021-10-01,1758.4000244140625,22.510000228881836,78.11639300464856
2021-10-04,1767.5999755859375,22.618000030517578,78.15014471664092
2021-10-05,1760.9000244140625,22.582000732421875,77.9780341555772
2021-10-06,1761.800048828125,22.506000518798828,78.2813475613549
2021-10-07,1759.199951171875,22.631999969482422,77.73064481901847
2021-10-08,1757.4000244140625,22.679000854492188,77.4901873186341
2021-10-11,1755.699951171875,22.639999389648438,77.54858650635053
2021-10-12,1759.300048828125,22.490999221801758,78.2224049486756
2021-10-13,1794.699951171875,23.14900016784668,77.52818429128803
2021-10-14,1797.9000244140625,23.45599937438965,76.64990076598882
2021-10-15,1768.300048828125,23.327999114990234,75.80161676583059
2021-10-18,1765.699951171875,23.243000030517578,75.96695559323442
2021-10-19,1770.5,23.86199951171875,74.19747029709302
2021-10-20,1784.9000244140625,24.423999786376953,73.07975925424105
2021-10-21,1781.9000244140625,24.149999618530273,73.78468126545278
2021-10-22,1796.300048828125,24.429000854492188,73.53145793917346
2021-10-25,1806.800048828125,24.57200050354004,73.53084860013017
2021-10-26,1793.4000244140625,24.086000442504883,74.4581911262123
2021-10-27,1798.800048828125,24.18899917602539,74.36438505529333
2021-10-28,1802.5999755859375,24.117000579833984,74.7439537358234
2021-10-29,1783.9000244140625,23.94499969482422,74.49989756315001
2021-11-01,1795.800048828125,24.06399917602539,74.62600192478622
2021-11-02,1789.4000244140625,23.5,76.14468188996011
2021-11-03,1763.9000244140625,23.22599983215332,75.94506316891368
2021-11-04,1793.5,23.9060001373291,75.02300634556839
2021-11-05,1816.800048828125,24.152000427246094,75.22358465920595
2021-11-08,1828.0,24.53700065612793,74.49973310179094
2021-11-09,1830.800048828125,24.312999725341797,75.30128201004565
2021-11-10,1848.300048828125,24.767000198364258,74.62752994002868
2021-11-11,1863.9000244140625,25.301000595092773,73.66902417193623
2021-11-12,1868.5,25.3439998626709,73.72553701565111
2021-11-15,1866.5999755859375,25.10700035095215,74.34579796447684
2021-11-16,1854.0999755859375,24.944000244140625,74.3304986144501
2021-11-17,1870.199951171875,25.16699981689453,74.31159712237195
2021-11-18,1861.4000244140625,24.900999069213867,74.7520217658812
2021-11-19,1851.5999755859375,24.780000686645508,74.72154658106227
2021-11-22,1806.300048828125,24.297000885009766,74.34251072289901
2021-11-23,1783.800048828125,23.434999465942383,76.1169229562171
2021-11-24,1784.300048828125,23.496000289916992,75.94058677271273
2021-11-26,1785.5,23.10700035095215,77.2709556793003
2021-11-29,1782.300048828125,22.798999786376953,78.17448421106174
2021-11-30,1773.5999755859375,22.764999389648438,77.9090719586146
2021-12-01,1784.300048828125,22.298999786376953,80.01704407917887
2021-12-02,1762.699951171875,22.280000686645508,79.11579429296994
2021-12-03,1783.9000244140625,22.44499969482422,79.47872794248364
2021-12-06,1779.5,22.22800064086914,80.05668295366846
2021-12-07,1784.699951171875,22.48699951171875,79.36585537976316
2021-12-08,1785.5,22.389999389648438,79.74542423728201
2021-12-09,1776.699951171875,21.974000930786133,80.85464075332196
2021-12-10,1784.800048828125,22.15999984741211,80.54151900351017
2021-12-13,1788.300048828125,22.290000915527344,80.22880104874221
2021-12-14,1772.300048828125,21.886999130249023,80.97501344433783
2021-12-15,1764.5,21.507999420166016,82.03924342426731
2021-12-16,1798.199951171875,22.454999923706055,80.08015841823675
2021-12-17,1804.9000244140625,22.506999969482422,80.19283009114291
2021-12-20,1794.5999755859375,22.274999618530273,80.56565684935114
2021-12-21,1788.699951171875,22.50200080871582,79.49070690989613
2021-12-22,1802.199951171875,22.79199981689453,79.07160256451026
2021-12-23,1811.699951171875,22.930999755859375,79.00658368412157
2021-12-27,1808.800048828125,22.979000091552734,78.71535060801251
2021-12-28,1810.9000244140625,23.111000061035156,78.35662756399782
2021-12-29,1805.800048828125,22.847999572753906,79.03536776066514
2021-12-30,1814.0999755859375,23.027999877929688,78.77800873729345
2021-12-31,1828.5999755859375,23.327999114990234,78.38649026743599
2022-01-03,1800.0999755859375,22.790000915527344,78.9863932984526
2022-01-04,1814.5999755859375,23.038000106811523,78.76551641517808
2022-01-05,1825.0999755859375,23.149999618530273,78.83801320346664
2022-01-06,1789.199951171875,22.173999786376953,80.68909391219108
2022-01-07,1797.4000244140625,22.393999099731445,80.26257464820642
2022-01-10,1798.800048828125,22.445999145507812,80.13900549346339
2022-01-11,1818.5,22.805999755859375,79.73778915492562
2022-01-12,1827.300048828125,23.200000762939453,78.76293054899905
2022-01-13,1821.4000244140625,23.155000686645508,78.66119500763145
2022-01-14,1816.5,22.910999298095703,79.28506200735566
2022-01-18,1812.4000244140625,23.48699951171875,77.16609452432493
2022-01-19,1843.199951171875,24.22599983215332,76.08354511443265
2022-01-20,1842.5999755859375,24.711000442504883,74.56598043746214
2022-01-21,1831.800048828125,24.31399917602539,75.33931524659899
2022-01-24,1841.699951171875,23.795000076293945,77.39861085382768
2022-01-25,1852.5,23.895999908447266,77.523435181515
2022-01-26,1829.699951171875,23.80699920654297,76.85554719844791
2022-01-27,1793.0999755859375,22.67300033569336,79.0852533426341
2022-01-28,1784.9000244140625,22.302000045776367,80.0331818110678
2022-01-31,1795.0,22.395000457763672,80.15181796425138
2022-02-01,1801.5,22.59600067138672,79.72649789664932
2022-02-02,1810.300048828125,22.711000442504883,79.71027315203821
2022-02-03,1804.0999755859375,22.375,80.63016650663408
2022-02-04,1807.800048828125,22.475000381469727,80.43604085180024
2022-02-07,1821.800048828125,23.076000213623047,78.94782596477076
2022-02-08,1827.9000244140625,23.19499969482422,78.80577919653709
2022-02-09,1836.5999755859375,23.336000442504883,78.70243146896328
2022-02-10,1837.4000244140625,23.518999099731445,78.12407392944894
2022-02-11,1842.0999755859375,23.365999221801758,78.83677295799775
2022-02-14,1869.4000244140625,23.844999313354492,78.3979902808006
2022-02-15,1856.199951171875,23.33799934387207,79.53552161099289
2022-02-16,1871.5,23.60099983215332,79.29748795855345
2022-02-17,1902.0,23.874000549316406,79.66825652328556
2022-02-18,1899.800048828125,23.990999221801758,79.18803344804775
2022-02-22,1907.4000244140625,24.31100082397461,78.4583093976557
2022-02-23,1910.4000244140625,24.55500030517578,77.80085525030037
2022-02-24,1926.300048828125,24.68600082397461,78.03208233539944
2022-02-25,1887.5999755859375,23.996999740600586,78.65983231196616
2022-02-28,1900.699951171875,24.361000061035156,78.02224647632589
2022-03-01,1943.800048828125,25.534000396728516,76.12595044359637
2022-03-02,1922.300048828125,25.183000564575195,76.33324090585992
2022-03-03,1935.9000244140625,25.204999923706055,76.80619044927236
2022-03-04,1966.5999755859375,25.781999588012695,76.27802369915115
2022-03-07,1995.9000244140625,25.71299934387207,77.622217374253
2022-03-08,2043.300048828125,26.88800048828125,75.99300846928607
2022-03-09,1988.199951171875,25.756999969482422,77.19066481063584
2022-03-10,2000.4000244140625,26.20199966430664,76.34531906124262
2022-03-11,1985.0,26.106000900268555,76.03615764755375
2022-03-14,1960.800048828125,25.243999481201172,77.67390624010682
2022-03-15,1929.699951171875,25.12299919128418,76.81009486484153
2022-03-16,1909.199951171875,24.670000076293945,77.38953973520559
2022-03-17,1943.199951171875,25.583999633789062,75.95372025433701
2022-03-18,1929.300048828125,25.05500030517578,77.00259530348424
2022-03-21,1929.5,25.281999588012695,76.31912156643102
2022-03-22,1921.5,24.885000228881836,77.21518916322466
2022-03-23,1937.300048828125,25.170000076293945,76.96861513531529
2022-03-24,1962.199951171875,25.899999618530273,75.76061699120683
2022-03-25,1954.199951171875,25.594999313354492,76.35084991591495
2022-03-28,1939.800048828125,25.176000595092773,77.04957113824602
2022-03-29,1912.199951171875,24.715999603271484,77.36688711221578
2022-03-30,1933.5,25.10300064086914,77.0226646471956
2022-03-31,1949.199951171875,25.121000289916992,77.59244969055791
2022-04-01,1923.699951171875,24.642000198364258,78.06590113166101
2022-04-04,1934.0,24.583999633789062,78.66905421450814
2022-04-05,1927.5,24.527999877929688,78.58365988228685
2022-04-06,1923.0999755859375,24.454999923706055,78.63831451995767
2022-04-07,1937.800048828125,24.732999801635742,78.34876741073546
2022-04-08,1945.5999755859375,24.819000244140625,78.39155310235604
2022-04-11,1948.199951171875,24.97800064086914,77.99663308456401
2022-04-12,1976.0999755859375,25.725000381469727,76.81632444248145
2022-04-13,1984.699951171875,26.020000457763672,76.27593836493165
2022-04-14,1974.9000244140625,25.690000534057617,76.87426949625431
2022-04-18,1986.4000244140625,26.139999389648438,75.99082137701527
2022-04-19,1959.0,25.391000747680664,77.15331977133451
2022-04-20,1955.5999755859375,25.270000457763672,77.38820499249816
2022-04-21,1948.199951171875,24.621000289916992,79.12757110724372
2022-04-22,1934.300048828125,24.256999969482422,79.7419322777613
2022-04-25,1896.0,23.667999267578125,80.10816539939889
2022-04-26,1904.0999755859375,23.54199981689453,80.88097826844307
2022-04-27,1888.699951171875,23.45800018310547,80.5141076148564
2022-04-28,1891.300048828125,23.128999710083008,81.77180477042504
2022-04-29,1911.699951171875,23.040000915527344,82.97308486144735
2022-05-02,1863.5999755859375,22.54400062561035,82.66500726888987
2022-05-03,1870.5999755859375,22.621000289916992,82.69307066936966
2022-05-04,1868.800048828125,22.36199951171875,83.57034655370532
2022-05-05,1875.699951171875,22.399999618530273,83.73660638905604
2022-05-06,1882.800048828125,22.325000762939453,84.33594555363516
2022-05-09,1858.5999755859375,21.781999588012695,85.3273349894278
2022-05-10,1841.0,21.389999389648438,86.06825865039252
2022-05-11,1853.699951171875,21.549999237060547,86.01856226444686
2022-05-12,1824.5999755859375,20.756999969482422,87.90287509122322
2022-05-13,1808.199951171875,20.983999252319336,86.17041629812377
2022-05-16,1814.0,21.53499984741211,84.23496693072839
2022-05-17,1818.9000244140625,21.73699951171875,83.67760340765824
2022-05-18,1815.9000244140625,21.533000946044922,84.33102422482354
2022-05-19,1841.199951171875,21.898000717163086,84.08073298348147
2022-05-20,1842.0999755859375,21.66900062561035,85.01084140487679
2022-05-23,1847.800048828125,21.722999572753906,85.06191986238079
2022-05-24,1865.4000244140625,22.062999725341797,84.5487942544569
2022-05-25,1846.300048828125,21.860000610351562,84.46020115634535
2022-05-26,1847.5999755859375,21.94099998474121,84.20764672853764
2022-05-27,1851.300048828125,22.059999465942383,83.92112845180611
2022-05-31,1842.699951171875,21.650999069213867,85.1092342335398
2022-06-01,1848.699951171875,21.884000778198242,84.47723841307972
2022-06-02,1871.4000244140625,22.253999710083008,84.09274956385276
2022-06-03,1850.199951171875,21.889999389648438,84.52261319142914
2022-06-06,1843.699951171875,22.073999404907227,83.52360246788834
2022-06-07,1852.0999755859375,22.159000396728516,83.58228902145675
2022-06-08,1856.5,22.073999404907227,84.10347241321776
2022-06-09,1852.800048828125,21.797000885009766,85.00252207184764
2022-06-10,1875.5,21.913000106811523,85.58846305198584
2022-06-13,1831.800048828125,21.236000061035156,86.25918457163695
2022-06-14,1813.5,20.93600082397461,86.62112765697316
2022-06-15,1819.5999755859375,21.402000427246094,85.02008874224076
2022-06-16,1849.9000244140625,21.867000579833984,84.59779463855976
2022-06-17,1840.5999755859375,21.572999954223633,85.31961152790801
2022-06-21,1838.800048828125,21.753999710083008,84.5269869143116
2022-06-22,1838.4000244140625,21.406999588012695,85.87845376722078
2022-06-23,1829.800048828125,21.031999588012695,87.00076477136437
2022-06-24,1830.300048828125,21.115999221801758,86.67835367877758
2022-06-27,1824.800048828125,21.159000396728516,86.2422616670618
2022-06-28,1821.199951171875,20.797000885009766,87.57031656831705
2022-06-29,1817.5,20.667999267578125,87.93787809210497
2022-06-30,1807.300048828125,20.281999588012695,89.10857339215688
2022-07-01,1801.5,19.597000122070312,91.92733524408845
2022-07-05,1763.9000244140625,19.052000045776367,92.58345686415747
2022-07-06,1736.5,19.084999084472656,90.98769102969447
2022-07-07,1739.699951171875,19.121999740600586,90.978975775116
2022-07-08,1742.300048828125,19.16699981689453,90.9010312241144
2022-07-11,1731.699951171875,19.066999435424805,90.82183890741241
2022-07-12,1724.800048828125,18.89900016784668,91.2640898200831
2022-07-13,1735.5,19.13800048828125,90.68345468288062
2022-07-14,1705.800048828125,18.16900062561035,93.88518851299352
2022-07-15,1703.5999755859375,18.54800033569336,91.84817472250998
2022-07-18,1710.199951171875,18.791000366210938,91.01165014328207
2022-07-19,1710.699951171875,18.670000076293945,91.62827767440773
2022-07-20,1700.199951171875,18.638999938964844,91.21733766507535
2022-07-21,1713.4000244140625,18.687000274658203,91.68940970893209
2022-07-22,1727.4000244140625,18.584999084472656,92.94593002467597
2022-07-25,1719.0999755859375,18.29400062561035,93.97069622810196
2022-07-26,1717.699951171875,18.48699951171875,92.91393933791363
2022-07-27,1719.0999755859375,18.55299949645996,92.65887038448707
2022-07-28,1750.300048828125,19.82699966430664,88.27861393365963
2022-07-29,1762.9000244140625,20.1560001373291,87.46279085150208
2022-08-01,1787.699951171875,20.32200050354004,87.96869928531211
2022-08-02,1789.699951171875,20.104999542236328,89.01765689733521
2022-08-03,1776.4000244140625,19.864999771118164,89.4236116225272
2022-08-04,1806.9000244140625,20.099000930786133,89.89999207604342
2022-08-05,1791.199951171875,19.819000244140625,90.37791660058298
2022-08-08,1805.199951171875,20.591999053955078,87.66511432143605
2022-08-09,1812.300048828125,20.45800018310547,88.5863736732562
2022-08-10,1813.699951171875,20.718000411987305,87.54222970873577
2022-08-11,1807.199951171875,20.326000213623047,88.9107513617283
2022-08-12,1815.5,20.677000045776367,87.8028725627849
2022-08-15,1798.0999755859375,20.250999450683594,88.79067820651393
2022-08-16,1789.699951171875,20.065000534057617,89.19511106586327
2022-08-17,1776.699951171875,19.711000442504883,90.13748218180706
2022-08-18,1771.199951171875,19.447999954223633,91.07362995376876
2022-08-19,1762.9000244140625,19.058000564575195,92.50183503986887
2022-08-22,1748.4000244140625,18.87299919128418,92.64028502801497
2022-08-23,1761.199951171875,19.011999130249023,92.63623141922616
2022-08-24,1761.5,18.895000457763672,93.22571883168312
2022-08-25,1771.4000244140625,19.111000061035156,92.69007476096014
2022-08-26,1749.800048828125,18.739999771118164,93.37246906079974
2022-08-29,1749.699951171875,18.55500030517578,94.29802869277286
2022-08-30,1736.300048828125,18.159000396728516,95.61649930581713
2022-08-31,1726.199951171875,17.761999130249023,97.18500369883047
2022-09-01,1709.300048828125,17.551000595092773,97.39046156183494
2022-09-02,1722.5999755859375,17.775999069213867,96.90594429481585
2022-09-06,1712.9000244140625,17.795000076293945,96.25737662659216
2022-09-07,1727.800048828125,18.136999130249023,95.26383258995074
2022-09-08,1720.199951171875,18.329999923706055,93.84615157292788
2022-09-09,1728.5999755859375,18.658000946044922,92.64657990878503
2022-09-12,1740.5999755859375,19.7549991607666,88.10934191497039
2022-09-13,1717.4000244140625,19.389999389648438,88.57143261855465
2022-09-14,1709.0999755859375,19.47100067138672,87.77668926371702
2022-09-15,1677.300048828125,19.174999237060547,87.47327851707641
2022-09-16,1683.5,19.29599952697754,87.24606349861877
2022-09-19,1678.199951171875,19.273000717163086,87.07517712472227
2022-09-20,1671.0999755859375,19.101999282836914,87.48298808111754
2022-09-21,1675.699951171875,19.410999298095703,86.32734077406658
2022-09-22,1681.0999755859375,19.54800033569336,85.99856490263916
2022-09-23,1655.5999755859375,18.840999603271484,87.87219417479659
2022-09-26,1633.4000244140625,18.4060001373291,88.74280192475787
2022-09-27,1636.199951171875,18.256999969482422,89.6204170404159
2022-09-28,1670.0,18.79599952697754,88.84869344687314
2022-09-29,1668.5999755859375,18.611000061035156,89.65665306075599
2022-09-30,1672.0,18.959999084472656,88.18565826668679
2022-10-03,1702.0,20.518999099731445,82.94751570130319
2022-10-04,1730.5,21.03700065612793,82.25982535661126
2022-10-05,1720.800048828125,20.479000091552734,84.02754241589793
2022-10-06,1720.800048828125,20.594999313354492,83.55426589950407
2022-10-07,1709.300048828125,20.191999435424805,84.6523423445294
2022-10-10,1675.199951171875,19.555999755859375,85.66168807963659
2022-10-11,1686.0,19.427000045776367,86.78643105097197
2022-10-12,1677.5,18.878000259399414,88.86004751296512
2022-10-13,1677.0,18.857999801635742,88.92777694559828
2022-10-14,1648.9000244140625,18.014999389648438,91.52928561083014
2022-10-17,1664.0,18.673999786376953,89.10785150666653
2022-10-18,1655.800048828125,18.570999145507812,89.16052582063959
2022-10-19,1634.199951171875,18.336000442504883,89.12521333625288
2022-10-20,1636.800048828125,18.666000366210938,87.68884692572111
2022-10-21,1656.300048828125,19.042999267578125,86.97684779351314
2022-10-24,1654.0999755859375,19.173999786376953,86.26786241862632
2022-10-25,1658.0,19.339000701904297,85.73348879586824
2022-10-26,1669.199951171875,19.479999542236328,85.68788451728314
2022-10-27,1665.5999755859375,19.47800064086914,85.51185546688717
2022-10-28,1644.800048828125,19.14699935913086,85.9038023649251
2022-10-31,1640.699951171875,19.125,85.78823274101308
2022-11-01,1649.699951171875,19.67300033569336,83.85604244507489
2022-11-02,1650.0,19.600000381469727,84.18367183094274
2022-11-03,1630.9000244140625,19.43600082397461,83.911296319885
2022-11-04,1676.5999755859375,20.790000915527344,80.64453591888696
2022-11-07,1680.5,20.898000717163086,80.4143909622819
2022-11-08,1716.0,21.476999282836914,79.89942996232816
2022-11-09,1713.699951171875,21.29800033569336,80.46295070715544
2022-11-10,1753.699951171875,21.677000045776367,80.90141382426084
2022-11-11,1769.4000244140625,21.645999908447266,81.74258670876004
2022-11-14,1776.9000244140625,22.091999053955078,80.4318350763259
2022-11-15,1776.800048828125,21.499000549316406,82.64570461088812
2022-11-16,1775.800048828125,21.503999710083008,82.5799885030444
2022-11-17,1763.0,20.954999923706055,84.1326655413416
2022-11-18,1754.4000244140625,20.97599983215332,83.63844576909315
2022-11-21,1739.5999755859375,20.849000930786133,83.4380496869374
2022-11-22,1739.9000244140625,21.034000396728516,82.71845543393042
2022-11-23,1745.5999755859375,21.35700035095215,81.73432349586089
2022-11-25,1754.0,21.424999237060547,81.86698074490313
2022-11-28,1740.300048828125,20.90999984741211,83.22812345900185
2022-11-29,1748.4000244140625,21.20400047302246,82.456139662821
2022-11-30,1746.0,21.549999237060547,81.02088453893407
2022-12-01,1815.199951171875,22.636999130249023,80.18730489529804
2022-12-02,1809.5999755859375,23.038000106811523,78.54848368764885
2022-12-05,1781.300048828125,22.198999404907227,80.24235760979198
2022-12-06,1782.4000244140625,22.12299919128418,80.56773898524014
2022-12-07,1798.0,22.709999084472656,79.17217404158038
2022-12-08,1801.5,23.062999725341797,78.11212858058956
2022-12-09,1810.699951171875,23.53499984741211,76.93647601068407
2022-12-12,1792.300048828125,23.219999313354492,77.18777354990365
2022-12-13,1825.5,23.801000595092773,76.69845613030138
2022-12-14,1818.699951171875,23.945999145507812,75.950054959935
2022-12-15,1787.800048828125,23.128000259399414,77.30024337497782
2022-12-16,1800.199951171875,23.150999069213867,77.75906110098617
2022-12-19,1797.699951171875,23.02899932861328,78.06244316218519
2022-12-20,1825.4000244140625,24.0939998626709,75.76160184354342
2022-12-21,1825.4000244140625,24.03499984741211,75.94757794893877
2022-12-22,1795.300048828125,23.47599983215332,76.47384825626199
2022-12-23,1804.199951171875,23.763999938964844,75.92156016688097
2022-12-27,1823.0999755859375,24.040000915527344,75.83610258552046
2022-12-28,1815.800048828125,23.663000106811523,76.73583402915327
2022-12-29,1826.0,24.077999114990234,75.83686631432707
2022-12-30,1826.199951171875,23.86199951171875,76.5317235999028
2023-01-03,1846.0999755859375,24.05900001525879,76.73219894488952
2023-01-04,1859.0,23.79199981689453,78.13550833503021
2023-01-05,1840.5999755859375,23.257999420166016,79.13836191732089
2023-01-06,1869.699951171875,23.82200050354004,78.48626948412794
2023-01-09,1877.800048828125,23.711999893188477,79.19197272633014
2023-01-10,1876.5,23.506999969482422,79.82728559306315
2023-01-11,1878.9000244140625,23.32699966430664,80.54615044595835
2023-01-12,1898.800048828125,23.863000869750977,79.57088294100791
2023-01-13,1921.699951171875,24.231000900268555,79.30749369707533
2023-01-17,1909.9000244140625,23.944000244140625,79.76528587287487
2023-01-18,1907.0,23.530000686645508,81.04547149810841
2023-01-19,1923.9000244140625,23.753999710083008,80.99267693420964
2023-01-20,1928.199951171875,23.829999923706055,80.91481147063304
2023-01-23,1928.5999755859375,23.45199966430664,82.23605676240985
2023-01-24,1935.4000244140625,23.64900016784668,81.83855599296938
2023-01-25,1942.5999755859375,23.839000701904297,81.4883140395545
2023-01-26,1930.0,23.93000030517578,80.65190035048029
2023-01-27,1929.4000244140625,23.527000427246094,82.00790535880076
2023-01-30,1922.9000244140625,23.645000457763672,81.32374655051832
2023-01-31,1929.5,23.74799919128418,81.24895004662756
2023-02-01,1942.800048828125,23.520999908447266,82.5985313715508
2023-02-02,1930.800048828125,23.534000396728516,82.04300230642163
2023-02-03,1876.5999755859375,22.333999633789062,84.02435776648053
2023-02-06,1879.5,22.177000045776367,84.74996600624316
2023-02-07,1884.800048828125,22.117000579833984,85.21951437423495
2023-02-08,1890.699951171875,22.367000579833984,84.53077758117125
2023-02-09,1878.5,22.097000122070312,85.01153955842942
2023-02-10,1874.5,22.034000396728516,85.07306736176311
2023-02-13,1863.5,21.81800079345703,85.41112531991668
2023-02-14,1865.4000244140625,21.841999053955078,85.40427182539787
2023-02-15,1845.300048828125,21.54599952697754,85.64467137009089
2023-02-16,1851.800048828125,21.68400001525879,85.3993750011545
2023-02-17,1850.199951171875,21.694000244140625,85.2862510532883
2023-02-21,1842.5,21.868999481201172,84.25168245963117
2023-02-22,1841.5,21.660999298095703,85.01454501971628
2023-02-23,1826.800048828125,21.298999786376953,85.76928809570504
2023-02-24,1817.0999755859375,20.805999755859375,87.33538387523083
2023-02-27,1824.9000244140625,20.670000076293945,88.28737385961637
2023-02-28,1836.699951171875,20.961000442504883,87.6246320498806
2023-03-01,1845.4000244140625,20.958999633789062,88.04809660089883
2023-03-02,1840.5,20.766000747680664,88.6304504349767
2023-03-03,1854.5999755859375,21.093000411987305,87.9249011217937
2023-03-06,1854.5999755859375,20.983999252319336,88.38162608021209
2023-03-07,1820.0,20.054000854492188,90.75495773664095
2023-03-08,1818.5999755859375,20.0049991607666,90.90727577497424
2023-03-09,1834.5999755859375,20.024999618530273,91.61548117525443
2023-03-10,1867.199951171875,20.375,91.64171539493866
2023-03-13,1916.5,21.792999267578125,87.94108495434196
2023-03-14,1910.9000244140625,21.929000854492188,87.14031419368621
2023-03-15,1931.300048828125,21.77400016784668,88.69753072198672
2023-03-16,1923.0,21.58799934387207,89.07726785464533
2023-03-17,1973.5,22.35099983215332,88.29582635319052
2023-03-20,1982.800048828125,22.533000946044922,87.99538301959525
2023-03-21,1941.0999755859375,22.323999404907227,86.95126443872095
2023-03-22,1949.5999755859375,22.674999237060547,85.98015617127191
2023-03-23,1995.9000244140625,23.143999099731445,86.23833831886134
2023-03-24,1983.800048828125,23.246999740600586,85.33574529892749
2023-03-27,1953.800048828125,23.054000854492188,84.74884950164376
2023-03-28,1973.5,23.323999404907227,84.6124185539461
2023-03-29,1966.9000244140625,23.375999450683594,84.14185791557861
2023-03-30,1980.300048828125,23.902000427246094,82.85080802570667
2023-03-31,1969.0,24.076000213623047,81.78268742853186
2023-04-03,2000.4000244140625,23.94099998474121,83.55540811532587
2023-04-04,2038.199951171875,25.02199935913086,81.45631857464295
2023-04-05,2035.5999755859375,24.96299934387207,81.54468730079255
2023-04-06,2026.4000244140625,25.024999618530273,80.9750271849584
2023-04-10,2003.800048828125,24.84600067138672,80.64879637292096
2023-04-11,2019.0,25.131000518798828,80.33902185827104
2023-04-12,2024.9000244140625,25.40399932861328,79.70792308018042
2023-04-13,2055.300048828125,25.874000549316406,79.43495420859556
2023-04-14,2015.800048828125,25.423999786376953,79.28729018902287
2023-04-17,2007.0,25.05299949645996,80.11016805726568
2023-04-18,2019.699951171875,25.24799919128418,79.99445563469014
2023-04-19,2007.300048828125,25.365999221801758,79.13349012101506
2023-04-20,2019.0999755859375,25.368000030517578,79.59239881571153
2023-04-21,1990.5,25.05299949645996,79.45156428399967
2023-04-24,1999.800048828125,25.305999755859375,79.0247399083725
2023-04-25,2004.5,24.87700080871582,80.57643344601695
2023-04-26,1996.0,24.871000289916992,80.2541102783551
2023-04-27,1999.0,24.982999801635742,80.01441043397507
2023-04-28,1999.0999755859375,24.999000549316406,79.96719595418396
2023-05-01,1992.199951171875,25.009000778198242,79.65931821268877
2023-05-02,2023.300048828125,25.40399932861328,79.64494183202177
2023-05-03,2037.0,25.47599983215332,79.95760768647429
2023-05-04,2055.699951171875,26.03499984741211,78.95909211523242
2023-05-05,2024.800048828125,25.743000030517578,78.6543932885749
2023-05-08,2033.199951171875,25.63599967956543,79.31034391424758
2023-05-09,2042.9000244140625,25.697999954223633,79.49645996004054
2023-05-10,2037.0999755859375,25.461000442504883,80.00863831670887
2023-05-11,2020.5,24.2549991607666,83.30241475613971
2023-05-12,2019.800048828125,23.992000579833984,84.18639546573824
2023-05-15,2022.699951171875,24.12700080871582,83.83553211641538
2023-05-16,1993.0,23.73699951171875,83.96174920996536
2023-05-17,1984.9000244140625,23.75200080871582,83.56769774467595
2023-05-18,1959.800048828125,23.4950008392334,83.4134913311231
2023-05-19,1981.5999755859375,23.920000076293945,82.84280807966275
2023-05-22,1977.199951171875,23.71500015258789,83.37338977230046
2023-05-23,1974.5,23.474000930786133,84.1143359336944
2023-05-24,1964.5999755859375,23.114999771118164,84.99242894393946
2023-05-25,1943.699951171875,22.785999298095703,85.30237913832974
2023-05-26,1944.300048828125,23.239999771118164,83.66179294220265
2023-05-30,1958.0,23.125,84.67027027027027
2023-05-31,1963.9000244140625,23.474000930786133,83.66277355976455
2023-06-01,1995.5,23.875,83.58115183246073
2023-06-02,1969.5999755859375,23.64299964904785,83.3058412562831
2023-06-05,1974.300048828125,23.534000396728516,83.89139183929709
2023-06-06,1981.5,23.573999404907227,84.0544689072795
2023-06-07,1958.4000244140625,23.43899917602539,83.55305658345748
2023-06-08,1978.5999755859375,24.263999938964844,81.54467443797516
2023-06-09,1977.199951171875,24.333999633789062,81.25256763900114
2023-06-12,1969.699951171875,23.985000610351562,82.1221555575772
2023-06-13,1958.5999755859375,23.756000518798828,82.4465369932973
2023-06-14,1968.9000244140625,24.04400062561035,81.88737203395753
2023-06-15,1970.699951171875,23.891000747680664,82.48712441914725
2023-06-16,1971.199951171875,24.076000213623047,81.87406270483835
2023-06-20,1947.699951171875,23.19300079345703,83.97791939546434
2023-06-21,1944.9000244140625,22.77400016784668,85.40001800649658
2023-06-22,1923.699951171875,22.43600082397461,85.74165985571958
2023-06-23,1929.5999755859375,22.327999114990234,86.42064009624902
2023-06-26,1933.800048828125,22.80500030517578,84.79719460425673
2023-06-27,1923.800048828125,22.93899917602539,83.86591036799798
2023-06-28,1922.199951171875,22.868000030517578,84.05632099906768
2023-06-29,1917.9000244140625,22.590999603271484,84.89664282656729
2023-06-30,1929.4000244140625,22.809999465942383,84.58571107355132
2023-07-03,1929.5,22.895999908447266,84.27236232160051
2023-07-05,1927.0999755859375,23.19700050354004,83.07539482494072
2023-07-06,1915.4000244140625,22.68600082397461,84.43092457220861
2023-07-07,1932.5,23.091999053955078,83.6869945943035
2023-07-10,1931.0,23.150999069213867,83.40892737401724
2023-07-11,1937.0999755859375,23.086000442504883,83.90799352231832
2023-07-12,1961.699951171875,24.118999481201172,81.33421756158927
2023-07-13,1963.800048828125,24.76799964904785,79.2877937925689
2023-07-14,1964.4000244140625,25.013999938964844,78.53202323527931
2023-07-17,1956.4000244140625,24.8439998626709,78.74738509210957
2023-07-18,1980.800048828125,25.083999633789062,78.96667508158926
2023-07-19,1980.800048828125,25.2189998626709,78.54395731847005
2023-07-20,1970.9000244140625,24.80500030517578,79.45575489482324
2023-07-21,1966.5999755859375,24.697999954223633,79.62587979718685
2023-07-24,1962.199951171875,24.43600082397461,80.29955332325594
2023-07-25,1963.699951171875,24.68000030517578,79.56644760494822
2023-07-26,1970.0999755859375,24.825000762939453,79.3595131939349
2023-07-27,1945.699951171875,24.236000061035156,80.28139735401417
2023-07-28,1960.4000244140625,24.3700008392334,80.44316606087283
2023-07-31,1970.5,24.854000091552734,79.28301250267255
2023-08-01,1978.800048828125,24.20800018310547,81.7415744324519
2023-08-02,1975.0,23.753999710083008,83.14389256987569
2023-08-03,1968.800048828125,23.586000442504883,83.47324734549332
2023-08-04,1976.0999755859375,23.617000579833984,83.67277499553792
2023-08-07,1970.0,23.142000198364258,85.12660889784476
2023-08-08,1959.9000244140625,22.716999053955078,86.2746007850381
2023-08-09,1950.5999755859375,22.649999618530273,86.11920567054337
2023-08-10,1948.9000244140625,22.746000289916992,85.68099883819947
2023-08-11,1946.5999755859375,22.673999786376953,85.85163596744401
2023-08-14,1944.0,22.643999099731445,85.85055985199432
2023-08-15,1935.199951171875,22.594999313354492,85.64726753623309
2023-08-16,1928.300048828125,22.479999542236328,85.77847366967946
2023-08-17,1915.199951171875,22.670000076293945,84.4816914303676
2023-08-18,1916.5,22.69499969482422,84.44591433226913
2023-08-21,1923.0,23.304000854492188,82.51801963135071
2023-08-22,1926.0,23.420000076293945,82.23740366036652
2023-08-23,1948.0999755859375,24.363000869750977,79.9614130459886
2023-08-24,1947.0999755859375,24.211000442504883,80.42211969760675
2023-08-25,1939.9000244140625,24.219999313354492,80.09496611936049
2023-08-28,1946.800048828125,24.238000869750977,80.3201575612505
2023-08-29,1965.0999755859375,24.777000427246094,79.31145585423691
2023-08-30,1973.0,24.733999252319336,79.76874179839677
2023-08-31,1965.9000244140625,24.472000122070312,80.33262563778334
2023-09-01,1967.0999755859375,24.23200035095215,81.17777926281039
2023-09-05,1952.5999755859375,23.558000564575195,82.88479195140674
2023-09-06,1944.199951171875,23.20599937438965,83.78005703635034
2023-09-07,1942.5,22.950000762939453,84.6405200620657
2023-09-08,1942.699951171875,22.892000198364258,84.86370497719506
2023-09-11,1947.199951171875,23.10300064086914,84.28342194335069
2023-09-12,1935.0999755859375,23.12700080871582,83.67275945511537
2023-09-13,1932.5,22.91200065612793,84.34444590866154
2023-09-14,1932.800048828125,22.74799919128418,84.9657164384229
2023-09-15,1946.199951171875,23.125999450683594,84.15636069360653
2023-09-18,1953.4000244140625,23.23200035095215,84.08230005618107
2023-09-19,1953.699951171875,23.194000244140625,84.23298829900753
2023-09-20,1967.0999755859375,23.57900047302246,83.42592714379745
2023-09-21,1939.5999755859375,23.444000244140625,82.73332005576579
2023-09-22,1945.5999755859375,23.59600067138672,82.45464995028736
2023-09-25,1936.5999755859375,23.145000457763672,83.67249675021422
2023-09-26,1919.800048828125,22.950000762939453,83.65141546872157
2023-09-27,1890.9000244140625,22.476999282836914,84.12599923237637
2023-09-28,1878.5999755859375,22.514999389648438,83.43770937207523
2023-09-29,1866.0999755859375,22.236000061035156,83.92246674148753
2023-10-02,1847.199951171875,21.218000411987305,87.05815417593651
2023-10-03,1841.5,21.17799949645996,86.95344431884695
2023-10-04,1834.800048828125,20.95599937438965,87.55488182875384
2023-10-05,1831.800048828125,20.847999572753906,87.8645475042167
2023-10-06,1845.199951171875,21.540000915527344,85.66387524346587
2023-10-09,1864.300048828125,21.740999221801758,85.75043077866518
2023-10-10,1875.300048828125,21.775999069213867,86.11775022893703
2023-10-11,1887.300048828125,21.957000732421875,85.95436470707601
2023-10-12,1883.0,21.79199981689453,86.40785682001427
2023-10-13,1941.5,22.726999282836914,85.42702781999871
2023-10-16,1934.300048828125,22.610000610351562,85.55064115931701
2023-10-17,1935.699951171875,22.863000869750977,84.66517419123724
2023-10-18,1968.300048828125,22.944000244140625,85.78713510652024
2023-10-19,1980.5,22.886999130249023,86.53384345973238
2023-10-20,1994.4000244140625,23.35099983215332,85.40962009120739
2023-10-23,1987.800048828125,23.07200050354004,86.1563802637369
2023-10-24,1986.0999755859375,22.979999542236328,86.42732877063659
2023-10-25,1994.9000244140625,22.87700080871582,87.20111701242031
2023-10-26,1997.4000244140625,22.78700065612793,87.65524057142278
2023-10-27,1998.5,22.770000457763672,87.76899252624258
2023-10-30,2005.5999755859375,23.281999588012695,86.14380255459542
2023-10-31,1994.300048828125,22.840999603271484,87.31229295860082
2023-11-01,1987.5,22.684999465942383,87.61296216840951
2023-11-02,1993.5,22.750999450683594,87.62252420256209
2023-11-03,1999.199951171875,23.201000213623047,86.16869672704864
2023-11-06,1988.5999755859375,23.14900016784668,85.90435704208288
2023-11-07,1973.5,22.507999420166016,87.67993828149137
2023-11-08,1957.800048828125,22.64699935913086,86.44854083235427
2023-11-09,1969.800048828125,22.83099937438965,86.27743431317862
2023-11-10,1937.699951171875,22.21500015258789,87.22484527852441
2023-11-13,1950.199951171875,22.298999786376953,87.45683527757615
2023-11-14,1966.5,23.07900047302246,85.20732959378739
2023-11-15,1964.300048828125,23.485000610351562,83.64062157879246
2023-11-16,1987.300048828125,23.892000198364258,83.1784711337891
2023-11-17,1984.699951171875,23.80900001525879,83.35923179889596
2023-11-20,1980.300048828125,23.57900047302246,83.98575041778611
2023-11-21,2001.5999755859375,23.843000411987305,83.9491649960134
2023-11-22,1992.800048828125,23.672000885009766,84.18384480925144
2023-11-23,1993.300048828125,,
2023-11-24,2003.0,24.32900047302246,82.32972835119361
2023-11-27,2012.4000244140625,24.672000885009766,81.5661459236068
2023-11-28,2040.0,24.93000030517578,81.8291205386175
2023-11-29,2047.0999755859375,25.07200050354004,81.64884869465831
2023-11-30,2038.0999755859375,25.292999267578125,80.57960837402464
2023-12-01,2089.699951171875,25.499000549316406,81.95222974054553
2023-12-04,2042.199951171875,24.55500030517578,83.16839445289739
2023-12-05,2036.300048828125,24.201000213623047,84.14115246699043
2023-12-06,2047.9000244140625,23.888999938964844,85.72564902868855
2023-12-07,2046.4000244140625,23.73200035095215,86.22956321218659
2023-12-08,2014.5,22.97100067138672,87.69752910718051
2023-12-11,1993.699951171875,22.773000717163086,87.54665122674432
2023-12-12,1993.199951171875,22.72800064086914,87.69798904298399
2023-12-13,1997.300048828125,22.638999938964844,88.22386387264818
2023-12-14,2044.9000244140625,24.09600067138672,84.86470648394031
2023-12-15,2035.699951171875,23.8700008392334,85.28277669039466
2023-12-18,2040.5,23.83099937438965,85.62376960963101
2023-12-19,2052.10009765625,24.040000915527344,85.3618976499625
2023-12-20,2047.699951171875,24.347000122070312,84.10481541484265
2023-12-21,2051.300048828125,24.30699920654297,84.39133236471062
2023-12-22,2069.10009765625,24.290000915527344,85.18320377392745
2023-12-26,2069.800048828125,24.143999099731445,85.72730806849424
2023-12-27,2093.10009765625,24.375,85.87077323717949
2023-12-28,2083.5,24.134000778198242,86.33048532434607
2023-12-29,2071.800048828125,23.85300064086914,86.8569988330254
2024-01-02,2073.39990234375,23.732999801635742,87.36358318263862
2024-01-03,2042.800048828125,22.945999145507812,89.02641527501531
2024-01-04,2050.0,22.98900032043457,89.17308153577197
2024-01-05,2049.800048828125,23.121999740600586,88.651503841548
2024-01-08,2033.5,23.1200008392334,87.95414905648532
2024-01-09,2033.0,22.90399932861328,88.7617909357967
2024-01-10,2027.800048828125,22.884000778198242,88.61212986673314
2024-01-11,2019.199951171875,22.53700065612793,89.59488363074809
2024-01-12,2051.60009765625,23.16200065612793,88.57611775921704
2024-01-16,2030.199951171875,22.933000564575195,88.52744521830878
2024-01-17,2006.5,22.516000747680664,89.11440457323161
2024-01-18,2021.5999755859375,22.66699981689453,89.18692336509247
2024-01-19,2029.300048828125,22.570999145507812,89.90740887215026
2024-01-22,2022.199951171875,22.163000106811523,91.24215771448635
2024-01-23,2025.800048828125,22.333999633789062,90.70475875549386
2024-01-24,2016.0,22.7549991607666,88.59591625368718
2024-01-25,2017.800048828125,22.808000564575195,88.46895821118667
2024-01-26,2017.300048828125,22.7549991607666,88.65304870264664
2024-01-29,2025.4000244140625,23.13800048828125,87.53565483931384
2024-01-30,2031.5,23.10700035095215,87.91708006860743
2024-01-31,2048.39990234375,23.051000595092773,88.86381716461474
2024-02-01,2071.10009765625,23.1299991607666,89.54172817996796
2024-02-02,2053.699951171875,22.701000213623047,90.46737728936867
2024-02-05,2042.9000244140625,22.334999084472656,91.46631332679532
2024-02-06,2051.39990234375,22.39299964904785,91.60898202537038
2024-02-07,2051.699951171875,22.277999877929688,92.0953390077198
2024-02-08,2047.9000244140625,22.565000534057617,90.75559388191209
2024-02-09,2038.699951171875,22.527999877929688,90.49626962974001
2024-02-12,2033.0,22.708999633789062,89.52397872141707
2024-02-13,2007.199951171875,22.09600067138672,90.83996606549277
2024-02-14,2004.300048828125,22.33099937438965,89.75415812006875
2024-02-15,2014.9000244140625,22.91200065612793,87.94081558631447
2024-02-16,2024.0999755859375,23.43899917602539,86.35607520547595
2024-02-20,2039.800048828125,23.106000900268555,88.2800990804262
2024-02-21,2034.300048828125,22.85099983215332,89.02455313861978
2024-02-22,2030.699951171875,22.764999389648438,89.2027237257587
2024-02-23,2049.39990234375,22.9689998626709,89.22460336091622
2024-02-26,2038.9000244140625,22.517000198364258,90.54936299028758
2024-02-27,2044.0999755859375,22.523000717163086,90.75611199658145
2024-02-28,2042.699951171875,22.40999984741211,91.15127019546877
2024-02-29,2054.699951171875,22.666000366210938,90.65119200451853
2024-03-01,2095.699951171875,23.149999618530273,90.52699722268613
2024-03-04,2126.300048828125,23.77899932861328,89.41924003797533
2024-03-05,2141.89990234375,23.76300048828125,90.13591963691749
2024-03-06,2158.199951171875,24.27199935913086,88.91727126549976
2024-03-07,2165.199951171875,24.3700008392334,88.84693789940737
2024-03-08,2185.5,24.339000701904297,89.79415493541627
2024-03-11,2188.60009765625,24.511999130249023,89.2868870477157
2024-03-12,2166.10009765625,24.194000244140625,89.53046523097571
2024-03-13,2180.800048828125,24.958999633789062,87.37529872294223
2024-03-14,2167.5,24.874000549316406,87.13917955025404
2024-03-15,2161.5,25.200000762939453,85.77380692697534
2024-03-18,2164.300048828125,25.090999603271484,86.25802411419006
2024-03-19,2159.699951171875,24.964000701904297,86.5125737240958
2024-03-20,2161.0,24.933000564575195,86.6722797524157
2024-03-21,2184.699951171875,24.849000930786133,87.91902568868224
2024-03-22,2160.0,24.691999435424805,87.47772757928702
2024-03-25,2176.39990234375,24.7450008392334,87.9531149133384
2024-03-26,2177.199951171875,24.482999801635742,88.9270093048979
2024-03-27,2190.60009765625,24.625,88.9583796002538
2024-03-28,2217.39990234375,24.797000885009766,89.42210038328498
2024-04-01,2257.10009765625,24.95400047302246,90.45043098786425
2024-04-02,2281.800048828125,25.804000854492188,88.42814963831042
2024-04-03,2315.0,26.94499969482422,85.9157552874154
2024-04-04,2308.5,27.139999389648438,85.0589554869516
2024-04-05,2345.39990234375,27.399999618530273,85.59853777361317
2024-04-08,2351.0,27.711999893188477,84.83689409142458
2024-04-09,2362.39990234375,27.891000747680664,84.70115230770988
2024-04-10,2348.39990234375,27.961000442504883,83.98840760983046
2024-04-11,2372.699951171875,28.176000595092773,84.2099624169199
2024-04-12,2374.10009765625,28.2549991607666,84.02407248883588
2024-04-15,2383.0,28.650999069213867,83.17336488836742
2024-04-16,2407.800048828125,28.31800079345703,85.02719052767507
2024-04-17,2388.39990234375,28.34600067138672,84.25879650650931
2024-04-18,2398.0,28.32900047302246,84.6482389056967
2024-04-19,2413.800048828125,28.808000564575195,83.78922526807855
2024-04-22,2346.39990234375,27.21299934387207,86.223494613508
2024-04-23,2342.10009765625,27.33099937438965,85.6939062334801
2024-04-24,2338.39990234375,27.323999404907227,85.5804403920382
2024-04-25,2342.5,27.341999053955078,85.6740575324229
2024-04-26,2347.199951171875,27.240999221801758,86.16423839891098
2024-04-29,2357.699951171875,27.37299919128418,86.13232093042215
2024-04-30,2302.89990234375,26.391000747680664,87.26080243645694
2024-05-01,2311.0,26.48900032043457,87.2437605060245
2024-05-02,2309.60009765625,26.58300018310547,86.88259721429377
2024-05-03,2308.60009765625,26.44499969482422,87.29817070514416
2024-05-06,2331.199951171875,27.368999481201172,85.17665955502306
2024-05-07,2324.199951171875,27.30299949645996,85.12617639220281
2024-05-08,2322.300048828125,27.361000061035156,84.87628535681034
2024-05-09,2340.300048828125,28.131999969482422,83.1899634354785
2024-05-10,2375.0,28.274999618530273,83.9964644400392
2024-05-13,2343.0,28.22100067138672,83.02327856062058
2024-05-14,2359.89990234375,28.485000610351562,82.84710731184443
2024-05-15,2394.89990234375,29.513999938964844,81.14453843248694
2024-05-16,2385.5,29.665000915527344,80.41462755362244
2024-05-17,2417.39990234375,31.047000885009766,77.86259005490378
2024-05-20,2438.5,32.20500183105469,75.71805189741053
2024-05-21,2425.89990234375,31.868000030517578,76.1233808215341
2024-05-22,2392.89990234375,31.295000076293945,76.46269041412717
2024-05-23,2337.199951171875,30.284000396728516,77.17606394643805
2024-05-24,2334.5,30.329999923706055,76.96999689654945
2024-05-28,2356.5,31.97100067138672,73.70742080366009
2024-05-29,2341.199951171875,32.202999114990234,72.70130160274623
2024-05-30,2342.89990234375,31.38800048828125,74.64317146351755
2024-05-31,2322.89990234375,30.297000885009766,76.67095205760334
2024-06-03,2369.300048828125,30.641000747680664,77.32449955987376
2024-06-04,2347.39990234375,29.488000869750977,79.60525749820265
2024-06-05,2375.5,29.947999954223633,79.32082288069384
2024-06-06,2390.89990234375,31.246999740600586,76.5161430598775
2024-06-07,2325.0,29.334999084472656,79.25686287921681
2024-06-10,2327.0,29.768999099731445,78.16856697815523
2024-06-11,2326.60009765625,29.132999420166016,79.86133058602147
2024-06-12,2354.800048828125,30.176000595092773,78.03552499966025
2024-06-13,2318.0,28.989999771118164,79.95860704729468
2024-06-14,2349.10009765625,29.402000427246094,79.89592760768066
2024-06-17,2329.0,29.325000762939453,79.42028778881941
2024-06-18,2346.89990234375,29.5049991607666,79.54244938479683
2024-06-20,2369.0,30.775999069213867,76.9755677036584
2024-06-21,2331.199951171875,29.572999954223633,78.82865974978408
2024-06-24,2344.39990234375,29.48900032043457,79.50082664277991
2024-06-25,2330.800048828125,28.836999893188477,80.82671767040087
2024-06-26,2313.199951171875,28.909000396728516,80.01660103867334
2024-06-27,2336.60009765625,28.917999267578125,80.80089068526834
2024-06-28,2339.60009765625,29.23699951171875,80.02189474738998
2024-07-01,2338.89990234375,29.299999237060547,79.82593731215383
2024-07-02,2333.39990234375,29.35300064086914,79.49442480830669
2024-07-03,2369.39990234375,30.54800033569336,77.56317520971282
2024-07-05,2397.699951171875,31.38800048828125,76.38906314108984
2024-07-08,2363.5,30.618000030517578,77.19315427670821
2024-07-09,2367.89990234375,30.77199935913086,76.94982294483677
2024-07-10,2379.699951171875,30.726999282836914,77.44654560203335
2024-07-11,2421.89990234375,31.393999099731445,77.14531349287284
2024-07-12,2420.699951171875,30.88599967956543,78.37531490921567
2024-07-15,2428.89990234375,30.672000885009766,79.18948331573695
2024-07-16,2467.800048828125,31.19499969482422,79.10883388268073
2024-07-17,2459.89990234375,30.136999130249023,81.62391655892196
2024-07-18,2456.39990234375,29.9950008392334,81.89364339442805
2024-07-19,2399.10009765625,29.08799934387207,82.47731544870463
2024-07-22,2394.699951171875,29.124000549316406,82.22427915137789
2024-07-23,2407.300048828125,29.131999969482422,82.63421843161888
2024-07-24,2415.699951171875,29.115999221801758,82.96812803055111
2024-07-25,2353.5,27.80699920654297,84.63696433113225
2024-07-26,2381.0,27.860000610351562,85.46302756057098
2024-07-29,2377.800048828125,27.702999114990234,85.83186386998385
2024-07-30,2405.0,28.364999771118164,84.78759102437297
2024-07-31,2426.5,28.777999877929688,84.3178820728581
2024-08-01,2480.800048828125,28.33099937438965,87.5648619395577
2024-08-02,2469.800048828125,28.246000289916992,87.43893023713423
2024-08-05,2444.39990234375,27.076000213623047,90.27920974508902
2024-08-06,2431.60009765625,27.09600067138672,89.74018443334374
2024-08-07,2432.39990234375,26.829999923706055,90.65970589864095
2024-08-08,2463.300048828125,27.5,89.57454723011364
2024-08-09,2473.39990234375,27.48699951171875,89.98435428680551
2024-08-12,2504.0,27.91699981689453,89.69445199783446
2024-08-13,2507.800048828125,27.69499969482422,90.55064367077048
2024-08-14,2479.699951171875,27.253999710083008,90.9848087455022
2024-08-15,2492.39990234375,28.341999053955078,87.94015897040049
2024-08-16,2537.800048828125,28.777999877929688,88.18542148839207
2024-08-19,2541.300048828125,29.239999771118164,86.91176705610978
2024-08-20,2550.60009765625,29.454999923706055,86.59311167077848
2024-08-21,2547.5,29.47599983215332,86.42624557288501
2024-08-22,2516.699951171875,29.006000518798828,86.76480404600414
2024-08-23,2546.300048828125,29.785999298095703,85.48647380754208
2024-08-26,2555.199951171875,29.976999282836914,85.23868340067092
2024-08-27,2552.89990234375,29.951000213623047,85.23588141081771
2024-08-28,2537.800048828125,29.176000595092773,86.98245122928081
2024-08-29,2560.300048828125,29.55699920654297,86.62246227828693
2024-08-30,2527.60009765625,28.731000900268555,87.97466215778873
2024-09-03,2523.0,27.951000213623047,90.26510610415703
2024-09-04,2526.0,28.16699981689453,89.67941266094333
2024-09-05,2543.10009765625,28.719999313354492,88.54805565659383
2024-09-06,2524.60009765625,27.808000564575195,90.78682560415206
2024-09-09,2532.699951171875,28.291000366210938,89.52316702794218
2024-09-10,2543.10009765625,28.256999969482422,89.99894186937041
2024-09-11,2542.39990234375,28.562999725341797,89.01025546305173
2024-09-12,2580.60009765625,29.743000030517578,86.76327522470649
2024-09-13,2610.699951171875,30.698999404907227,85.04185809895013
2024-09-16,2608.89990234375,30.770999908447266,84.78437197705603
2024-09-17,2592.39990234375,30.618999481201172,84.66638186317547
2024-09-18,2598.60009765625,30.340999603271484,85.64648929285964
2024-09-19,2614.60009765625,31.0939998626709,84.08696562693244
2024-09-20,2646.199951171875,31.176000595092773,84.8793912195523
2024-09-23,2652.5,30.767000198364258,86.2124998504411
2024-09-24,2677.0,32.111000061035156,83.3670703158319
2024-09-25,2684.699951171875,31.697999954223633,84.69619392545142
2024-09-26,2694.89990234375,32.025001525878906,84.14987584515939
2024-09-27,2668.10009765625,31.518999099731445,84.65053376897946
2024-09-30,2659.39990234375,31.163999557495117,85.33564176951573
2024-10-01,2690.300048828125,31.44499969482422,85.55573461401377
2024-10-02,2669.699951171875,31.628000259399414,84.40938185393104
2024-10-03,2679.199951171875,32.18899917602539,83.23340332890385
2024-10-04,2667.800048828125,32.12799835205078,83.03660936467382
2024-10-07,2666.0,31.7450008392334,83.98172718600503
2024-10-08,2635.39990234375,30.354999542236328,86.81930298423565
2024-10-09,2626.0,30.424999237060547,86.31060199999223
2024-10-10,2639.300048828125,31.0049991607666,85.12498372094353
2024-10-11,2676.300048828125,31.520000457763672,84.90799523985817
2024-10-14,2665.60009765625,31.08300018310547,85.757490652562
2024-10-15,2678.89990234375,31.527000427246094,84.97160738541449
2024-10-16,2691.300048828125,31.760000228881836,84.73866591413676
2024-10-17,2707.5,31.572999954223633,85.75365039513161
2024-10-18,2730.0,33.03200149536133,82.64712631426143
2024-10-21,2738.89990234375,33.86899948120117,80.8674582744602
2024-10-22,2759.800048828125,34.83100128173828,79.23401416183445
2024-10-23,2729.39990234375,33.63999938964844,81.13555148231156
2024-10-24,2748.89990234375,33.611000061035156,81.78572185748551
2024-10-25,2754.60009765625,33.60300064086914,81.97482501922788
2024-10-28,2755.89990234375,33.83000183105469,81.46319104877895
2024-10-29,2781.10009765625,34.26900100708008,81.15498018403473
2024-10-30,2800.800048828125,33.91400146484375,82.58536084960416
2024-10-31,2749.300048828125,32.65299987792969,84.19747218038577
2024-11-01,2749.199951171875,32.54199981689453,84.48159199314475
2024-11-04,2746.199951171875,32.47999954223633,84.55049229913851
2024-11-05,2749.699951171875,32.654998779296875,84.20456450652733
2024-11-06,2676.300048828125,31.22100067138672,85.72114894705756
2024-11-07,2705.800048828125,31.764999389648438,85.18180704608764
2024-11-08,2694.800048828125,31.358999252319336,85.93386629290524
2024-11-11,2617.699951171875,30.540000915527344,85.71381377532857
2024-11-12,2606.300048828125,30.68600082397461,84.9344971271673
2024-11-13,2586.5,30.59000015258789,84.55377532193913
2024-11-14,2572.89990234375,30.507999420166016,84.33525472807777
2024-11-15,2570.10009765625,30.371000289916992,84.62349192066318
2024-11-18,2614.60009765625,31.163000106811523,83.90078261703557
2024-11-19,2631.0,31.20800018310547,84.30530583706862
2024-11-20,2651.699951171875,30.95599937438965,85.66029218121982
2024-11-21,2674.89990234375,30.91200065612793,86.53273309935322
2024-11-22,2712.199951171875,31.30900001525879,86.62684690823897
2024-11-25,2618.5,30.209999084472656,86.676599780033
2024-11-26,2621.300048828125,30.38800048828125,86.26102430921694
2024-11-27,2639.89990234375,30.111000061035156,87.67227581258207
2024-11-29,2657.0,30.684999465942383,86.58954036968564
2024-12-02,2658.5,30.448999404907227,87.30992978283386
2024-12-03,2667.89990234375,31.07699966430664,85.84805261648071
2024-12-04,2676.199951171875,31.5049991607666,84.94524749915136
2024-12-05,2648.39990234375,31.134000778198242,85.0645543825613
2024-12-06,2659.60009765625,31.18600082397461,85.28185812179068
2024-12-09,2685.800048828125,32.215999603271484,83.36851508265434
2024-12-10,2718.39990234375,32.362998962402344,83.99715692299858
2024-12-11,2756.699951171875,32.5620002746582,84.6600309538512
2024-12-12,2709.39990234375,31.22800064086914,86.76187545602477
2024-12-13,2675.800048828125,30.655000686645508,87.28755468577778
2024-12-16,2670.0,30.69700050354004,86.97918220681171
2024-12-17,2662.0,30.572999954223633,87.07029090981459
2024-12-18,2653.300048828125,30.40999984741211,87.25090635125146
2024-12-19,2608.10009765625,29.0939998626709,89.64391661397431
2024-12-20,2645.10009765625,29.65999984741211,89.18071851868334
2024-12-23,2628.199951171875,29.88800048828125,87.93495410314794
2024-12-24,2635.5,29.974000930786133,87.9261999786319
2024-12-26,2653.89990234375,30.047000885009766,88.32495171482361
2024-12-27,2631.89990234375,29.655000686645508,88.75062692306629
2024-12-30,2618.10009765625,29.106000900268555,89.95052623777296
2024-12-31,2641.0,28.940000534057617,91.25777302222153
2025-01-02,2669.0,29.621999740600586,90.10195204146896
2025-01-03,2654.699951171875,29.805999755859375,89.06595896519137
2025-01-06,2647.39990234375,30.341999053955078,87.25199343774489
2025-01-07,2665.39990234375,30.44700050354004,87.5422819411668
2025-01-08,2672.39990234375,30.45199966430664,87.75778050057318
2025-01-09,2690.800048828125,30.791000366210938,87.38917270713047
2025-01-10,2715.0,31.090999603271484,87.32430718355931
2025-01-13,2678.60009765625,30.090999603271484,89.01665391551278
2025-01-14,2682.300048828125,30.131999969482422,89.01832110529499
2025-01-15,2717.800048828125,31.319000244140625,86.7779950714292
2025-01-16,2750.89990234375,31.523000717163086,87.26643529357878
2025-01-17,2748.699951171875,30.951000213623047,88.80811386386273
2025-01-21,2759.199951171875,31.31100082397461,88.12238122580787
2025-01-22,2770.89990234375,31.23900032043457,88.70001837194525
2025-01-23,2765.0,30.67300033569336,90.14442570792276
2025-01-24,2778.89990234375,31.023000717163086,89.57547104095441
2025-01-27,2738.39990234375,30.253999710083008,90.51364872695163
2025-01-28,2767.5,30.726999282836914,90.06736956399885
2025-01-29,2769.800048828125,31.238000869750977,88.66764747132825
2025-01-30,2823.0,32.36399841308594,87.22655229332105
2025-01-31,2812.5,32.12799835205078,87.54046763764458
2025-02-03,2857.10009765625,32.391998291015625,88.20388516903283
2025-02-04,2875.800048828125,32.88800048828125,87.44222835477149
2025-02-05,2893.0,32.856998443603516,88.04821307599383
2025-02-06,2876.699951171875,32.518001556396484,88.46484450106101
2025-02-07,2887.60009765625,32.334999084472656,89.30261881599627
2025-02-10,2934.39990234375,32.391998291015625,90.5902709669396
2025-02-11,2932.60009765625,32.23099899291992,90.98694391385277
2025-02-12,2928.699951171875,32.69499969482422,89.57638716954943
2025-02-13,2945.39990234375,32.650001525878906,90.21132510542701
2025-02-14,2900.699951171875,32.80099868774414,88.43328152248306
2025-02-18,2949.0,33.31700134277344,88.51336798471053
2025-02-19,2936.10009765625,32.99300003051758,88.99160715728917
2025-02-20,2956.10009765625,33.444000244140625,88.38954897969053
2025-02-21,2953.199951171875,32.97600173950195,89.5560345520675
2025-02-24,2963.199951171875,32.57500076293945,90.9654606836757
2025-02-25,2918.800048828125,31.801000595092773,91.7832770733172
2025-02-26,2930.60009765625,32.25299835205078,90.8628731402862
2025-02-27,2895.89990234375,31.801000595092773,91.0631693390999
2025-02-28,2848.5,31.2189998626709,91.24251297383812
2025-03-03,2901.10009765625,32.03200149536133,90.56880501445933
2025-03-04,2920.60009765625,32.108001708984375,90.96175227993137
2025-03-05,2926.0,32.858001708984375,89.04984624186513
2025-03-06,2926.60009765625,33.0629997253418,88.51586734318903
2025-03-07,2914.10009765625,32.54800033569336,89.53238501907407
2025-03-10,2899.39990234375,32.275001525878906,89.83422975267526
2025-03-11,2920.89990234375,32.88800048828125,88.81354472688402
2025-03-12,2946.800048828125,33.48400115966797,88.00621033240179
2025-03-13,2991.300048828125,34.05099868774414,87.84764512368835
2025-03-14,3001.10009765625,34.1870002746582,87.78483264239114
2025-03-17,3006.10009765625,34.07400131225586,88.22269125683825
2025-03-18,3040.800048828125,34.57899856567383,87.93777075564854
2025-03-19,3041.199951171875,33.974998474121094,89.51287969853392
2025-03-20,3043.800048828125,33.7859992980957,90.0905733754539
2025-03-21,3021.39990234375,33.290000915527344,90.75998255483641
2025-03-24,3015.60009765625,33.26499938964844,90.65384497180116
2025-03-25,3025.89990234375,34.00199890136719,88.99182401367825
2025-03-26,3022.5,34.03300094604492,88.81085757884816
2025-03-27,3061.0,34.89699935913086,87.71527799564475
2025-03-28,3086.5,34.64400100708008,89.09190365654425
2025-03-31,3122.800048828125,34.457000732421875,90.62889927879783
2025-04-01,3146.0,34.15800094604492,92.10140853878828
2025-04-02,3166.199951171875,34.499000549316406,91.77657035732918
2025-04-03,3121.699951171875,31.8439998626709,98.03102514239379
2025-04-04,3035.39990234375,29.115999221801758,104.25195711885011
2025-04-07,2973.60009765625,29.510000228881836,100.7658446151399
2025-04-08,2990.199951171875,29.591999053955078,101.04758200755025
2025-04-09,3079.39990234375,30.322999954223633,101.5532733236319
2025-04-10,3177.5,30.67099952697754,103.59949297397826
2025-04-11,3244.60009765625,31.823999404907227,101.9545047237506
2025-04-14,3226.300048828125,32.09199905395508,100.53284756128365
2025-04-15,3240.39990234375,32.22700119018555,100.54922216376079
2025-04-16,3346.39990234375,32.92599868774414,101.63396816234952
2025-04-17,3328.39990234375,32.41999816894531,102.66502437782307
2025-04-21,3425.300048828125,32.49599838256836,105.40682604986647
2025-04-22,3419.39990234375,32.880001068115234,103.99634401653499
2025-04-23,3294.10009765625,33.518001556396484,98.2785352555607
2025-04-24,3348.60009765625,33.481998443603516,100.01195428333146
2025-04-25,3298.39990234375,32.98899841308594,99.98484528209728
2025-04-28,3347.699951171875,32.9900016784668,101.47619826757943
2025-04-29,3333.60009765625,33.275001525878906,100.1833191521754
2025-04-30,3319.10009765625,32.53099822998047,102.02884258858609
2025-05-01,3222.199951171875,32.18899917602539,100.10252053974371
2025-05-02,3243.300048828125,31.98900032043457,101.38797762793185
2025-05-05,3322.300048828125,32.20500183105469,103.16099549556593
2025-05-06,3422.800048828125,33.112998962402344,103.36726228616416
2025-05-07,3391.89990234375,32.53099822998047,104.26670212713563
2025-05-08,3306.0,32.37799835205078,102.10637371876332
2025-05-09,3344.0,32.67599868774414,102.33811158935569
2025-05-12,3228.0,32.38800048828125,99.66654166156282
2025-05-13,3247.800048828125,32.86800003051758,98.8134369542588
2025-05-14,3188.300048828125,32.22600173950195,98.93563820298483
2025-05-15,3226.60009765625,32.48099899291992,99.33808065323272
2025-05-16,3187.199951171875,32.15800094604492,99.11063677494747
2025-05-19,3233.5,32.3129997253418,100.0680849034296
2025-05-20,3284.60009765625,32.97999954223633,99.59369749080129
2025-05-21,3313.5,33.4630012512207,99.01980922524474
2025-05-22,3295.0,33.047000885009766,99.70647598144446
2025-05-23,3365.800048828125,33.44200134277344,100.64589180322633
2025-05-27,3300.39990234375,33.145999908447266,99.57158967778318
2025-05-28,3294.89990234375,33.0,99.84545158617425
2025-05-29,3317.10009765625,33.28300094604492,99.663491973984
2025-05-30,3288.89990234375,32.891998291015625,99.99088146742686
2025-06-02,3397.199951171875,34.5629997253418,98.29007835454247
2025-06-03,3377.10009765625,34.50299835205078,97.87845285786656
2025-06-04,3399.199951171875,34.51900100708008,98.4733002694567
2025-06-05,3375.10009765625,35.68899917602539,94.56976030651829
2025-06-06,3346.60009765625,36.025001525878906,92.89659835967495
2025-06-09,3354.89990234375,36.6879997253418,91.44406692814034
2025-06-10,3343.39990234375,36.54199981689453,91.4947161922427
2025-06-11,3343.699951171875,36.16600036621094,92.45423650152415
2025-06-12,3402.39990234375,36.2130012512207,93.95520351213803
2025-06-13,3452.800048828125,36.28099822998047,95.16827588208241
2025-06-16,3417.300048828125,36.37900161743164,93.93605917955334
2025-06-17,3406.89990234375,37.09000015258789,91.85494441433804
2025-06-18,3408.10009765625,36.86600112915039,92.44561366221585
2025-06-20,3385.699951171875,35.97600173950195,94.10995628939911
2025-06-23,3395.0,36.15299987792969,93.90645344682848
2025-06-24,3333.89990234375,35.70100021362305,93.38393553107166
2025-06-25,3343.10009765625,36.084999084472656,92.64514846821163
2025-06-26,3348.0,36.58599853515625,91.5104174834216
2025-06-27,3287.60009765625,36.0369987487793,91.2284655160861
2025-06-30,3307.699951171875,35.85200119018555,92.259841608991
2025-07-01,3349.800048828125,36.082000732421875,92.838533918052
2025-07-02,3359.699951171875,36.42599868774414,92.23357141069344
2025-07-03,3342.89990234375,36.784000396728516,90.87918296784979
2025-07-04,3346.5,36.775001525878906,90.99931641457682
2025-07-07,3342.800048828125,36.6150016784668,91.29591412238057
2025-07-08,3316.89990234375,36.47200012207031,90.9437346798152
2025-07-09,3321.0,36.35100173950195,91.35924296664241
2025-07-10,3325.699951171875,37.03799819946289,89.79156846603288
2025-07-11,3364.0,38.67599868774414,86.97900801889318
2025-07-14,3359.10009765625,38.46200180053711,87.33555042393402
2025-07-15,3336.699951171875,37.83399963378906,88.19315915497104
2025-07-16,3359.10009765625,37.85300064086914,88.74065571513756
2025-07-17,3345.300048828125,38.055999755859375,87.9046686538056
2025-07-18,3358.300048828125,38.222999572753906,87.86071439620835
2025-07-21,3406.39990234375,39.10100173950195,87.11797014914889
2025-07-22,3443.699951171875,39.31999969482422,87.58138295777192
2025-07-23,3397.60009765625,39.27799987792969,86.50135211099081
2025-07-24,3373.5,39.020999908447266,86.45344834614822
2025-07-25,3335.60009765625,38.16699981689453,87.39487289173184
2025-07-28,3310.0,38.0260009765625,87.0457033344141
2025-07-29,3324.0,38.08399963378906,87.28074865988775
2025-07-30,3295.800048828125,37.566001892089844,87.73358576447582
2025-07-31,3293.199951171875,36.551998138427734,90.09630441269032
2025-08-01,3399.800048828125,36.7869987487793,92.41852188175423
2025-08-04,3426.39990234375,37.19200134277344,92.12733326085217
2025-08-05,3434.699951171875,37.6870002746582,91.13752556956526
2025-08-06,3433.39990234375,37.76599884033203,90.91246114950006
2025-08-07,3453.699951171875,38.15800094604492,90.51050541288514
2025-08-08,3491.300048828125,38.41699981689453,90.87903963007456
2025-08-11,3404.699951171875,37.6619987487793,90.40146737518089
2025-08-12,3399.0,37.89899826049805,89.68574780359728
2025-08-13,3408.300048828125,38.499000549316406,88.52957220180728
2025-08-14,3383.199951171875,37.981998443603516,89.07377415107113
2025-08-15,3382.60009765625,37.89400100708008,89.26479146459748
2025-08-18,3378.0,37.95100021362305,89.00951176478925
2025-08-19,3358.699951171875,37.26100158691406,90.13981933194837
2025-08-20,3388.5,37.70500183105469,89.8687133124379
2025-08-21,3381.60009765625,38.027000427246094,88.9262907845173
2025-08-22,3418.5,39.00299835205078,87.64710777217093
2025-08-25,3417.5,38.676998138427734,88.36001149232223
2025-08-26,3433.0,38.582000732421875,88.9793150907056
2025-08-27,3448.60009765625,38.68899917602539,89.13645147464196
2025-08-28,3474.300048828125,39.189998626708984,88.65272188247286
2025-08-29,3516.10009765625,40.20000076293945,87.46517489864719
2025-09-02,3592.199951171875,41.07099914550781,87.46317415958886
2025-09-03,3635.5,41.54199981689453,87.51384179924565
2025-09-04,3606.699951171875,40.9109992980957,88.15966397916262
2025-09-05,3653.300048828125,41.07400131225586,88.94434270123168
2025-09-08,3677.39990234375,41.42599868774414,88.77033792384363
2025-09-09,3682.199951171875,40.87799835205078,90.07779489249735
2025-09-10,3682.0,41.132999420166016,89.51450300011064
2025-09-11,3673.60009765625,41.696998596191406,88.1022668617639
2025-09-12,3686.39990234375,42.387001037597656,86.9700571426103
2025-09-15,3719.0,42.516998291015625,87.47089751126366
2025-09-16,3725.10009765625,42.47100067138672,87.70926134937761
2025-09-17,3717.800048828125,41.72200012207031,89.10886433897171
2025-09-18,3678.300048828125,41.707000732421875,88.19382799609265
2025-09-19,3705.800048828125,42.5359992980957,87.12149967037521
2025-09-22,3775.10009765625,43.79899978637695,86.191468208606
2025-09-23,3815.699951171875,44.19200134277344,86.34367838594943
2025-09-24,3768.10009765625,43.777000427246094,86.07488089364492
2025-09-25,3771.10009765625,44.696998596191406,84.37032051582949
2025-09-26,3809.0,46.22100067138672,82.40842787200788
2025-09-29,3855.199951171875,46.61199951171875,82.70831527410955
2025-09-30,3873.199951171875,46.25299835205078,83.73943504573134
2025-10-01,3897.5,47.290000915527344,82.41699988464755
2025-10-02,3868.10009765625,46.0,84.08913255774456
2025-10-03,3908.89990234375,47.59700012207031,82.12492157738377
2025-10-06,3976.300048828125,48.082000732421875,82.69830681456837
2025-10-07,4004.39990234375,47.17900085449219,84.87674240270537
2025-10-08,4070.5,48.65599822998047,83.65875016601491
2025-10-09,3972.60009765625,46.849998474121094,84.79402832532912
2025-10-10,4000.39990234375,46.9379997253418,85.2273195652165
2025-10-13,4133.0,50.130001068115234,82.44563957587386
2025-10-14,4163.39990234375,50.31399917602539,82.74833983635332
2025-10-15,4201.60009765625,51.073001861572266,82.26655854387066
2025-10-16,4304.60009765625,53.02299880981445,81.18364095354556
2025-10-17,4213.2998046875,49.86399841308594,84.49582742610133
2025-10-20,4359.39990234375,51.11899948120117,85.2794449536694
2025-10-21,4109.10009765625,47.45000076293945,86.5985254285947
2025-10-22,4065.39990234375,47.46099853515625,85.65769848547005
2025-10-23,4145.60009765625,48.481998443603516,85.50802835569169
2025-10-24,4137.7998046875,48.37699890136719,85.53237899531138
2025-10-27,4019.699951171875,46.5620002746582,86.33005299301185
2025-10-28,3983.10009765625,47.125,84.52201798740053
2025-10-29,4000.699951171875,47.72100067138672,83.83520661524341
2025-10-30,4015.89990234375,48.428001403808594,82.92516283828971
2025-10-31,3996.5,47.99399948120117,83.27082641998598
2025-11-03,4014.0,47.88800048828125,83.82058050183726
2025-11-04,3960.5,47.130001068115234,84.0335223900385
2025-11-05,3992.89990234375,47.862998962402344,83.42352106854564
2025-11-06,3991.0,47.79399871826172,83.50420778822739
2025-11-07,4009.800048828125,48.016998291015625,83.50792826586145
2025-11-10,4122.0,50.176998138427734,82.14919490855696
2025-11-11,4116.2998046875,50.61800003051758,81.32087008980568
2025-11-12,4213.60009765625,53.332000732421875,79.006975920457
2025-11-13,4194.5,53.07400131225586,79.03116208107349
2025-11-14,4094.199951171875,50.59000015258789,80.92903614989295
2025-11-17,4074.5,50.625,80.48395061728395
2025-11-18,4066.5,50.45000076293945,80.60455775031919
2025-11-19,4082.800048828125,50.790000915527344,80.38590224911663
2025-11-20,4060.0,50.24700164794922,80.80084118144997
2025-11-21,4079.5,49.87300109863281,81.79776452457827
2025-11-24,4094.199951171875,50.29499816894531,81.40372005619919
2025-11-25,4140.0,50.933998107910156,81.28166163647478
2025-11-26,4165.2001953125,52.91600036621094,78.7134357564211
2025-11-28,4254.89990234375,56.44599914550781,75.38000862338126
2025-12-01,4274.7998046875,58.417999267578125,73.17607344111843
2025-12-02,4220.7998046875,57.983001708984375,72.793744378251
2025-12-03,4232.5,57.92100143432617,73.07366749863652
2025-12-04,4243.0,56.84700012207031,74.63894296776964
2025-12-05,4243.0,58.422000885009766,72.62674909665225
2025-12-08,4217.7001953125,57.77899932861328,72.99711390508304
2025-12-09,4236.2001953125,60.16899871826172,70.40503058972764
2025-12-10,4224.7001953125,60.37900161743164,69.96969280944211
2025-12-11,4313.0,63.92900085449219,67.4654686034708
2025-12-12,4328.2998046875,61.36199951171875,70.53713762800204
2025-12-15,4335.2001953125,62.939998626708984,68.87830139660713
2025-12-16,4332.2998046875,62.70000076293945,69.0956898241096
2025-12-17,4373.89990234375,66.23699951171875,66.03408872060868
2025-12-18,4364.5,64.59200286865234,67.57028434116215
2025-12-19,4387.2998046875,66.84500122070312,65.63392511882658
2025-12-22,4469.39990234375,67.90599822998047,65.81745381618603
2025-12-23,4505.7001953125,70.48500061035156,63.92424141726948
2025-12-24,4502.7998046875,71.03099822998047,63.392038925154466
2025-12-26,4552.7001953125,76.48600006103516,59.52331396176405
2025-12-29,4343.60009765625,69.85600280761719,62.17933925619086
2025-12-30,4386.2998046875,77.3740005493164,56.68958272219327
2025-12-31,4341.10009765625,70.13400268554688,61.89722433382315
2026-01-02,4329.60009765625,70.55599975585938,61.364024500222534
2026-01-05,4451.5,76.16400146484375,58.44624644694844
2026-01-06,4496.10009765625,80.52999877929688,55.831369251332134
2026-01-07,4462.5,77.13500213623047,57.85311306686222
2026-01-08,4460.7001953125,74.71600341796875,59.702071728313676
2026-01-09,4500.89990234375,78.88400268554688,57.05719473041401
2026-01-12,4614.7001953125,84.61000061035156,54.54083633167965
2026-01-13,4599.10009765625,85.87699890136719,53.554504191960426
2026-01-14,4635.7001953125,90.86900329589844,51.01519800120601
2026-01-15,4623.7001953125,91.8759994506836,50.325441061398955
2026-01-16,4595.39990234375,88.09100341796875,52.16650649941834
2026-01-20,4765.7998046875,94.20600128173828,50.58913168848559
2026-01-21,4837.5,92.20999908447266,52.461772562956156
2026-01-22,4913.39990234375,95.97599792480469,51.19404860153997
2026-01-23,4979.7001953125,100.92500305175781,49.34059989831002
2026-01-26,5082.5,115.08000183105469,44.1649280425061
2026-01-27,5082.60009765625,105.52300262451172,48.165802443491344
2026-01-28,5303.60009765625,113.11100006103516,46.88845554185186
2026-01-29,5318.39990234375,114.03700256347656,46.6374929434274
2026-01-30,4745.10009765625,78.29000091552734,60.609273753567535
2026-02-02,4652.60009765625,76.77799987792969,60.59808936223238
2026-02-03,4935.0,83.04199981689453,59.42775957806348
2026-02-04,4950.7998046875,84.16500091552734,58.822547981154266
2026-02-05,4889.5,76.52899932861328,63.89081319363174
2026-02-06,4979.7998046875,76.73500061035156,64.89606783186399
2026-02-09,5079.39990234375,82.06500244140625,61.89483642519112
2026-02-10,5031.0,80.21800231933594,62.71659545911324
2026-02-11,5098.5,83.75399780273438,60.874706088758735
2026-02-12,4948.39990234375,75.5459976196289,65.50181423586126
2026-02-13,5046.2998046875,77.85099792480469,64.81997584105034
2026-02-17,4905.89990234375,73.4469985961914,66.79510389956418
2026-02-18,5009.5,77.50900268554688,64.63120187887701
2026-02-19,4997.39990234375,77.56500244140625,64.42854051501978
2026-02-20,5080.89990234375,82.28299713134766,61.74908643924518
2026-02-23,5225.60009765625,86.52300262451172,60.39550107078522
2026-02-24,5176.2998046875,87.45700073242188,59.18679764155865
2026-02-25,5226.2001953125,90.93900299072266,57.46929286046453
2026-02-26,5194.2001953125,86.99800109863281,59.704822291533404
2026-02-27,5247.89990234375,92.68199920654297,56.62264460490047
2026-03-02,5311.60009765625,88.28399658203125,60.16492573170774
2026-03-03,5123.7001953125,82.9229965209961,61.788652246969626
2026-03-04,5134.7001953125,82.63300323486328,62.13861283388698
2026-03-05,5078.7001953125,81.68699645996094,62.172688621276905
2026-03-06,5158.7001953125,83.81600189208984,61.54791542018605
2026-03-09,5103.7001953125,84.03199768066406,60.73520011635844
2026-03-10,5242.10009765625,89.08300018310547,58.84512294019494
2026-03-11,5179.10009765625,85.06500244140625,60.884029260137545
2026-03-12,5125.7998046875,84.66999816894531,60.5385604764015
2026-03-13,5061.7001953125,80.91400146484375,62.55654279453419
2026-03-16,5002.2001953125,80.26300048828125,62.32261645940888
2026-03-17,5008.2001953125,79.52999877929688,62.972466643822294
2026-03-18,4896.2001953125,77.23799896240234,63.391080311335564
2026-03-19,4605.7001953125,70.9020004272461,64.95867771796506
2026-03-20,4574.89990234375,69.36000061035156,65.95876387090132
2026-03-23,4407.2998046875,69.04900360107422,63.82857933983184
2026-03-24,4402.0,69.27400207519531,63.54476236585453
2026-03-25,4552.2998046875,72.36100006103516,62.910957571726755
2026-03-26,4376.2998046875,67.6709976196289,64.6702421809442
2026-03-27,4492.5,69.54499816894531,64.59846312866948
2026-03-30,4526.0,70.3239974975586,64.35925375483848
2026-03-31,4647.60009765625,74.69000244140625,62.2251967564502
2026-04-01,4813.10009765625,75.86699676513672,63.441289399609154
2026-04-02,4679.7001953125,72.73500061035156,64.33904112247289
2026-04-06,4684.7001953125,72.66100311279297,64.47337629017255
2026-04-07,4684.7001953125,71.82599639892578,65.22290577485903
2026-04-08,4777.2001953125,75.2239990234375,63.50633118858877
2026-04-09,4818.0,76.2770004272461,63.164518439545425
2026-04-10,4787.39990234375,76.3239974975586,62.72470074037837
2026-04-13,4767.39990234375,75.52300262451172,63.12513719888097
2026-04-14,4850.10009765625,79.39099884033203,61.09130970137528
2026-04-15,4823.60009765625,79.49099731445312,60.681086671675445
2026-04-16,4808.2998046875,78.60600280761719,61.16962614745193
2026-04-17,4879.60009765625,81.73799896240234,59.698061606582236
2026-04-20,4828.7998046875,79.95099639892578,60.39699343574885
2026-04-21,4719.60009765625,76.41100311279297,61.76597486476499
2026-04-22,4753.0,77.89299774169922,61.01960558459198
2026-04-23,4724.0,75.46499633789062,62.59855865954772
2026-04-24,4740.89990234375,76.38300323486328,62.06747184012103
2026-04-27,4693.7001953125,75.00299835205078,62.58016743918827
2026-04-28,4608.39990234375,73.20500183105469,62.95198124547817
2026-04-29,4561.5,71.56900024414062,63.73569540498718
2026-04-30,4629.60009765625,73.53399658203125,62.95863563585415
2026-05-01,4644.5,75.95099639892578,61.15127148043169
2026-05-04,4533.2998046875,73.0719985961914,62.03880955465998
2026-05-05,4568.5,73.10800170898438,62.48973974402269
2026-05-06,4694.2998046875,76.81099700927734,61.11494431091053
2026-05-07,4710.89990234375,79.70099639892578,59.10716446710877
2026-05-08,4730.7001953125,80.3949966430664,58.843216528954166
2026-05-11,4728.7001953125,85.48500061035156,55.316139223842875
2026-05-12,4686.7001953125,85.12999725341797,55.05345173876802
2026-05-13,4706.7001953125,88.88800048828125,52.950906415461766
2026-05-14,4685.2998046875,84.91200256347656,55.17829827632403
2026-05-15,4561.89990234375,77.16100311279297,59.12183251007278
2026-05-18,4558.0,77.072998046875,59.138740097120284
2026-05-19,4511.2001953125,74.8280029296875,60.28759312942604
2026-05-20,4535.2998046875,75.85099792480469,59.792223289976945
2026-05-21,4542.5,76.41400146484375,59.44591191301368
2026-05-22,4523.2001953125,75.89299774169922,59.599703924031964
2026-05-26,4502.2998046875,76.30500030517578,59.003994321222855
2026-05-27,4448.39990234375,74.5989990234375,59.63082562201877
2026-05-28,4499.2998046875,75.6449966430664,59.47914606854443
2026-05-29,4593.0,75.61599731445312,60.741115149215936
2026-06-01,4506.2998046875,75.00700378417969,60.07838704840999
2026-06-02,4519.89990234375,75.31099700927734,60.01646614487067
2026-06-03,4466.89990234375,73.47599792480469,60.794001150078614
2026-06-04,4505.0,73.77899932861328,61.060735995274634
2026-06-05,4365.2998046875,68.94300079345703,63.317519609645196
2026-06-08,4363.39990234375,68.42500305175781,63.7690859734884
2026-06-09,4286.39990234375,65.09400177001953,65.8493837494862
2026-06-10,4133.2998046875,64.5989990234375,63.983960543844894
2026-06-11,4114.0,63.8849983215332,64.39696498533564
2026-06-12,4238.7998046875,67.85900115966797,62.46481280668824
2026-06-15,4351.60009765625,70.06600189208984,62.10715582656255
2026-06-16,4354.39990234375,69.89900207519531,62.2955946875953
2026-06-17,4381.39990234375,70.69599914550781,61.97521720183729
2026-06-18,4245.89990234375,66.25499725341797,64.08422124151114
2026-06-22,4202.7001953125,65.5270004272461,64.13692322111878
2026-06-23,4149.39990234375,62.02000045776367,66.90422237532131
2026-06-24,4008.800048828125,58.051998138427734,69.05533275993277
2026-06-25,4047.60009765625,58.347999572753906,69.3699891563431
2026-06-26,4096.2998046875,59.21699905395508,69.17439029551616
2026-06-29,4038.89990234375,58.17499923706055,69.42672892672351
2026-06-30,4038.5,59.47700119018555,67.90019535595556
2026-07-01,4082.39990234375,60.084999084472656,67.94374576929528
2026-07-02,4125.7001953125,60.643001556396484,68.03258561461047
2026-07-06,4167.5,61.91999816894531,67.30458855359144
2026-07-07,4157.39990234375,60.930999755859375,68.23127667364358
2026-07-08,4082.39990234375,58.16400146484375,70.18774155026607
2026-07-09,4140.7998046875,60.37799835205078,68.58126996101147
2026-07-10,4113.7001953125,59.808998107910156,68.78062374310923
2026-07-13,4005.699951171875,57.63399887084961,69.50237758355331
2026-07-14,4069.699951171875,58.77199935913086,69.24555903405052
2026-07-15,4051.800048828125,57.11000061035156,70.94729479119826
2026-07-16,3992.10009765625,55.89799880981445,71.41758529207534
2026-07-17,4018.800048828125,56.03799819946289,71.71562471813357
2026-07-20,4015.89990234375,56.801998138427734,70.6999759507916
2026-07-21,4076.39990234375,58.834999084472656,69.28528878688411
2026-07-22,4151.89990234375,60.01900100708008,69.17642467681152
2026-07-23,4050.199951171875,57.79800033569336,70.07508785162346
2026-07-24,4070.800048828125,58.65599822998047,69.40125770031551
2026-07-27,4077.0,58.47200012207031,69.7256805221057
2026-07-28,4038.699951171875,57.29600143432617,70.48833862867575
2026-07-29,4036.300048828125,57.862998962402344,69.75615023775025
2026-07-30,4100.10009765625,58.814998626708984,69.71181150031207
2026-07-31,4107.0,57.590999603271484,71.31322651615687
2026-08-03,4090.5,57.66699981689453,70.93311621877749
2026-08-04,4152.60009765625,60.055999755859375,69.14546614055993
2026-08-05,4305.2001953125,62.0989990234375,69.32801273797706
2026-08-06,4299.60009765625,61.43899917602539,69.98161030158889
2026-08-07,4399.7001953125,63.332000732421875,69.47041218390152
2026-08-10,4419.7001953125,65.10600280761719,67.88468043987197
2026-08-11,4441.10009765625,64.76899719238281,68.56830104169882
2026-08-12,4467.5,65.55500030517578,68.14888230039831
2026-08-13,4420.39990234375,64.87300109863281,68.13928487172932
2026-08-14,4437.2998046875,64.98799896240234,68.27875724031172
2026-08-17,4473.7001953125,66.12100219726562,67.65929200476495
2026-08-18,4420.60009765625,63.941001892089844,69.13560887138873
2026-08-19,4545.2998046875,65.73400115966797,69.14686044512887
2026-08-20,4571.39990234375,68.0260009765625,67.20077377352769
2026-08-21,4680.60009765625,69.46600341796875,67.3797234237535
2026-08-24,4697.7998046875,68.54100036621094,68.53999474164958
2026-08-25,4694.5,68.63600158691406,68.3970495288152
2026-08-26,4653.2998046875,67.98999786376953,68.44094647585138
2026-08-27,4664.0,69.42900085449219,67.17653923573971
2026-08-28,4529.89990234375,66.99500274658203,67.61548946387434
2026-08-31,4481.5,66.22100067138672,67.67490606550741
2026-09-01,4396.39990234375,64.61799621582031,68.03677241336969
2026-09-02,4414.60009765625,64.7229995727539,68.20759431419555
2026-09-03,4539.89990234375,66.9729995727539,67.78701762360188
2026-09-04,4476.60009765625,66.0469970703125,67.77901034456629
2026-09-08,4439.0,66.2969970703125,66.95627549000653
2026-09-09,4460.7001953125,67.94200134277344,65.65453043998323
2026-09-10,4407.2998046875,64.28399658203125,68.55982886912533
2026-09-11,4408.89990234375,64.55400085449219,68.29785673984208
2026-09-14,4351.89990234375,63.51300048828125,68.51982852151217
2026-09-15,4332.7998046875,63.236000061035156,68.5179296683139
2026-09-16,4387.5,64.28800201416016,68.24757128139717
2026-09-17,4399.7001953125,65.47000122070312,67.2017735341238
2026-09-18,4424.89990234375,66.55599975585938,66.48386198953004
2026-09-21,4392.0,66.71499633789062,65.83227521674274
