Date,VIX_Short,VIX_3M,MOVE_Index,VIX_Term_Ratio,VIX_Short_SMA5,VIX_Term_Ratio_SMA5,MOVE_SMA20
2010-01-04,20.040000915527344,,,,,,
2010-01-05,19.350000381469727,,,,,,
2010-01-06,19.15999984741211,,,,,,
2010-01-07,19.059999465942383,,,,,,
2010-01-08,18.1299991607666,,,,19.147999954223632,,
2010-01-11,17.549999237060547,,,,18.649999618530273,,
2010-01-12,18.25,,,,18.429999542236327,,
2010-01-13,17.850000381469727,,,,18.16799964904785,,
2010-01-14,17.6299991607666,,,,17.881999588012697,,
2010-01-15,17.90999984741211,,,,17.837999725341795,,
2010-01-19,17.579999923706055,,,,17.8439998626709,,
2010-01-20,18.68000030517578,,,,17.929999923706056,,
2010-01-21,22.270000457763672,,,,18.813999938964844,,
2010-01-22,27.309999465942383,,,,20.75,,
2010-01-25,25.40999984741211,,,,22.25,,
2010-01-26,24.549999237060547,,,,23.6439998626709,,
2010-01-27,23.139999389648438,,,,24.53599967956543,,
2010-01-28,23.729999542236328,,,,24.82799949645996,,
2010-01-29,24.6200008392334,,,,24.289999771118165,,
2010-02-01,22.59000015258789,,,,23.72599983215332,,
2010-02-02,21.479999542236328,,,,23.111999893188475,,
2010-02-03,21.600000381469727,,,,22.804000091552734,,
2010-02-04,26.079999923706055,,,,23.27400016784668,,
2010-02-05,26.110000610351562,,,,23.572000122070314,,
2010-02-08,26.510000228881836,,,,24.3560001373291,,
2010-02-09,26.0,,,,25.260000228881836,,
2010-02-10,25.399999618530273,,,,26.020000076293947,,
2010-02-11,23.959999084472656,,,,25.595999908447265,,
2010-02-12,22.729999542236328,,,,24.91999969482422,,
2010-02-16,22.25,,,,24.067999649047852,,
2010-02-17,21.719999313354492,,,,23.21199951171875,,
2010-02-18,20.6299991607666,,,,22.257999420166016,,
2010-02-19,20.020000457763672,,,,21.469999694824217,,
2010-02-22,19.940000534057617,,,,20.911999893188476,,
2010-02-23,21.3700008392334,,,,20.736000061035156,,
2010-02-24,20.270000457763672,,,,20.44600028991699,,
2010-02-25,20.100000381469727,,,,20.340000534057616,,
2010-02-26,19.5,,,,20.23600044250488,,
2010-03-01,19.260000228881836,,,,20.100000381469727,,
2010-03-02,19.059999465942383,,,,19.638000106811525,,
2010-03-03,18.829999923706055,,,,19.35,,
2010-03-04,18.719999313354492,,,,19.07399978637695,,
2010-03-05,17.420000076293945,,,,18.657999801635743,,
2010-03-08,17.790000915527344,,,,18.363999938964845,,
2010-03-09,17.920000076293945,,,,18.136000061035155,,
2010-03-10,18.56999969482422,,,,18.084000015258788,,
2010-03-11,18.059999465942383,,,,17.952000045776366,,
2010-03-12,17.579999923706055,,,,17.98400001525879,,
2010-03-15,18.0,,,,18.02599983215332,,
2010-03-16,17.690000534057617,,,,17.979999923706053,,
2010-03-17,16.90999984741211,,,,17.647999954223632,,
2010-03-18,16.6200008392334,,,,17.360000228881837,,
2010-03-19,16.969999313354492,,,,17.238000106811523,,
2010-03-22,16.8700008392334,,,,17.012000274658202,,
2010-03-23,16.350000381469727,,,,16.744000244140626,,
2010-03-24,17.549999237060547,,,,16.87200012207031,,
2010-03-25,18.399999618530273,,,,17.227999877929687,,
2010-03-26,17.770000457763672,,,,17.388000106811525,,
2010-03-29,17.59000015258789,,,,17.53199996948242,,
2010-03-30,17.1299991607666,,,,17.687999725341797,,
2010-03-31,17.59000015258789,,,,17.695999908447266,,
2010-04-01,17.469999313354492,,,,17.50999984741211,,
2010-04-05,17.020000457763672,,,,17.35999984741211,,
2010-04-06,16.229999542236328,,,,17.087999725341795,,
2010-04-07,16.6200008392334,,,,16.986000061035156,,
2010-04-08,16.479999542236328,,,,16.763999938964844,,
2010-04-09,16.139999389648438,,,,16.497999954223634,,
2010-04-12,15.579999923706055,,,,16.20999984741211,,
2010-04-13,16.200000762939453,,,,16.204000091552736,,
2010-04-14,15.59000015258789,,,,15.997999954223634,,
2010-04-15,15.890000343322754,,,,15.880000114440918,,
2010-04-16,18.360000610351562,,,,16.324000358581543,,
2010-04-19,17.34000015258789,,,,16.67600040435791,,
2010-04-20,15.729999542236328,,,,16.582000160217284,,
2010-04-21,16.31999969482422,,,,16.72800006866455,,
2010-04-22,16.469999313354492,,,,16.8439998626709,,
2010-04-23,16.6200008392334,,,,16.495999908447267,,
2010-04-26,17.469999313354492,,,,16.521999740600585,,
2010-04-27,22.809999465942383,,,,17.937999725341797,,
2010-04-28,21.079999923706055,,,,18.889999771118163,,
2010-04-29,18.440000534057617,,,,19.28400001525879,,
2010-04-30,22.049999237060547,,,,20.36999969482422,,
2010-05-03,20.190000534057617,,,,20.913999938964842,,
2010-05-04,23.84000015258789,,,,21.120000076293945,,
2010-05-05,24.90999984741211,,,,21.886000061035155,,
2010-05-06,32.79999923706055,,,,24.75799980163574,,
2010-05-07,40.95000076293945,,,,28.538000106811523,,
2010-05-10,28.84000015258789,,,,30.268000030517577,,
2010-05-11,28.31999969482422,,,,31.163999938964842,,
2010-05-12,25.520000457763672,,,,31.286000061035157,,
2010-05-13,26.68000030517578,,,,30.062000274658203,,
2010-05-14,31.239999771118164,,,,28.120000076293945,,
2010-05-17,30.84000015258789,,,,28.520000076293947,,
2010-05-18,33.54999923706055,,,,29.56599998474121,,
2010-05-19,35.31999969482422,,,,31.52599983215332,,
2010-05-20,45.790000915527344,,,,35.34799995422363,,
2010-05-21,40.099998474121094,,,,37.119999694824216,,
2010-05-24,38.31999969482422,,,,38.61599960327148,,
2010-05-25,34.61000061035156,,,,38.827999877929685,,
2010-05-26,35.02000045776367,,,,38.76800003051758,,
2010-05-27,29.68000030517578,,,,35.545999908447264,,
2010-05-28,32.06999969482422,,,,33.94000015258789,,
2010-06-01,35.540000915527344,,,,33.38400039672852,,
2010-06-02,30.170000076293945,,,,32.49600028991699,,
2010-06-03,29.459999084472656,,,,31.38400001525879,,
2010-06-04,35.47999954223633,,,,32.5439998626709,,
2010-06-07,36.56999969482422,,,,33.4439998626709,,
2010-06-08,33.70000076293945,,,,33.07599983215332,,
2010-06-09,33.72999954223633,,,,33.7879997253418,,
2010-06-10,30.56999969482422,,,,34.00999984741211,,
2010-06-11,28.790000915527344,,,,32.672000122070315,,
2010-06-14,28.579999923706055,,,,31.07400016784668,,
2010-06-15,25.8700008392334,,,,29.50800018310547,,
2010-06-16,25.920000076293945,,,,27.94600028991699,,
2010-06-17,25.049999237060547,,,,26.842000198364257,,
2010-06-18,23.950000762939453,,,,25.87400016784668,,
2010-06-21,24.8799991607666,,,,25.13400001525879,,
2010-06-22,27.049999237060547,,,,25.36999969482422,,
2010-06-23,26.90999984741211,,,,25.567999649047852,,
2010-06-24,29.739999771118164,,,,26.505999755859374,,
2010-06-25,28.530000686645508,,,,27.421999740600587,,
2010-06-28,29.0,,,,28.245999908447267,,
2010-06-29,34.130001068115234,,,,29.662000274658205,,
2010-06-30,34.540000915527344,,,,31.18800048828125,,
2010-07-01,32.86000061035156,,,,31.81200065612793,,
2010-07-02,30.1200008392334,,,,32.13000068664551,,
2010-07-06,29.649999618530273,,,,32.26000061035156,,
2010-07-07,26.84000015258789,,,,30.802000427246092,,
2010-07-08,25.709999084472656,,,,29.036000061035157,,
2010-07-09,24.979999542236328,,,,27.45999984741211,,
2010-07-12,24.43000030517578,,,,26.321999740600585,,
2010-07-13,24.559999465942383,,,,25.30399971008301,,
2010-07-14,24.889999389648438,,,,24.913999557495117,,
2010-07-15,25.139999389648438,,,,24.799999618530272,,
2010-07-16,26.25,,,,25.05399971008301,,
2010-07-19,25.969999313354492,,,,25.36199951171875,,
2010-07-20,23.93000030517578,,,,25.23599967956543,,
2010-07-21,25.639999389648438,,,,25.38599967956543,,
2010-07-22,24.6299991607666,,,,25.283999633789062,,
2010-07-23,23.469999313354492,,,,24.72799949645996,,
2010-07-26,22.729999542236328,,,,24.07999954223633,,
2010-07-27,23.190000534057617,,,,23.931999588012694,,
2010-07-28,24.25,,,,23.653999710083006,,
2010-07-29,24.1299991607666,,,,23.55399971008301,,
2010-07-30,23.5,,,,23.559999847412108,,
2010-08-02,22.010000228881836,,,,23.415999984741212,,
2010-08-03,22.6299991607666,,,,23.30399971008301,,
2010-08-04,22.209999084472656,,,,22.89599952697754,,
2010-08-05,22.100000381469727,,,,22.489999771118164,,
2010-08-06,21.739999771118164,,,,22.137999725341796,,
2010-08-09,22.139999389648438,,,,22.163999557495117,,
2010-08-10,22.3700008392334,,,,22.111999893188475,,
2010-08-11,25.389999389648438,,,,22.747999954223634,,
2010-08-12,25.729999542236328,,,,23.473999786376954,,
2010-08-13,26.239999771118164,,,,24.373999786376952,,
2010-08-16,26.100000381469727,,,,25.165999984741212,,
2010-08-17,24.329999923706055,,,,25.55799980163574,,
2010-08-18,24.59000015258789,,,,25.397999954223632,,
2010-08-19,26.440000534057617,,,,25.54000015258789,,
2010-08-20,25.489999771118164,,,,25.39000015258789,,
2010-08-23,25.65999984741211,,,,25.302000045776367,,
2010-08-24,27.459999084472656,,,,25.927999877929686,,
2010-08-25,26.700000762939453,,,,26.35,,
2010-08-26,27.3700008392334,,,,26.536000061035157,,
2010-08-27,24.450000762939453,,,,26.328000259399413,,
2010-08-30,27.209999084472656,,,,26.638000106811525,,
2010-08-31,26.049999237060547,,,,26.3560001373291,,
2010-09-01,23.889999389648438,,,,25.793999862670898,,
2010-09-02,23.190000534057617,,,,24.957999801635744,,
2010-09-03,21.309999465942383,,,,24.32999954223633,,
2010-09-07,23.799999237060547,,,,23.647999572753907,,
2010-09-08,23.25,,,,23.087999725341795,,
2010-09-09,22.809999465942383,,,,22.871999740600586,,
2010-09-10,21.989999771118164,,,,22.631999588012697,,
2010-09-13,21.209999084472656,,,,22.61199951171875,,
2010-09-14,21.559999465942383,,,,22.163999557495117,,
2010-09-15,22.100000381469727,,,,21.933999633789064,,
2010-09-16,21.719999313354492,,,,21.715999603271484,,
2010-09-17,22.010000228881836,,,,21.719999694824217,,
2010-09-20,21.5,,,,21.777999877929688,,
2010-09-21,22.350000381469727,,,,21.936000061035156,,
2010-09-22,22.510000228881836,,,,22.018000030517577,,
2010-09-23,23.8700008392334,,,,22.448000335693358,,
2010-09-24,21.709999084472656,,,,22.388000106811525,,
2010-09-27,22.540000915527344,,,,22.596000289916994,,
2010-09-28,22.600000381469727,,,,22.64600028991699,,
2010-09-29,23.25,,,,22.794000244140626,,
2010-09-30,23.700000762939453,,,,22.760000228881836,,
2010-10-01,22.5,,,,22.918000411987304,,
2010-10-04,23.530000686645508,,,,23.116000366210937,,
2010-10-05,21.760000228881836,,,,22.948000335693358,,
2010-10-06,21.489999771118164,,,,22.596000289916994,,
2010-10-07,21.559999465942383,,,,22.16800003051758,,
2010-10-08,20.709999084472656,,,,21.809999847412108,,
2010-10-11,18.959999084472656,,,,20.89599952697754,,
2010-10-12,18.93000030517578,,,,20.32999954223633,,
2010-10-13,19.06999969482422,,,,19.84599952697754,,
2010-10-14,19.8799991607666,,,,19.509999465942382,,
2010-10-15,19.030000686645508,,,,19.173999786376953,,
2010-10-18,19.09000015258789,,,,19.2,,
2010-10-19,20.6299991607666,,,,19.539999771118165,,
2010-10-20,19.790000915527344,,,,19.68400001525879,,
2010-10-21,19.270000457763672,,,,19.562000274658203,,
2010-10-22,18.780000686645508,,,,19.512000274658202,,
2010-10-25,19.850000381469727,,,,19.66400032043457,,
2010-10-26,20.219999313354492,,,,19.58200035095215,,
2010-10-27,20.709999084472656,,,,19.76599998474121,,
2010-10-28,20.8799991607666,,,,20.087999725341795,,
2010-10-29,21.200000762939453,,,,20.571999740600585,,
2010-11-01,21.829999923706055,,,,20.96799964904785,,
2010-11-02,21.56999969482422,,,,21.237999725341798,,
2010-11-03,19.559999465942383,,,,21.00799980163574,,
2010-11-04,18.520000457763672,,,,20.536000061035157,,
2010-11-05,18.260000228881836,,,,19.947999954223633,,
2010-11-08,18.290000915527344,,,,19.24000015258789,,
2010-11-09,19.079999923706055,,,,18.74200019836426,,
2010-11-10,18.469999313354492,,,,18.52400016784668,,
2010-11-11,18.639999389648438,,,,18.547999954223634,,
2010-11-12,20.610000610351562,,,,19.018000030517577,,
2010-11-15,20.200000762939453,,,,19.4,,
2010-11-16,22.579999923706055,,,,20.1,,
2010-11-17,21.760000228881836,,,,20.75800018310547,,
2010-11-18,18.75,,,,20.780000305175783,,
2010-11-19,18.040000915527344,,,,20.26600036621094,,
2010-11-22,18.3700008392334,,,,19.900000381469727,,
2010-11-23,20.6299991607666,,,,19.510000228881836,,
2010-11-24,19.559999465942383,,,,19.070000076293944,,
2010-11-26,22.219999313354492,,,,19.763999938964844,,
2010-11-29,21.530000686645508,,,,20.461999893188477,,
2010-11-30,23.540000915527344,,,,21.495999908447267,,
2010-12-01,21.360000610351562,,,,21.642000198364258,,
2010-12-02,19.389999389648438,,,,21.608000183105467,,
2010-12-03,18.010000228881836,,,,20.76600036621094,,
2010-12-06,18.020000457763672,,,,20.06400032043457,,
2010-12-07,17.989999771118164,,,,18.954000091552736,,
2010-12-08,17.739999771118164,,,,18.229999923706053,,
2010-12-09,17.25,,,,17.802000045776367,,
2010-12-10,17.610000610351562,,,,17.722000122070312,,
2010-12-13,17.549999237060547,,,,17.62799987792969,,
2010-12-14,17.610000610351562,,,,17.552000045776367,,
2010-12-15,17.940000534057617,,,,17.592000198364257,,
2010-12-16,17.389999389648438,,,,17.620000076293945,,
2010-12-17,16.110000610351562,,,,17.320000076293944,,
2010-12-20,16.40999984741211,,,,17.092000198364257,,
2010-12-21,16.489999771118164,,,,16.868000030517578,,
2010-12-22,15.449999809265137,,,,16.369999885559082,,
2010-12-23,16.469999313354492,,,,16.185999870300293,,
2010-12-27,17.670000076293945,,,,16.49799976348877,,
2010-12-28,17.520000457763672,,,,16.719999885559083,,
2010-12-29,17.280000686645508,,,,16.87800006866455,,
2010-12-30,17.520000457763672,,,,17.292000198364256,,
2010-12-31,17.75,,,,17.54800033569336,,
2011-01-03,17.610000610351562,,,,17.536000442504882,,
2011-01-04,17.3799991607666,,,,17.50800018310547,,
2011-01-05,17.020000457763672,,,,17.456000137329102,,
2011-01-06,17.399999618530273,,,,17.431999969482423,,
2011-01-07,17.139999389648438,,,,17.309999847412108,,
2011-01-10,17.540000915527344,,,,17.295999908447264,,
2011-01-11,16.889999389648438,,,,17.197999954223633,,
2011-01-12,16.239999771118164,,,,17.04199981689453,,
2011-01-13,16.389999389648438,,,,16.839999771118165,,
2011-01-14,15.460000038146973,,,,16.50399990081787,,
2011-01-18,15.869999885559082,,,,16.16999969482422,,
2011-01-19,17.309999465942383,,,,16.253999710083008,,
2011-01-20,17.989999771118164,,,,16.60399971008301,,
2011-01-21,18.469999313354492,,,,17.019999694824218,,
2011-01-24,17.649999618530273,,,,17.457999610900877,,
2011-01-25,17.59000015258789,,,,17.801999664306642,,
2011-01-26,16.639999389648438,,,,17.66799964904785,,
2011-01-27,16.149999618530273,,,,17.299999618530272,,
2011-01-28,20.040000915527344,,,,17.613999938964845,,
2011-01-31,19.530000686645508,,,,17.99000015258789,,
2011-02-01,17.6299991607666,,,,17.997999954223634,,
2011-02-02,17.299999237060547,,,,18.129999923706055,,
2011-02-03,16.690000534057617,,,,18.238000106811523,,
2011-02-04,15.930000305175781,,,,17.415999984741212,,
2011-02-07,16.280000686645508,,,,16.76599998474121,,
2011-02-08,15.8100004196167,,,,16.40200023651123,,
2011-02-09,15.869999885559082,,,,16.116000366210937,,
2011-02-10,16.09000015258789,,,,15.996000289916992,,
2011-02-11,15.6899995803833,,,,15.948000144958495,,
2011-02-14,15.949999809265137,,,,15.881999969482422,,
2011-02-15,16.3700008392334,,,,15.994000053405761,,
2011-02-16,16.719999313354492,,,,16.163999938964842,,
2011-02-17,16.59000015258789,,,,16.263999938964844,,
2011-02-18,16.43000030517578,,,,16.41200008392334,,
2011-02-22,20.799999237060547,,,,17.381999969482422,,
2011-02-23,22.1299991607666,,,,18.533999633789062,,
2011-02-24,21.31999969482422,,,,19.453999710083007,,
2011-02-25,19.219999313354492,,,,19.979999542236328,,
2011-02-28,18.350000381469727,,,,20.363999557495116,,
2011-03-01,21.010000228881836,,,,20.405999755859376,,
2011-03-02,20.700000762939453,,,,20.120000076293945,,
2011-03-03,18.600000381469727,,,,19.576000213623047,,
2011-03-04,19.059999465942383,,,,19.544000244140626,,
2011-03-07,20.65999984741211,,,,20.006000137329103,,
2011-03-08,19.81999969482422,,,,19.768000030517577,,
2011-03-09,20.219999313354492,,,,19.671999740600587,,
2011-03-10,21.8799991607666,,,,20.32799949645996,,
2011-03-11,20.079999923706055,,,,20.531999588012695,,
2011-03-14,21.1299991607666,,,,20.625999450683594,,
2011-03-15,24.31999969482422,,,,21.525999450683592,,
2011-03-16,29.399999618530273,,,,23.36199951171875,,
2011-03-17,26.3700008392334,,,,24.25999984741211,,
2011-03-18,24.440000534057617,,,,25.131999969482422,,
2011-03-21,20.610000610351562,,,,25.028000259399413,,
2011-03-22,20.209999084472656,,,,24.206000137329102,,
2011-03-23,19.170000076293945,,,,22.160000228881835,,
2011-03-24,18.0,,,,20.486000061035156,,
2011-03-25,17.90999984741211,,,,19.179999923706056,,
2011-03-28,19.440000534057617,,,,18.945999908447266,,
2011-03-29,18.15999984741211,,,,18.536000061035157,,
2011-03-30,17.709999084472656,,,,18.243999862670897,,
2011-03-31,17.739999771118164,,,,18.19199981689453,,
2011-04-01,17.399999618530273,,,,18.089999771118165,,
2011-04-04,17.5,,,,17.70199966430664,,
2011-04-05,17.25,,,,17.519999694824218,,
2011-04-06,16.899999618530273,,,,17.357999801635742,,
2011-04-07,17.110000610351562,,,,17.231999969482423,,
2011-04-08,17.8700008392334,,,,17.326000213623047,,
2011-04-11,16.59000015258789,,,,17.144000244140624,,
2011-04-12,17.09000015258789,,,,17.112000274658204,,
2011-04-13,16.920000076293945,,,,17.116000366210937,,
2011-04-14,16.270000457763672,,,,16.948000335693358,,
2011-04-15,15.319999694824219,,,,16.438000106811522,,
2011-04-18,16.959999084472656,,,,16.511999893188477,,
2011-04-19,15.829999923706055,,,,16.25999984741211,,
2011-04-20,15.069999694824219,,,,15.889999771118164,,
2011-04-21,14.6899995803833,,,,15.57399959564209,,
2011-04-25,15.770000457763672,,,,15.66399974822998,,
2011-04-26,15.619999885559082,,,,15.395999908447266,,
2011-04-27,15.350000381469727,,,,15.3,,
2011-04-28,14.619999885559082,,,,15.210000038146973,,
2011-04-29,14.75,,,,15.222000122070312,,
2011-05-02,15.989999771118164,,,,15.26599998474121,,
2011-05-03,16.700000762939453,,,,15.482000160217286,,
2011-05-04,17.079999923706055,,,,15.82800006866455,,
2011-05-05,18.200000762939453,,,,16.544000244140626,,
2011-05-06,18.399999618530273,,,,17.27400016784668,,
2011-05-09,17.15999984741211,,,,17.50800018310547,,
2011-05-10,15.90999984741211,,,,17.35,,
2011-05-11,16.950000762939453,,,,17.32400016784668,,
2011-05-12,16.030000686645508,,,,16.89000015258789,,
2011-05-13,17.06999969482422,,,,16.62400016784668,,
2011-05-16,18.239999771118164,,,,16.84000015258789,,
2011-05-17,17.549999237060547,,,,17.16800003051758,,
2011-05-18,16.229999542236328,,,,17.023999786376955,,
2011-05-19,15.520000457763672,,,,16.921999740600587,,
2011-05-20,17.43000030517578,,,,16.993999862670897,,
2011-05-23,18.270000457763672,,,,17.0,,
2011-05-24,17.81999969482422,,,,17.054000091552734,,
2011-05-25,17.06999969482422,,,,17.222000122070312,,
2011-05-26,16.09000015258789,,,,17.336000061035158,,
2011-05-27,15.979999542236328,,,,17.045999908447264,,
2011-05-31,15.449999809265137,,,,16.481999778747557,,
2011-06-01,18.299999237060547,,,,16.577999687194826,,
2011-06-02,18.09000015258789,,,,16.781999778747558,,
2011-06-03,17.950000762939453,,,,17.153999900817873,,
2011-06-06,18.489999771118164,,,,17.65599994659424,,
2011-06-07,18.06999969482422,,,,18.179999923706056,,
2011-06-08,18.790000915527344,,,,18.278000259399413,,
2011-06-09,17.770000457763672,,,,18.21400032043457,,
2011-06-10,18.860000610351562,,,,18.39600028991699,,
2011-06-13,19.610000610351562,,,,18.620000457763673,,
2011-06-14,18.260000228881836,,,,18.658000564575197,,
2011-06-15,21.31999969482422,,,,19.16400032043457,,
2011-06-16,22.729999542236328,,,,20.1560001373291,,
2011-06-17,21.850000381469727,,,,20.754000091552733,,
2011-06-20,19.989999771118164,,,,20.829999923706055,,
2011-06-21,18.860000610351562,,,,20.95,,
2011-06-22,18.520000457763672,,,,20.39000015258789,,
2011-06-23,19.290000915527344,,,,19.702000427246094,,
2011-06-24,21.100000381469727,,,,19.552000427246092,,
2011-06-27,20.559999465942383,,,,19.666000366210938,,
2011-06-28,19.170000076293945,,,,19.728000259399415,,
2011-06-29,17.270000457763672,,,,19.478000259399415,,
2011-06-30,16.520000457763672,,,,18.92400016784668,,
2011-07-01,15.869999885559082,,,,17.87800006866455,,
2011-07-05,16.059999465942383,,,,16.97800006866455,,
2011-07-06,16.34000015258789,,,,16.41200008392334,,
2011-07-07,15.949999809265137,,,,16.147999954223632,,
2011-07-08,15.949999809265137,,,,16.033999824523924,,
2011-07-11,18.389999389648438,,,,16.5379997253418,,
2011-07-12,19.8700008392334,,,,17.3,,
2011-07-13,19.90999984741211,,,,18.013999938964844,,
2011-07-14,20.799999237060547,,,,18.983999824523927,,
2011-07-15,19.530000686645508,,,,19.7,,
2011-07-18,20.950000762939453,,,,20.2120002746582,,
2011-07-19,19.209999084472656,,,,20.079999923706055,,
2011-07-20,19.09000015258789,,,,19.915999984741212,,
2011-07-21,17.559999465942383,,,,19.268000030517577,,
2011-07-22,17.520000457763672,,,,18.86599998474121,,
2011-07-25,19.350000381469727,,,,18.545999908447264,,
2011-07-26,20.229999542236328,,,,18.75,,
2011-07-27,22.979999542236328,,,,19.527999877929688,,
2011-07-28,23.739999771118164,,,,20.763999938964844,,
2011-07-29,25.25,,,,22.309999847412108,,
2011-08-01,23.65999984741211,,,,23.171999740600587,,
2011-08-02,24.790000915527344,,,,24.084000015258788,,
2011-08-03,23.3799991607666,,,,24.163999938964842,,
2011-08-04,31.65999984741211,,,,25.747999954223634,,
2011-08-05,32.0,,,,27.09799995422363,,
2011-08-08,48.0,,,,31.96599998474121,,
2011-08-09,35.060001373291016,,,,34.02000007629395,,
2011-08-10,42.9900016784668,,,,37.94200057983399,,
2011-08-11,39.0,,,,39.41000061035156,,
2011-08-12,36.36000061035156,,,,40.28200073242188,,
2011-08-15,31.8700008392334,,,,37.05600090026856,,
2011-08-16,32.849998474121094,,,,36.61400032043457,,
2011-08-17,31.579999923706055,,,,34.331999969482425,,
2011-08-18,42.66999816894531,,,,35.065999603271486,,
2011-08-19,43.04999923706055,,,,36.40399932861328,,
2011-08-22,42.439998626708984,,,,38.5179988861084,,
2011-08-23,36.27000045776367,,,,39.201999282836915,,
2011-08-24,35.900001525878906,,,,40.065999603271486,,
2011-08-25,39.7599983215332,,,,39.48399963378906,,
2011-08-26,35.59000015258789,,,,37.991999816894534,,
2011-08-29,32.279998779296875,,,,35.95999984741211,,
2011-08-30,32.88999938964844,,,,35.283999633789065,,
2011-08-31,31.6200008392334,,,,34.42799949645996,,
2011-09-01,31.81999969482422,,,,32.839999771118165,,
2011-09-02,33.91999816894531,,,,32.505999374389646,,
2011-09-06,37.0,,,,33.44999961853027,,
2011-09-07,33.380001068115234,,,,33.547999954223634,,
2011-09-08,34.31999969482422,,,,34.087999725341795,,
2011-09-09,38.52000045776367,,,,35.427999877929686,,
2011-09-12,38.59000015258789,,,,36.3620002746582,,
2011-09-13,36.90999984741211,,,,36.344000244140624,,
2011-09-14,34.599998474121094,,,,36.587999725341795,,
2011-09-15,31.969999313354492,,,,36.11799964904785,,
2011-09-16,30.979999542236328,,,,34.60999946594238,,
2011-09-19,32.72999954223633,,,,33.43799934387207,,
2011-09-20,32.86000061035156,,,,32.627999496459964,,
2011-09-21,37.31999969482422,,,,33.17199974060058,,
2011-09-22,41.349998474121094,,,,35.04799957275391,,
2011-09-23,41.25,,,,37.10199966430664,,
2011-09-26,39.02000045776367,,,,38.35999984741211,,
2011-09-27,37.709999084472656,,,,39.32999954223633,,
2011-09-28,41.08000183105469,,,,40.081999969482425,,
2011-09-29,38.84000015258789,,,,39.58000030517578,,
2011-09-30,42.959999084472656,,,,39.922000122070315,,
2011-10-03,45.45000076293945,,,,41.20800018310547,,
2011-10-04,40.81999969482422,,,,41.83000030517578,,
2011-10-05,37.810001373291016,,,,41.17600021362305,,
2011-10-06,36.27000045776367,,,,40.662000274658205,,
2011-10-07,36.20000076293945,,,,39.310000610351565,,
2011-10-10,33.02000045776367,,,,36.82400054931641,,
2011-10-11,32.86000061035156,,,,35.232000732421874,,
2011-10-12,31.260000228881836,,,,33.92200050354004,,
2011-10-13,30.700000762939453,,,,32.808000564575195,,
2011-10-14,28.239999771118164,,,,31.216000366210938,,
2011-10-17,33.38999938964844,,,,31.29000015258789,,
2011-10-18,31.559999465942383,,,,31.029999923706054,,
2011-10-19,34.439998626708984,,,,31.665999603271484,,
2011-10-20,34.779998779296875,,,,32.481999206542966,,
2011-10-21,31.31999969482422,,,,33.09799919128418,,
2011-10-24,29.260000228881836,,,,32.27199935913086,,
2011-10-25,32.220001220703125,,,,32.403999710083006,,
2011-10-26,29.860000610351562,,,,31.488000106811523,,
2011-10-27,25.459999084472656,,,,29.62400016784668,,
2011-10-28,24.530000686645508,,,,28.26600036621094,,
2011-10-31,29.959999084472656,,,,28.4060001373291,,
2011-11-01,34.77000045776367,,,,28.915999984741212,,
2011-11-02,32.7400016784668,,,,29.49200019836426,,
2011-11-03,30.5,,,,30.500000381469725,,
2011-11-04,30.15999984741211,,,,31.626000213623048,,
2011-11-07,29.850000381469727,,,,31.60400047302246,,
2011-11-08,27.479999542236328,,,,30.14600028991699,,
2011-11-09,36.15999984741211,,,,30.829999923706055,,
2011-11-10,32.810001373291016,,,,31.292000198364256,,
2011-11-11,30.040000915527344,,,,31.268000411987305,,
2011-11-14,31.1299991607666,,,,31.52400016784668,,
2011-11-15,31.219999313354492,,,,32.27200012207031,,
2011-11-16,33.5099983215332,,,,31.74199981689453,,
2011-11-17,34.5099983215332,,,,32.08199920654297,,
2011-11-18,32.0,,,,32.4739990234375,,
2011-11-21,32.90999984741211,,,,32.829999160766604,,
2011-11-22,31.969999313354492,,,,32.9799991607666,,
2011-11-23,33.97999954223633,,,,33.07399940490723,,
2011-11-25,34.470001220703125,,,,33.06599998474121,,
2011-11-28,32.130001068115234,,,,33.09200019836426,,
2011-11-29,30.639999389648438,,,,32.638000106811525,,
2011-11-30,27.799999237060547,,,,31.804000091552734,,
2011-12-01,27.40999984741211,,,,30.49000015258789,,
2011-12-02,27.520000457763672,,,,29.1,,
2011-12-05,27.84000015258789,,,,28.24199981689453,,
2011-12-06,28.1299991607666,,,,27.739999771118164,,
2011-12-07,28.670000076293945,,,,27.913999938964842,,
2011-12-08,30.59000015258789,,,,28.55,,
2011-12-09,26.3799991607666,,,,28.321999740600585,,
2011-12-12,25.670000076293945,,,,27.887999725341796,,
2011-12-13,25.40999984741211,,,,27.3439998626709,,
2011-12-14,26.040000915527344,,,,26.818000030517577,,
2011-12-15,25.110000610351562,,,,25.722000122070312,,
2011-12-16,24.290000915527344,,,,25.304000473022462,,
2011-12-19,24.920000076293945,,,,25.15400047302246,,
2011-12-20,23.219999313354492,,,,24.716000366210938,,
2011-12-21,21.43000030517578,,,,23.794000244140626,,
2011-12-22,21.15999984741211,,,,23.004000091552733,,
2011-12-23,20.729999542236328,,,,22.29199981689453,,
2011-12-27,21.90999984741211,,,,21.689999771118163,,
2011-12-28,23.520000457763672,,,,21.75,,
2011-12-29,22.649999618530273,,,,21.993999862670897,,
2011-12-30,23.399999618530273,,,,22.44199981689453,,
2012-01-03,22.969999313354492,,,,22.889999771118163,,
2012-01-04,22.219999313354492,,,,22.95199966430664,,
2012-01-05,21.479999542236328,,,,22.543999481201173,,
2012-01-06,20.6299991607666,,,,22.139999389648438,,
2012-01-09,21.06999969482422,,,,21.673999404907228,,
2012-01-10,20.690000534057617,,,,21.21799964904785,,
2012-01-11,21.049999237060547,,,,20.98399963378906,,
2012-01-12,20.469999313354492,,,,20.781999588012695,,
2012-01-13,20.90999984741211,,,,20.837999725341795,,
2012-01-17,22.200000762939453,,,,21.063999938964844,,
2012-01-18,20.889999389648438,,,,21.10399971008301,,
2012-01-19,19.8700008392334,,,,20.868000030517578,,
2012-01-20,18.280000686645508,,,,20.43000030517578,,
2012-01-23,18.670000076293945,,,,19.98200035095215,,
2012-01-24,18.90999984741211,,,,19.32400016784668,,
2012-01-25,18.309999465942383,,,,18.80800018310547,,
2012-01-26,18.56999969482422,,,,18.547999954223634,,
2012-01-27,18.530000686645508,,,,18.59799995422363,,
2012-01-30,19.399999618530273,,,,18.743999862670897,,
2012-01-31,19.440000534057617,,,,18.85,,
2012-02-01,18.549999237060547,,,,18.897999954223632,,
2012-02-02,17.979999542236328,,,,18.779999923706054,,
2012-02-03,17.100000381469727,,,,18.493999862670897,,
2012-02-06,17.760000228881836,,,,18.165999984741212,,
2012-02-07,17.649999618530273,,,,17.80799980163574,,
2012-02-08,18.15999984741211,,,,17.729999923706053,,
2012-02-09,18.6299991607666,,,,17.85999984741211,,
2012-02-10,20.790000915527344,,,,18.59799995422363,,
2012-02-13,19.040000915527344,,,,18.854000091552734,,
2012-02-14,19.540000915527344,,,,19.23200035095215,,
2012-02-15,21.139999389648438,,,,19.828000259399413,,
2012-02-16,19.219999313354492,,,,19.94600028991699,,
2012-02-17,17.780000686645508,,,,19.344000244140624,,
2012-02-21,18.190000534057617,,,,19.17400016784668,,
2012-02-22,18.190000534057617,,,,18.904000091552735,,
2012-02-23,16.799999237060547,,,,18.036000061035157,,
2012-02-24,17.309999465942383,,,,17.654000091552735,,
2012-02-27,18.190000534057617,,,,17.736000061035156,,
2012-02-28,17.959999084472656,,,,17.689999771118163,,
2012-02-29,18.43000030517578,,,,17.737999725341798,,
2012-03-01,17.260000228881836,,,,17.829999923706055,,
2012-03-02,17.290000915527344,,,,17.826000213623047,,
2012-03-05,18.049999237060547,,,,17.797999954223634,,
2012-03-06,20.8700008392334,,,,18.38000030517578,,
2012-03-07,19.06999969482422,,,,18.50800018310547,,
2012-03-08,17.950000762939453,,,,18.64600028991699,,
2012-03-09,17.110000610351562,,,,18.610000228881837,,
2012-03-12,15.640000343322754,,,,18.128000450134277,,
2012-03-13,14.800000190734863,,,,16.91400032043457,,
2012-03-14,15.3100004196167,,,,16.162000465393067,,
2012-03-15,15.420000076293945,,,,15.656000328063964,,
2012-03-16,14.470000267028809,,,,15.128000259399414,,
2012-03-19,15.039999961853027,,,,15.00800018310547,,
2012-03-20,15.579999923706055,,,,15.164000129699707,,
2012-03-21,15.130000114440918,,,,15.128000068664551,,
2012-03-22,15.569999694824219,,,,15.157999992370605,,
2012-03-23,14.819999694824219,,,,15.227999877929687,,
2012-03-26,14.260000228881836,,,,15.07199993133545,,
2012-03-27,15.59000015258789,,,,15.073999977111816,,
2012-03-28,15.470000267028809,,,,15.142000007629395,,
2012-03-29,15.479999542236328,,,,15.123999977111817,,
2012-03-30,15.5,,,,15.260000038146973,,
2012-04-02,15.640000343322754,,,,15.536000061035157,,
2012-04-03,15.65999984741211,,,,15.55,,
2012-04-04,16.440000534057617,,,,15.744000053405761,,
2012-04-05,16.700000762939453,,,,15.988000297546387,,
2012-04-09,18.809999465942383,,,,16.650000190734865,,
2012-04-10,20.389999389648438,,,,17.6,,
2012-04-11,20.020000457763672,,,,18.472000122070312,,
2012-04-12,17.200000762939453,,,,18.62400016784668,,
2012-04-13,19.549999237060547,,,,19.1939998626709,,
2012-04-16,19.549999237060547,,,,19.341999816894532,,
2012-04-17,18.459999084472656,,,,18.955999755859374,,
2012-04-18,18.639999389648438,,,,18.679999542236327,,
2012-04-19,18.360000610351562,,,,18.91199951171875,,
2012-04-20,17.440000534057617,,,,18.489999771118164,,
2012-04-23,18.969999313354492,,,,18.373999786376952,,
2012-04-24,18.100000381469727,,,,18.302000045776367,,
2012-04-25,16.81999969482422,,,,17.938000106811522,,
2012-04-26,16.239999771118164,,,,17.513999938964844,,
2012-04-27,16.31999969482422,,,,17.289999771118165,,
2012-04-30,17.149999618530273,,,,16.92599983215332,,
2012-05-01,16.600000381469727,,,,16.62599983215332,,
2012-05-02,16.8799991607666,,,,16.637999725341796,,
2012-05-03,17.559999465942383,,,,16.90199966430664,,
2012-05-04,19.15999984741211,,,,17.469999694824217,,
2012-05-07,18.940000534057617,,,,17.827999877929688,,
2012-05-08,19.049999237060547,,,,18.317999649047852,,
2012-05-09,20.079999923706055,,,,18.957999801635744,,
2012-05-10,18.829999923706055,,,,19.211999893188477,,
2012-05-11,19.889999389648438,,,,19.357999801635742,,
2012-05-14,21.8700008392334,,,,19.9439998626709,,
2012-05-15,21.969999313354492,,,,20.527999877929688,,
2012-05-16,22.270000457763672,,,,20.96599998474121,,
2012-05-17,24.489999771118164,,,,22.09799995422363,,
2012-05-18,25.100000381469727,,,,23.14000015258789,,
2012-05-21,22.010000228881836,,,,23.16800003051758,,
2012-05-22,22.479999542236328,,,,23.270000076293947,,
2012-05-23,22.329999923706055,,,,23.28199996948242,,
2012-05-24,21.540000915527344,,,,22.69200019836426,,
2012-05-25,21.760000228881836,,,,22.02400016784668,,
2012-05-29,21.030000686645508,,,,21.828000259399413,,
2012-05-30,24.139999389648438,,,,22.160000228881835,,
2012-05-31,24.059999465942383,,,,22.506000137329103,,
2012-06-01,26.65999984741211,,,,23.529999923706054,,
2012-06-04,26.1200008392334,,,,24.40200004577637,,
2012-06-05,24.68000030517578,,,,25.131999969482422,,
2012-06-06,22.15999984741211,,,,24.736000061035156,,
2012-06-07,21.719999313354492,,,,24.268000030517577,,
2012-06-08,21.229999542236328,,,,23.181999969482423,,
2012-06-11,23.559999465942383,,,,22.66999969482422,,
2012-06-12,22.09000015258789,,,,22.15199966430664,,
2012-06-13,24.270000457763672,,,,22.57399978637695,,
2012-06-14,21.68000030517578,,,,22.56599998474121,,
2012-06-15,21.110000610351562,,,,22.542000198364256,,
2012-06-18,18.31999969482422,,,,21.494000244140626,,
2012-06-19,18.3799991607666,,,,20.752000045776366,,
2012-06-20,17.239999771118164,,,,19.345999908447265,,
2012-06-21,20.079999923706055,,,,19.02599983215332,,
2012-06-22,18.110000610351562,,,,18.42599983215332,,
2012-06-25,20.3799991607666,,,,18.837999725341795,,
2012-06-26,19.719999313354492,,,,19.105999755859376,,
2012-06-27,19.450000762939453,,,,19.547999954223634,,
2012-06-28,19.709999084472656,,,,19.473999786376954,,
2012-06-29,17.079999923706055,,,,19.26799964904785,,
2012-07-02,16.799999237060547,,,,18.551999664306642,,
2012-07-03,16.65999984741211,,,,17.939999771118163,,
2012-07-05,17.5,,,,17.549999618530272,,
2012-07-06,17.100000381469727,,,,17.027999877929688,,
2012-07-09,17.979999542236328,,,,17.207999801635744,,
2012-07-10,18.719999313354492,,,,17.591999816894532,,
2012-07-11,17.950000762939453,,,,17.85,,
2012-07-12,18.329999923706055,,,,18.01599998474121,,
2012-07-13,16.739999771118164,,,,17.9439998626709,,
2012-07-16,17.110000610351562,,,,17.770000076293947,,
2012-07-17,16.479999542236328,,,,17.322000122070314,,
2012-07-18,16.15999984741211,,,,16.963999938964843,,
2012-07-19,15.449999809265137,,,,16.38799991607666,,
2012-07-20,16.270000457763672,,,,16.29400005340576,,
2012-07-23,18.6200008392334,,,,16.596000099182127,,
2012-07-24,20.469999313354492,,,,17.39400005340576,,
2012-07-25,19.34000015258789,,,,18.030000114440917,,
2012-07-26,17.530000686645508,,,,18.44600028991699,,
2012-07-27,16.700000762939453,,,,18.53200035095215,,
2012-07-30,18.030000686645508,,,,18.41400032043457,,
2012-07-31,18.93000030517578,,,,18.10600051879883,,
2012-08-01,18.959999084472656,,,,18.030000305175783,,
2012-08-02,17.56999969482422,,,,18.038000106811523,,
2012-08-03,15.640000343322754,,,,17.826000022888184,,
2012-08-06,15.949999809265137,,,,17.40999984741211,,
2012-08-07,15.989999771118164,,,,16.821999740600585,,
2012-08-08,15.319999694824219,,,,16.0939998626709,,
2012-08-09,15.279999732971191,,,,15.635999870300292,,
2012-08-10,14.739999771118164,,,,15.455999755859375,,
2012-08-13,13.699999809265137,,,,15.005999755859374,,
2012-08-14,14.850000381469727,,,,14.777999877929688,,
2012-08-15,14.630000114440918,,,,14.639999961853027,,
2012-08-16,14.289999961853027,,,,14.442000007629394,,
2012-08-17,13.449999809265137,,,,14.184000015258789,,
2012-08-20,14.020000457763672,,,,14.248000144958496,,
2012-08-21,15.020000457763672,,,,14.282000160217285,,
2012-08-22,15.109999656677246,,,,14.378000068664551,,
2012-08-23,15.960000038146973,,,,14.71200008392334,,
2012-08-24,15.180000305175781,,,,15.058000183105468,,
2012-08-27,16.350000381469727,,,,15.52400016784668,,
2012-08-28,16.489999771118164,,,,15.818000030517577,,
2012-08-29,17.059999465942383,,,,16.207999992370606,,
2012-08-30,17.829999923706055,,,,16.58199996948242,,
2012-08-31,17.469999313354492,,,,17.039999771118165,,
2012-09-04,17.979999542236328,,,,17.365999603271483,,
2012-09-05,17.739999771118164,,,,17.615999603271483,,
2012-09-06,15.600000381469727,,,,17.32399978637695,,
2012-09-07,14.380000114440918,,,,16.633999824523926,,
2012-09-10,16.280000686645508,,,,16.396000099182128,,
2012-09-11,16.40999984741211,,,,16.082000160217284,,
2012-09-12,15.800000190734863,,,,15.694000244140625,,
2012-09-13,14.050000190734863,,,,15.384000205993653,,
2012-09-14,14.510000228881836,,,,15.410000228881836,,
2012-09-17,14.59000015258789,,,,15.072000122070312,,
2012-09-18,14.180000305175781,,,,14.626000213623048,,
2012-09-19,13.880000114440918,,,,14.242000198364257,,
2012-09-20,14.069999694824219,,,,14.24600009918213,,
2012-09-21,13.979999542236328,,,,14.139999961853027,,
2012-09-24,14.149999618530273,,,,14.051999855041505,,
2012-09-25,15.430000305175781,,,,14.301999855041505,,
2012-09-26,16.809999465942383,,,,14.887999725341796,,
2012-09-27,14.84000015258789,,,,15.041999816894531,,
2012-09-28,15.729999542236328,,,,15.391999816894531,,
2012-10-01,16.31999969482422,,,,15.82599983215332,,
2012-10-02,15.710000038146973,,,,15.88199977874756,,
2012-10-03,15.430000305175781,,,,15.605999946594238,,
2012-10-04,14.550000190734863,,,,15.547999954223632,,
2012-10-05,14.329999923706055,,,,15.268000030517578,,
2012-10-08,15.109999656677246,,,,15.026000022888184,,
2012-10-09,16.3700008392334,,,,15.158000183105468,,
2012-10-10,16.290000915527344,,,,15.330000305175782,,
2012-10-11,15.59000015258789,,,,15.538000297546386,,
2012-10-12,16.139999389648438,,,,15.900000190734863,,
2012-10-15,15.270000457763672,,,,15.932000350952148,,
2012-10-16,15.220000267028809,,,,15.70200023651123,,
2012-10-17,15.069999694824219,,,,15.457999992370606,,
2012-10-18,15.029999732971191,,,,15.345999908447265,,
2012-10-19,17.059999465942383,,,,15.529999923706054,,
2012-10-22,16.6200008392334,,,,15.8,,
2012-10-23,18.829999923706055,,,,16.52199993133545,,
2012-10-24,18.329999923706055,,,,17.173999977111816,,
2012-10-25,18.1200008392334,,,,17.792000198364256,,
2012-10-26,17.809999465942383,,,,17.94200019836426,,
2012-10-31,18.600000381469727,,,,18.338000106811524,,
2012-11-01,16.690000534057617,,,,17.910000228881835,,
2012-11-02,17.59000015258789,,,,17.762000274658202,,
2012-11-05,18.420000076293945,,,,17.822000122070314,,
2012-11-06,17.579999923706055,,,,17.776000213623046,,
2012-11-07,19.079999923706055,,,,17.87200012207031,,
2012-11-08,18.489999771118164,,,,18.231999969482423,,
2012-11-09,18.610000610351562,,,,18.436000061035156,,
2012-11-12,16.68000030517578,,,,18.088000106811524,,
2012-11-13,16.649999618530273,,,,17.90200004577637,,
2012-11-14,17.920000076293945,,,,17.670000076293945,,
2012-11-15,17.989999771118164,,,,17.570000076293944,,
2012-11-16,16.40999984741211,,,,17.129999923706055,,
2012-11-19,15.239999771118164,,,,16.841999816894532,,
2012-11-20,15.079999923706055,,,,16.527999877929688,,
2012-11-21,15.3100004196167,,,,16.005999946594237,,
2012-11-23,15.140000343322754,,,,15.436000061035156,,
2012-11-26,15.5,,,,15.254000091552735,,
2012-11-27,15.920000076293945,,,,15.390000152587891,,
2012-11-28,15.510000228881836,,,,15.476000213623047,,
2012-11-29,15.0600004196167,,,,15.426000213623047,,
2012-11-30,15.869999885559082,,,,15.572000122070312,,
2012-12-03,16.639999389648438,,,,15.8,,
2012-12-04,17.1200008392334,,,,16.04000015258789,,
2012-12-05,16.459999084472656,,,,16.229999923706053,,
2012-12-06,16.579999923706055,,,,16.533999824523924,,
2012-12-07,15.899999618530273,,,,16.539999771118165,,
2012-12-10,16.049999237060547,,,,16.421999740600587,,
2012-12-11,15.569999694824219,,,,16.11199951171875,,
2012-12-12,15.949999809265137,,,,16.009999656677245,,
2012-12-13,16.559999465942383,,,,16.00599956512451,,
2012-12-14,17.0,,,,16.225999641418458,,
2012-12-17,16.34000015258789,,,,16.283999824523924,,
2012-12-18,15.569999694824219,,,,16.283999824523924,,
2012-12-19,17.360000610351562,,,,16.56599998474121,,
2012-12-20,17.670000076293945,,,,16.788000106811523,,
2012-12-21,17.84000015258789,,,,16.956000137329102,,
2012-12-24,17.84000015258789,,,,17.256000137329103,,
2012-12-26,19.479999542236328,,,,18.038000106811523,,
2012-12-27,19.469999313354492,,,,18.45999984741211,,
2012-12-28,22.719999313354492,,,,19.469999694824217,,
2012-12-31,18.020000457763672,,,,19.505999755859374,,
2013-01-02,14.680000305175781,,,,18.873999786376952,,
2013-01-03,14.5600004196167,,,,17.88999996185303,,
2013-01-04,13.829999923706055,,,,16.76200008392334,,
2013-01-07,13.789999961853027,,,,14.976000213623047,,
2013-01-08,13.619999885559082,,,,14.09600009918213,,
2013-01-09,13.8100004196167,,,,13.922000122070312,,
2013-01-10,13.489999771118164,,,,13.707999992370606,,
2013-01-11,13.359999656677246,,,,13.613999938964843,,
2013-01-14,13.520000457763672,,,,13.560000038146972,,
2013-01-15,13.550000190734863,,,,13.546000099182129,,
2013-01-16,13.420000076293945,,,,13.468000030517578,,
2013-01-17,13.569999694824219,,,,13.48400001525879,,
2013-01-18,12.460000038146973,,,,13.304000091552734,,
2013-01-22,12.430000305175781,,,,13.086000061035156,,
2013-01-23,12.460000038146973,,,,12.868000030517578,,
2013-01-24,12.6899995803833,,,,12.72199993133545,,
2013-01-25,12.890000343322754,,,,12.586000061035156,,
2013-01-28,13.569999694824219,,,,12.807999992370606,,
2013-01-29,13.3100004196167,,,,12.98400001525879,,
2013-01-30,14.319999694824219,,,,13.355999946594238,,
2013-01-31,14.279999732971191,,,,13.673999977111816,,
2013-02-01,12.899999618530273,,,,13.67599983215332,,
2013-02-04,14.670000076293945,,,,13.895999908447266,,
2013-02-05,13.720000267028809,,,,13.977999877929687,,
2013-02-06,13.40999984741211,,,,13.795999908447266,,
2013-02-07,13.5,,,,13.639999961853027,,
2013-02-08,13.020000457763672,,,,13.664000129699707,,
2013-02-11,12.9399995803833,,,,13.318000030517577,,
2013-02-12,12.640000343322754,,,,13.102000045776368,,
2013-02-13,12.979999542236328,,,,13.01599998474121,,
2013-02-14,12.65999984741211,,,,12.847999954223633,,
2013-02-15,12.460000038146973,,,,12.735999870300294,,
2013-02-19,12.3100004196167,,,,12.610000038146973,,
2013-02-20,14.680000305175781,,,,13.018000030517578,,
2013-02-21,15.220000267028809,,,,13.466000175476074,,
2013-02-22,14.170000076293945,,,,13.768000221252441,,
2013-02-25,18.989999771118164,,,,15.07400016784668,,
2013-02-26,16.8700008392334,,,,15.986000251770019,,
2013-02-27,14.729999542236328,,,,15.99600009918213,,
2013-02-28,15.510000228881836,,,,16.054000091552734,,
2013-03-01,15.359999656677246,,,,16.292000007629394,,
2013-03-04,14.010000228881836,,,,15.296000099182129,,
2013-03-05,13.479999542236328,,,,14.617999839782716,,
2013-03-06,13.529999732971191,,,,14.377999877929687,,
2013-03-07,13.0600004196167,,,,13.88799991607666,,
2013-03-08,12.59000015258789,,,,13.33400001525879,,
2013-03-11,11.5600004196167,,,,12.844000053405761,,
2013-03-12,12.270000457763672,,,,12.60200023651123,,
2013-03-13,11.829999923706055,,,,12.262000274658202,,
2013-03-14,11.300000190734863,,,,11.910000228881836,,
2013-03-15,11.300000190734863,,,,11.652000236511231,,
2013-03-18,13.359999656677246,,,,12.01200008392334,,
2013-03-19,14.390000343322754,,,,12.436000061035156,,
2013-03-20,12.670000076293945,,,,12.604000091552734,,
2013-03-21,13.989999771118164,,,,13.142000007629395,,
2013-03-22,13.569999694824219,,,,13.595999908447265,,
2013-03-25,13.739999771118164,,,,13.67199993133545,,
2013-03-26,12.770000457763672,,,,13.347999954223633,,
2013-03-27,13.149999618530273,,,,13.443999862670898,,
2013-03-28,12.699999809265137,,,,13.185999870300293,,
2013-04-01,13.579999923706055,,,,13.18799991607666,,
2013-04-02,12.779999732971191,,,,12.995999908447265,,
2013-04-03,14.210000038146973,,,,13.283999824523926,,
2013-04-04,13.890000343322754,,,,13.431999969482423,,
2013-04-05,13.920000076293945,,,,13.676000022888184,,
2013-04-08,13.1899995803833,,,,13.597999954223633,,
2013-04-09,12.84000015258789,,,,13.610000038146973,,
2013-04-10,12.359999656677246,,,,13.239999961853027,,
2013-04-11,12.239999771118164,,,,12.90999984741211,,
2013-04-12,12.0600004196167,,,,12.53799991607666,,
2013-04-15,17.270000457763672,,,,13.354000091552734,,
2013-04-16,13.960000038146973,,,,13.57800006866455,,
2013-04-17,16.510000228881836,,,,14.408000183105468,,
2013-04-18,17.559999465942383,,,,15.472000122070312,,
2013-04-19,14.970000267028809,,,,16.054000091552734,,
2013-04-22,14.390000343322754,,,,15.478000068664551,,
2013-04-23,13.479999542236328,,,,15.381999969482422,,
2013-04-24,13.609999656677246,,,,14.801999855041505,,
2013-04-25,13.619999885559082,,,,14.013999938964844,,
2013-04-26,13.609999656677246,,,,13.74199981689453,,
2013-04-29,13.710000038146973,,,,13.605999755859376,,
2013-04-30,13.520000457763672,,,,13.613999938964843,,
2013-05-01,14.489999771118164,,,,13.789999961853027,,
2013-05-02,13.59000015258789,,,,13.784000015258789,,
2013-05-03,12.850000381469727,,,,13.632000160217284,,
2013-05-06,12.65999984741211,,,,13.422000122070312,,
2013-05-07,12.829999923706055,,,,13.284000015258789,,
2013-05-08,12.65999984741211,,,,12.918000030517579,,
2013-05-09,13.130000114440918,,,,12.826000022888184,,
2013-05-10,12.59000015258789,,,,12.773999977111817,,
2013-05-13,12.550000190734863,,,,12.752000045776366,,
2013-05-14,12.770000457763672,,,,12.740000152587891,,
2013-05-15,12.8100004196167,,,,12.77000026702881,,
2013-05-16,13.069999694824219,,,,12.75800018310547,,
2013-05-17,12.449999809265137,,,,12.730000114440918,,
2013-05-20,13.020000457763672,,,,12.82400016784668,,
2013-05-21,13.369999885559082,,,,12.944000053405762,,
2013-05-22,13.819999694824219,,,,13.145999908447266,,
2013-05-23,14.069999694824219,,,,13.345999908447265,,
2013-05-24,13.989999771118164,,,,13.65399990081787,,
2013-05-28,14.479999542236328,,,,13.945999717712402,,
2013-05-29,14.829999923706055,,,,14.237999725341798,,
2013-05-30,14.529999732971191,,,,14.379999732971191,,
2013-05-31,16.299999237060547,,,,14.825999641418457,,
2013-06-03,16.280000686645508,,,,15.283999824523926,,
2013-06-04,16.270000457763672,,,,15.642000007629395,,
2013-06-05,17.5,,,,16.176000022888182,,
2013-06-06,16.6299991607666,,,,16.595999908447265,,
2013-06-07,15.140000343322754,,,,16.364000129699708,,
2013-06-10,15.4399995803833,,,,16.195999908447266,,
2013-06-11,17.06999969482422,,,,16.355999755859376,,
2013-06-12,18.59000015258789,,,,16.57399978637695,,
2013-06-13,16.40999984741211,,,,16.529999923706054,,
2013-06-14,17.149999618530273,,,,16.93199977874756,,
2013-06-17,16.799999237060547,,,,17.203999710083007,,
2013-06-18,16.610000610351562,,,,17.111999893188475,,
2013-06-19,16.639999389648438,,,,16.721999740600587,,
2013-06-20,20.489999771118164,,,,17.5379997253418,,
2013-06-21,18.899999618530273,,,,17.887999725341796,,
2013-06-24,20.110000610351562,,,,18.55,,
2013-06-25,18.469999313354492,,,,18.921999740600587,,
2013-06-26,17.209999084472656,,,,19.03599967956543,,
2013-06-27,16.860000610351562,,,,18.309999847412108,,
2013-06-28,16.860000610351562,,,,17.90200004577637,,
2013-07-01,16.3700008392334,,,,17.154000091552735,,
2013-07-02,16.440000534057617,,,,16.74800033569336,,
2013-07-03,16.200000762939453,,,,16.546000671386718,,
2013-07-05,14.890000343322754,,,,16.152000617980956,,
2013-07-08,14.779999732971191,,,,15.736000442504883,,
2013-07-09,14.350000381469727,,,,15.332000350952148,,
2013-07-10,14.210000038146973,,,,14.88600025177002,,
2013-07-11,14.010000228881836,,,,14.448000144958495,,
2013-07-12,13.84000015258789,,,,14.238000106811523,,
2013-07-15,13.789999961853027,,,,14.04000015258789,,
2013-07-16,14.420000076293945,,,,14.054000091552734,,
2013-07-17,13.779999732971191,,,,13.968000030517578,,
2013-07-18,13.770000457763672,,,,13.920000076293945,,
2013-07-19,12.539999961853027,,,,13.660000038146972,,
2013-07-22,12.289999961853027,,,,13.360000038146973,,
2013-07-23,12.65999984741211,,,,13.007999992370605,,
2013-07-24,13.180000305175781,,,,12.888000106811523,,
2013-07-25,12.970000267028809,,,,12.728000068664551,,
2013-07-26,12.720000267028809,,,,12.764000129699706,,
2013-07-29,13.390000343322754,,,,12.984000205993652,,
2013-07-30,13.390000343322754,,,,13.13000030517578,,
2013-07-31,13.449999809265137,,,,13.184000205993652,,
2013-08-01,12.9399995803833,,,,13.17800006866455,,
2013-08-02,11.979999542236328,,,,13.029999923706054,,
2013-08-05,11.84000015258789,,,,12.719999885559082,,
2013-08-06,12.720000267028809,,,,12.585999870300293,,
2013-08-07,12.979999542236328,,,,12.49199981689453,,
2013-08-08,12.729999542236328,,,,12.449999809265137,,
2013-08-09,13.40999984741211,,,,12.735999870300294,,
2013-08-12,12.8100004196167,,,,12.929999923706054,,
2013-08-13,12.3100004196167,,,,12.847999954223633,,
2013-08-14,13.039999961853027,,,,12.860000038146973,,
2013-08-15,14.729999542236328,,,,13.260000038146973,,
2013-08-16,14.369999885559082,,,,13.452000045776368,,
2013-08-19,15.100000381469727,,,,13.910000038146972,,
2013-08-20,14.90999984741211,,,,14.429999923706054,,
2013-08-21,15.9399995803833,,,,15.009999847412109,,
2013-08-22,14.760000228881836,,,,15.01599998474121,,
2013-08-23,13.979999542236328,,,,14.93799991607666,,
2013-08-26,14.989999771118164,,,,14.915999794006348,,
2013-08-27,16.770000457763672,,,,15.28799991607666,,
2013-08-28,16.489999771118164,,,,15.397999954223632,,
2013-08-29,16.809999465942383,,,,15.807999801635741,,
2013-08-30,17.010000228881836,,,,16.413999938964842,,
2013-09-03,16.610000610351562,,,,16.738000106811523,,
2013-09-04,15.880000114440918,,,,16.560000038146974,,
2013-09-05,15.770000457763672,,,,16.416000175476075,,
2013-09-06,15.850000381469727,,,,16.22400035858154,,
2013-09-09,15.630000114440918,,,,15.94800033569336,,
2013-09-10,14.529999732971191,,,,15.532000160217285,,
2013-09-11,13.819999694824219,,,,15.120000076293945,,
2013-09-12,14.289999961853027,,,,14.823999977111816,,
2013-09-13,14.15999984741211,,,,14.485999870300294,,
2013-09-16,14.380000114440918,,,,14.235999870300294,,
2013-09-17,14.529999732971191,,,,14.235999870300294,,
2013-09-18,13.59000015258789,,,,14.189999961853028,,
2013-09-19,13.15999984741211,,,,13.963999938964843,,
2013-09-20,13.119999885559082,,,,13.755999946594239,,
2013-09-23,14.3100004196167,,,,13.742000007629395,,
2013-09-24,14.079999923706055,,,,13.652000045776367,,
2013-09-25,14.010000228881836,,,,13.736000061035156,,
2013-09-26,14.0600004196167,,,,13.916000175476075,,
2013-09-27,15.460000038146973,,,,14.384000205993653,,
2013-09-30,16.600000381469727,,,,14.842000198364257,,
2013-10-01,15.539999961853027,,,,15.134000205993653,,
2013-10-02,16.600000381469727,,,,15.652000236511231,,
2013-10-03,17.670000076293945,,,,16.37400016784668,,
2013-10-04,16.739999771118164,,,,16.630000114440918,,
2013-10-07,19.40999984741211,,,,17.192000007629396,,
2013-10-08,20.34000015258789,,,,18.15200004577637,,
2013-10-09,19.600000381469727,,,,18.752000045776366,,
2013-10-10,16.479999542236328,,,,18.513999938964844,,
2013-10-11,15.720000267028809,,,,18.310000038146974,,
2013-10-14,16.06999969482422,,,,17.642000007629395,,
2013-10-15,18.65999984741211,,,,17.305999946594238,,
2013-10-16,14.710000038146973,,,,16.327999877929688,,
2013-10-17,13.479999542236328,,,,15.727999877929687,,
2013-10-18,13.039999961853027,,,,15.191999816894532,,
2013-10-21,13.15999984741211,,,,14.609999847412109,,
2013-10-22,13.329999923706055,,,,13.543999862670898,,
2013-10-23,13.420000076293945,,,,13.285999870300293,,
2013-10-24,13.199999809265137,,,,13.229999923706055,,
2013-10-25,13.09000015258789,,,,13.239999961853027,,
2013-10-28,13.3100004196167,,,,13.270000076293945,,
2013-10-29,13.40999984741211,,,,13.286000061035157,,
2013-10-30,13.649999618530273,,,,13.331999969482421,,
2013-10-31,13.75,,,,13.442000007629394,,
2013-11-01,13.279999732971191,,,,13.479999923706055,,
2013-11-04,12.930000305175781,,,,13.40399990081787,,
2013-11-05,13.270000457763672,,,,13.376000022888183,,
2013-11-06,12.670000076293945,,,,13.180000114440919,,
2013-11-07,13.90999984741211,,,,13.21200008392334,,
2013-11-08,12.899999618530273,,,,13.136000061035157,,
2013-11-11,12.529999732971191,,,,13.055999946594238,,
2013-11-12,12.819999694824219,,,,12.965999794006347,,
2013-11-13,12.520000457763672,,,,12.935999870300293,,
2013-11-14,12.369999885559082,,,,12.627999877929687,,
2013-11-15,12.1899995803833,,,,12.485999870300294,,
2013-11-18,13.100000381469727,,,,12.6,,
2013-11-19,13.390000343322754,,,,12.714000129699707,,
2013-11-20,13.399999618530273,,,,12.889999961853027,,
2013-11-21,12.65999984741211,,,,12.947999954223633,,
2013-11-22,12.260000228881836,,,,12.96200008392334,,
2013-11-25,12.789999961853027,,,,12.9,,
2013-11-26,12.8100004196167,,,,12.784000015258789,,
2013-11-27,12.979999542236328,,,,12.7,,
2013-11-29,13.699999809265137,,,,12.907999992370605,,
2013-12-02,14.229999542236328,,,,13.301999855041505,,
2013-12-03,14.550000190734863,,,,13.65399990081787,,
2013-12-04,14.699999809265137,,,,14.031999778747558,,
2013-12-05,15.079999923706055,,,,14.451999855041503,,
2013-12-06,13.789999961853027,,,,14.469999885559082,,
2013-12-09,13.489999771118164,,,,14.32199993133545,,
2013-12-10,13.90999984741211,,,,14.193999862670898,,
2013-12-11,15.420000076293945,,,,14.33799991607666,,
2013-12-12,15.539999961853027,,,,14.429999923706054,,
2013-12-13,15.760000228881836,,,,14.823999977111816,,
2013-12-16,16.030000686645508,,,,15.332000160217286,,
2013-12-17,16.209999084472656,,,,15.792000007629394,,
2013-12-18,13.800000190734863,,,,15.468000030517578,,
2013-12-19,14.149999618530273,,,,15.189999961853028,,
2013-12-20,13.789999961853027,,,,14.795999908447266,,
2013-12-23,13.039999961853027,,,,14.19799976348877,,
2013-12-24,12.479999542236328,,,,13.451999855041503,,
2013-12-26,12.329999923706055,,,,13.157999801635743,,
2013-12-27,12.460000038146973,,,,12.819999885559081,,
2013-12-30,13.5600004196167,,,,12.773999977111817,,
2013-12-31,13.720000267028809,,,,12.910000038146972,,
2014-01-02,14.229999542236328,,,,13.260000038146973,,
2014-01-03,13.760000228881836,,,,13.546000099182129,,
2014-01-06,13.550000190734863,,,,13.764000129699706,,
2014-01-07,12.920000076293945,,,,13.636000061035157,,
2014-01-08,12.869999885559082,,,,13.465999984741211,,
2014-01-09,12.890000343322754,,,,13.198000144958495,,
2014-01-10,12.140000343322754,,,,12.87400016784668,,
2014-01-13,13.279999732971191,,,,12.820000076293946,,
2014-01-14,12.279999732971191,,,,12.692000007629394,,
2014-01-15,12.279999732971191,,,,12.573999977111816,,
2014-01-16,12.529999732971191,,,,12.501999855041504,,
2014-01-17,12.4399995803833,,,,12.561999702453614,,
2014-01-21,12.869999885559082,,,,12.47999973297119,,
2014-01-22,12.84000015258789,,,,12.591999816894532,,
2014-01-23,13.770000457763672,,,,12.889999961853027,,
2014-01-24,18.139999389648438,,,,14.011999893188477,,
2014-01-27,17.420000076293945,,,,15.007999992370605,,
2014-01-28,15.800000190734863,,,,15.594000053405761,,
2014-01-29,17.350000381469727,,,,16.49600009918213,,
2014-01-30,17.290000915527344,,,,17.200000190734862,,
2014-01-31,18.40999984741211,,,,17.2540002822876,,
2014-02-03,21.440000534057617,,,,18.058000373840333,,
2014-02-04,19.110000610351562,,,,18.72000045776367,,
2014-02-05,19.950000762939453,,,,19.240000534057618,,
2014-02-06,17.229999542236328,,,,19.228000259399415,,
2014-02-07,15.289999961853027,,,,18.604000282287597,,
2014-02-10,15.260000228881836,,,,17.36800022125244,,
2014-02-11,14.510000228881836,,,,16.448000144958495,,
2014-02-12,14.300000190734863,,,,15.318000030517577,,
2014-02-13,14.140000343322754,,,,14.700000190734864,,
2014-02-14,13.569999694824219,,,,14.3560001373291,,
2014-02-18,13.869999885559082,,,,14.07800006866455,,
2014-02-19,15.5,,,,14.276000022888184,,
2014-02-20,14.789999961853027,,,,14.373999977111817,,
2014-02-21,14.680000305175781,,,,14.481999969482422,,
2014-02-24,14.229999542236328,,,,14.613999938964843,,
2014-02-25,13.670000076293945,,,,14.573999977111816,,
2014-02-26,14.350000381469727,,,,14.344000053405761,,
2014-02-27,14.039999961853027,,,,14.194000053405762,,
2014-02-28,14.0,,,,14.057999992370606,,
2014-03-03,16.0,,,,14.41200008392334,,
2014-03-04,14.100000381469727,,,,14.498000144958496,,
2014-03-05,13.890000343322754,,,,14.406000137329102,,
2014-03-06,14.210000038146973,,,,14.44000015258789,,
2014-03-07,14.109999656677246,,,,14.46200008392334,,
2014-03-10,14.199999809265137,,,,14.102000045776368,,
2014-03-11,14.800000190734863,,,,14.242000007629395,,
2014-03-12,14.470000267028809,,,,14.357999992370605,,
2014-03-13,16.219999313354492,,,,14.759999847412109,,
2014-03-14,17.81999969482422,,,,15.501999855041504,,
2014-03-17,15.640000343322754,,,,15.789999961853027,,
2014-03-18,14.520000457763672,,,,15.73400001525879,,
2014-03-19,15.119999885559082,,,,15.863999938964843,,
2014-03-20,14.520000457763672,,,,15.52400016784668,,
2014-03-21,15.0,,,,14.960000228881835,,
2014-03-24,15.09000015258789,,,,14.850000190734864,,
2014-03-25,14.020000457763672,,,,14.750000190734863,,
2014-03-26,14.930000305175781,,,,14.712000274658203,,
2014-03-27,14.619999885559082,,,,14.732000160217286,,
2014-03-28,14.40999984741211,,,,14.614000129699708,,
2014-03-31,13.880000114440918,,,,14.372000122070313,,
2014-04-01,13.100000381469727,,,,14.188000106811524,,
2014-04-02,13.09000015258789,,,,13.820000076293946,,
2014-04-03,13.369999885559082,,,,13.570000076293946,,
2014-04-04,13.960000038146973,,,,13.480000114440918,,
2014-04-07,15.569999694824219,,,,13.818000030517577,,
2014-04-08,14.890000343322754,,,,14.176000022888184,,
2014-04-09,13.819999694824219,,,,14.32199993133545,,
2014-04-10,15.890000343322754,,,,14.826000022888184,,
2014-04-11,17.030000686645508,,,,15.44000015258789,,
2014-04-14,16.110000610351562,,,,15.54800033569336,,
2014-04-15,15.609999656677246,,,,15.692000198364259,,
2014-04-16,14.180000305175781,,,,15.76400032043457,,
2014-04-17,13.359999656677246,,,,15.25800018310547,,
2014-04-21,13.25,,,,14.502000045776366,,
2014-04-22,13.1899995803833,,,,13.917999839782714,,
2014-04-23,13.270000457763672,,,,13.45,,
2014-04-24,13.319999694824219,,,,13.277999877929688,,
2014-04-25,14.0600004196167,,,,13.418000030517579,,
2014-04-28,13.970000267028809,,,,13.56200008392334,,
2014-04-29,13.710000038146973,,,,13.666000175476075,,
2014-04-30,13.40999984741211,,,,13.694000053405762,,
2014-05-01,13.25,,,,13.680000114440919,,
2014-05-02,12.90999984741211,,,,13.45,,
2014-05-05,13.289999961853027,,,,13.313999938964844,,
2014-05-06,13.800000190734863,,,,13.331999969482421,,
2014-05-07,13.399999618530273,,,,13.329999923706055,,
2014-05-08,13.430000305175781,,,,13.365999984741212,,
2014-05-09,12.920000076293945,,,,13.368000030517578,,
2014-05-12,12.229999542236328,,,,13.155999946594239,,
2014-05-13,12.130000114440918,,,,12.82199993133545,,
2014-05-14,12.170000076293945,,,,12.576000022888184,,
2014-05-15,13.170000076293945,,,,12.523999977111817,,
2014-05-16,12.4399995803833,,,,12.427999877929688,,
2014-05-19,12.420000076293945,,,,12.465999984741211,,
2014-05-20,12.960000038146973,,,,12.631999969482422,,
2014-05-21,11.90999984741211,,,,12.579999923706055,,
2014-05-22,12.029999732971191,,,,12.351999855041504,,
2014-05-23,11.359999656677246,,,,12.135999870300292,,
2014-05-27,11.510000228881836,,,,11.953999900817871,,
2014-05-28,11.680000305175781,,,,11.697999954223633,,
2014-05-29,11.569999694824219,,,,11.629999923706055,,
2014-05-30,11.399999618530273,,,,11.50399990081787,,
2014-06-02,11.579999923706055,,,,11.547999954223632,,
2014-06-03,11.869999885559082,,,,11.619999885559082,,
2014-06-04,12.079999923706055,,,,11.699999809265137,,
2014-06-05,11.680000305175781,,,,11.72199993133545,,
2014-06-06,10.729999542236328,,,,11.58799991607666,,
2014-06-09,11.149999618530273,,,,11.501999855041504,,
2014-06-10,10.989999771118164,,,,11.32599983215332,,
2014-06-11,11.600000381469727,,,,11.229999923706055,,
2014-06-12,12.5600004196167,,,,11.405999946594239,,
2014-06-13,12.180000305175781,,,,11.696000099182129,,
2014-06-16,12.649999618530273,,,,11.99600009918213,,
2014-06-17,12.0600004196167,,,,12.210000228881835,,
2014-06-18,10.609999656677246,,,,12.01200008392334,,
2014-06-19,10.619999885559082,,,,11.623999977111817,,
2014-06-20,10.850000381469727,,,,11.357999992370605,,
2014-06-23,10.979999542236328,,,,11.023999977111817,,
2014-06-24,12.130000114440918,,,,11.03799991607666,,
2014-06-25,11.59000015258789,,,,11.23400001525879,,
2014-06-26,11.630000114440918,,,,11.436000061035156,,
2014-06-27,11.260000228881836,,,,11.518000030517578,,
2014-06-30,11.569999694824219,,,,11.636000061035157,,
2014-07-01,11.149999618530273,,,,11.439999961853028,,
2014-07-02,10.819999694824219,,,,11.285999870300293,,
2014-07-03,10.319999694824219,,,,11.023999786376953,,
2014-07-07,11.329999923706055,,,,11.037999725341797,,
2014-07-08,11.979999542236328,,,,11.11999969482422,,
2014-07-09,11.649999618530273,,,,11.219999694824219,,
2014-07-10,12.59000015258789,,,,11.573999786376953,,
2014-07-11,12.079999923706055,,,,11.92599983215332,,
2014-07-14,11.819999694824219,,,,12.023999786376953,,
2014-07-15,11.960000038146973,,,,12.019999885559082,,
2014-07-16,11.0,,,,11.889999961853027,,
2014-07-17,14.539999961853027,,,,12.279999923706054,,
2014-07-18,12.0600004196167,,,,12.276000022888184,,
2014-07-21,12.8100004196167,,,,12.474000167846679,,
2014-07-22,12.239999771118164,,,,12.530000114440918,,
2014-07-23,11.520000457763672,,,,12.634000205993653,,
2014-07-24,11.84000015258789,,,,12.094000244140625,,
2014-07-25,12.6899995803833,,,,12.220000076293946,,
2014-07-28,12.5600004196167,,,,12.170000076293945,,
2014-07-29,13.279999732971191,,,,12.378000068664551,,
2014-07-30,13.329999923706055,,,,12.739999961853027,,
2014-07-31,16.950000762939453,,,,13.76200008392334,,
2014-08-01,17.030000686645508,,,,14.63000030517578,,
2014-08-04,15.119999885559082,,,,15.142000198364258,,
2014-08-05,16.8700008392334,,,,15.8600004196167,,
2014-08-06,16.3700008392334,,,,16.468000602722167,,
2014-08-07,16.65999984741211,,,,16.4100004196167,,
2014-08-08,15.770000457763672,,,,16.15800037384033,,
2014-08-11,14.229999542236328,,,,15.980000305175782,,
2014-08-12,14.130000114440918,,,,15.432000160217285,,
2014-08-13,12.899999618530273,,,,14.73799991607666,,
2014-08-14,12.420000076293945,,,,13.889999961853027,,
2014-08-15,13.149999618530273,,,,13.365999794006347,,
2014-08-18,12.319999694824219,,,,12.983999824523925,,
2014-08-19,12.210000038146973,,,,12.599999809265137,,
2014-08-20,11.779999732971191,,,,12.37599983215332,,
2014-08-21,11.760000228881836,,,,12.243999862670899,,
2014-08-22,11.470000267028809,,,,11.907999992370605,,
2014-08-25,11.699999809265137,,,,11.784000015258789,,
2014-08-26,11.630000114440918,,,,11.668000030517579,,
2014-08-27,11.779999732971191,,,,11.668000030517579,,
2014-08-28,12.050000190734863,,,,11.726000022888183,,
2014-08-29,12.09000015258789,,,,11.85,,
2014-09-02,12.25,,,,11.960000038146973,,
2014-09-03,12.359999656677246,,,,12.105999946594238,,
2014-09-04,12.640000343322754,,,,12.27800006866455,,
2014-09-05,12.09000015258789,,,,12.286000061035157,,
2014-09-08,12.65999984741211,,,,12.4,,
2014-09-09,13.5,,,,12.65,,
2014-09-10,12.880000114440918,,,,12.754000091552735,,
2014-09-11,12.800000190734863,,,,12.786000061035157,,
2014-09-12,13.3100004196167,,,,13.030000114440918,,
2014-09-15,14.119999885559082,,,,13.322000122070312,,
2014-09-16,12.729999542236328,,,,13.168000030517579,,
2014-09-17,12.649999618530273,,,,13.121999931335449,,
2014-09-18,12.029999732971191,,,,12.967999839782715,,
2014-09-19,12.109999656677246,,,,12.727999687194824,,
2014-09-22,13.6899995803833,,,,12.641999626159668,,
2014-09-23,14.930000305175781,,,,13.081999778747559,,
2014-09-24,13.270000457763672,,,,13.205999946594238,,
2014-09-25,15.640000343322754,,,,13.92800006866455,,
2014-09-26,14.850000381469727,,,,14.476000213623047,,
2014-09-29,15.979999542236328,,,,14.934000205993652,,
2014-09-30,16.309999465942383,,,,15.210000038146973,,
2014-10-01,16.709999084472656,,,,15.89799976348877,,
2014-10-02,16.15999984741211,,,,16.00199966430664,,
2014-10-03,14.550000190734863,,,,15.941999626159667,,
2014-10-06,15.460000038146973,,,,15.837999725341797,,
2014-10-07,17.200000762939453,,,,16.01599998474121,,
2014-10-08,15.109999656677246,,,,15.696000099182129,,
2014-10-09,18.760000228881836,,,,16.216000175476076,,
2014-10-10,21.239999771118164,,,,17.554000091552734,,
2014-10-13,24.639999389648438,,,,19.38999996185303,,
2014-10-14,22.790000915527344,,,,20.507999992370607,,
2014-10-15,25.270000457763672,,,,22.54000015258789,,
2014-10-16,25.200000762939453,,,,23.828000259399413,,
2014-10-17,21.989999771118164,,,,23.978000259399415,,
2014-10-20,18.56999969482422,,,,22.76400032043457,,
2014-10-21,16.079999923706055,,,,21.422000122070312,,
2014-10-22,17.8700008392334,,,,19.94200019836426,,
2014-10-23,16.530000686645508,,,,18.20800018310547,,
2014-10-24,16.110000610351562,,,,17.03200035095215,,
2014-10-27,16.040000915527344,,,,16.526000595092775,,
2014-10-28,14.390000343322754,,,,16.188000679016113,,
2014-10-29,15.149999618530273,,,,15.644000434875489,,
2014-10-30,14.520000457763672,,,,15.242000389099122,,
2014-10-31,14.029999732971191,,,,14.826000213623047,,
2014-11-03,14.729999542236328,,,,14.563999938964844,,
2014-11-04,14.890000343322754,,,,14.663999938964844,,
2014-11-05,14.170000076293945,,,,14.468000030517578,,
2014-11-06,13.670000076293945,,,,14.297999954223632,,
2014-11-07,13.119999885559082,,,,14.115999984741212,,
2014-11-10,12.670000076293945,,,,13.704000091552734,,
2014-11-11,12.920000076293945,,,,13.310000038146972,,
2014-11-12,13.020000457763672,,,,13.080000114440917,,
2014-11-13,13.789999961853027,,,,13.104000091552734,,
2014-11-14,13.3100004196167,,,,13.142000198364258,,
2014-11-17,13.989999771118164,,,,13.406000137329102,,
2014-11-18,13.859999656677246,,,,13.594000053405761,,
2014-11-19,13.960000038146973,,,,13.781999969482422,,
2014-11-20,13.579999923706055,,,,13.739999961853027,,
2014-11-21,12.899999618530273,,,,13.657999801635743,,
2014-11-24,12.619999885559082,,,,13.383999824523926,,
2014-11-25,12.25,,,,13.061999893188476,,
2014-11-26,12.069999694824219,,,,12.683999824523926,,
2014-11-28,13.329999923706055,,,,12.633999824523926,,
2014-12-01,14.15999984741211,,,,12.885999870300292,,
2014-12-02,12.850000381469727,,,,12.931999969482423,,
2014-12-03,12.5,,,,12.981999969482422,,
2014-12-04,12.380000114440918,,,,13.044000053405762,,
2014-12-05,11.890000343322754,,,,12.756000137329101,,
2014-12-08,14.210000038146973,,,,12.766000175476075,,
2014-12-09,15.350000381469727,,,,13.266000175476075,,
2014-12-10,18.530000686645508,,,,14.472000312805175,,
2014-12-11,20.079999923706055,,,,16.012000274658202,,
2014-12-12,21.079999923706055,,,,17.850000190734864,,
2014-12-15,20.420000076293945,,,,19.092000198364257,,
2014-12-16,23.56999969482422,,,,20.736000061035156,,
2014-12-17,19.440000534057617,,,,20.91800003051758,,
2014-12-18,16.809999465942383,,,,20.263999938964844,,
2014-12-19,16.489999771118164,,,,19.345999908447265,,
2014-12-22,15.25,,,,18.311999893188478,,
2014-12-23,14.800000190734863,,,,16.557999992370604,,
2014-12-24,14.369999885559082,,,,15.543999862670898,,
2014-12-26,14.5,,,,15.081999969482421,,
2014-12-29,15.0600004196167,,,,14.796000099182129,,
2014-12-30,15.920000076293945,,,,14.930000114440919,,
2014-12-31,19.200000762939453,,,,15.810000228881837,,
2015-01-02,17.790000915527344,,,,16.49400043487549,,
2015-01-05,19.920000076293945,,,,17.578000450134276,,
2015-01-06,21.1200008392334,,,,18.79000053405762,,
2015-01-07,19.309999465942383,,,,19.468000411987305,,
2015-01-08,17.010000228881836,,,,19.030000305175783,,
2015-01-09,17.549999237060547,,,,18.981999969482423,,
2015-01-12,19.600000381469727,,,,18.91800003051758,,
2015-01-13,20.559999465942383,,,,18.805999755859375,,
2015-01-14,21.479999542236328,,,,19.239999771118164,,
2015-01-15,22.389999389648438,,,,20.315999603271486,,
2015-01-16,20.950000762939453,,,,20.995999908447267,,
2015-01-20,19.889999389648438,,,,21.05399971008301,,
2015-01-21,18.850000381469727,,,,20.711999893188477,,
2015-01-22,16.399999618530273,,,,19.695999908447266,,
2015-01-23,16.65999984741211,,,,18.55,,
2015-01-26,15.520000457763672,,,,17.463999938964843,,
2015-01-27,17.219999313354492,,,,16.929999923706056,,
2015-01-28,20.440000534057617,,,,17.247999954223634,,
2015-01-29,18.760000228881836,,,,17.720000076293946,,
2015-01-30,20.969999313354492,,,,18.58199996948242,,
2015-02-02,19.43000030517578,,,,19.363999938964845,,
2015-02-03,17.329999923706055,,,,19.386000061035155,,
2015-02-04,18.329999923706055,,,,18.963999938964843,,
2015-02-05,16.850000381469727,,,,18.58199996948242,,
2015-02-06,17.290000915527344,,,,17.846000289916994,,
2015-02-09,18.549999237060547,,,,17.670000076293945,,
2015-02-10,17.229999542236328,,,,17.65,,
2015-02-11,16.959999084472656,,,,17.37599983215332,,
2015-02-12,15.34000015258789,,,,17.07399978637695,,
2015-02-13,14.6899995803833,,,,16.553999519348146,,
2015-02-17,15.800000190734863,,,,16.003999710083008,,
2015-02-18,15.449999809265137,,,,15.64799976348877,,
2015-02-19,15.289999961853027,,,,15.313999938964844,,
2015-02-20,14.300000190734863,,,,15.105999946594238,,
2015-02-23,14.5600004196167,,,,15.080000114440917,,
2015-02-24,13.6899995803833,,,,14.657999992370605,,
2015-02-25,13.84000015258789,,,,14.336000061035156,,
2015-02-26,13.90999984741211,,,,14.060000038146972,,
2015-02-27,13.34000015258789,,,,13.868000030517578,,
2015-03-02,13.039999961853027,,,,13.563999938964844,,
2015-03-03,13.859999656677246,,,,13.597999954223633,,
2015-03-04,14.229999542236328,,,,13.67599983215332,,
2015-03-05,14.039999961853027,,,,13.701999855041503,,
2015-03-06,15.199999809265137,,,,14.073999786376953,,
2015-03-09,15.0600004196167,,,,14.477999877929687,,
2015-03-10,16.690000534057617,,,,15.044000053405762,,
2015-03-11,16.8700008392334,,,,15.572000312805176,,
2015-03-12,15.420000076293945,,,,15.84800033569336,,
2015-03-13,16.0,,,,16.008000373840332,,
2015-03-16,15.609999656677246,,,,16.11800022125244,,
2015-03-17,15.65999984741211,,,,15.91200008392334,,
2015-03-18,13.970000267028809,,,,15.331999969482421,,
2015-03-19,14.069999694824219,,,,15.061999893188476,,
2015-03-20,13.020000457763672,,,,14.465999984741211,,
2015-03-23,13.40999984741211,,,,14.026000022888184,,
2015-03-24,13.619999885559082,,,,13.618000030517578,,
2015-03-25,15.4399995803833,,,,13.911999893188476,,
2015-03-26,15.800000190734863,,,,14.257999992370605,,
2015-03-27,15.069999694824219,,,,14.667999839782714,,
2015-03-30,14.510000228881836,,,,14.88799991607666,,
2015-03-31,15.289999961853027,,,,15.22199993133545,,
2015-04-01,15.109999656677246,,,,15.155999946594239,,
2015-04-02,14.670000076293945,,,,14.929999923706054,,
2015-04-06,14.739999771118164,,,,14.863999938964843,,
2015-04-07,14.779999732971191,,,,14.917999839782714,,
2015-04-08,13.979999542236328,,,,14.655999755859375,,
2015-04-09,13.09000015258789,,,,14.251999855041504,,
2015-04-10,12.579999923706055,,,,13.833999824523925,,
2015-04-13,13.9399995803833,,,,13.673999786376953,,
2015-04-14,13.670000076293945,,,,13.451999855041503,,
2015-04-15,12.84000015258789,,,,13.223999977111816,,
2015-04-16,12.600000381469727,,,,13.126000022888183,,
2015-04-17,13.890000343322754,,,,13.388000106811523,,
2015-04-20,13.300000190734863,,,,13.260000228881836,,
2015-04-21,13.25,,,,13.176000213623047,,
2015-04-22,12.710000038146973,,,,13.150000190734863,,
2015-04-23,12.479999542236328,,,,13.126000022888183,,
2015-04-24,12.289999961853027,,,,12.805999946594238,,
2015-04-27,13.119999885559082,,,,12.769999885559082,,
2015-04-28,12.40999984741211,,,,12.601999855041504,,
2015-04-29,13.390000343322754,,,,12.73799991607666,,
2015-04-30,14.550000190734863,,,,13.152000045776367,,
2015-05-01,12.699999809265137,,,,13.23400001525879,,
2015-05-04,12.850000381469727,,,,13.180000114440919,,
2015-05-05,14.3100004196167,,,,13.560000228881837,,
2015-05-06,15.149999618530273,,,,13.91200008392334,,
2015-05-07,15.130000114440918,,,,14.02800006866455,,
2015-05-08,12.859999656677246,,,,14.060000038146972,,
2015-05-11,13.850000381469727,,,,14.260000038146973,,
2015-05-12,13.859999656677246,,,,14.169999885559083,,
2015-05-13,13.760000228881836,,,,13.892000007629395,,
2015-05-14,12.739999771118164,,,,13.413999938964844,,
2015-05-15,12.380000114440918,,,,13.318000030517577,,
2015-05-18,12.729999542236328,,,,13.093999862670898,,
2015-05-19,12.850000381469727,,,,12.892000007629395,,
2015-05-20,12.880000114440918,,,,12.715999984741211,,
2015-05-21,12.109999656677246,,,,12.589999961853028,,
2015-05-22,12.130000114440918,,,,12.539999961853027,,
2015-05-26,14.0600004196167,,,,12.806000137329102,,
2015-05-27,13.270000457763672,,,,12.890000152587891,,
2015-05-28,13.3100004196167,,,,12.976000213623047,,
2015-05-29,13.84000015258789,,,,13.322000312805176,,
2015-06-01,13.970000267028809,,,,13.690000343322755,,
2015-06-02,14.239999771118164,,,,13.726000213623047,,
2015-06-03,13.65999984741211,,,,13.804000091552734,,
2015-06-04,14.710000038146973,,,,14.08400001525879,,
2015-06-05,14.210000038146973,,,,14.157999992370605,,
2015-06-08,15.289999961853027,,,,14.42199993133545,,
2015-06-09,14.470000267028809,,,,14.468000030517578,,
2015-06-10,13.220000267028809,,,,14.380000114440918,,
2015-06-11,12.850000381469727,,,,14.00800018310547,,
2015-06-12,13.779999732971191,,,,13.922000122070312,,
2015-06-15,15.390000343322754,,,,13.942000198364259,,
2015-06-16,14.8100004196167,,,,14.010000228881836,,
2015-06-17,14.5,,,,14.266000175476075,,
2015-06-18,13.1899995803833,,,,14.33400001525879,,
2015-06-19,13.960000038146973,,,,14.370000076293945,,
2015-06-22,12.739999771118164,,,,13.839999961853028,,
2015-06-23,12.109999656677246,,,,13.299999809265136,,
2015-06-24,13.260000228881836,,,,13.051999855041505,,
2015-06-25,14.010000228881836,,,,13.215999984741211,,
2015-06-26,14.020000457763672,,,,13.228000068664551,,
2015-06-29,18.850000381469727,,,,14.450000190734864,,
2015-06-30,18.229999542236328,,,,15.67400016784668,,
2015-07-01,16.09000015258789,,,,16.24000015258789,,
2015-07-02,16.790000915527344,,,,16.796000289916993,,
2015-07-06,17.010000228881836,,,,17.394000244140624,,
2015-07-07,16.09000015258789,,,,16.842000198364257,,
2015-07-08,19.65999984741211,,,,17.128000259399414,,
2015-07-09,19.969999313354492,,,,17.904000091552735,,
2015-07-10,16.829999923706055,,,,17.911999893188476,,
2015-07-13,13.899999618530273,,,,17.289999771118165,,
2015-07-14,13.369999885559082,,,,16.7459997177124,,
2015-07-15,13.229999542236328,,,,15.459999656677246,,
2015-07-16,12.109999656677246,,,,13.887999725341796,,
2015-07-17,11.949999809265137,,,,12.911999702453613,,
2015-07-20,12.25,,,,12.581999778747559,,
2015-07-21,12.220000267028809,,,,12.351999855041504,,
2015-07-22,12.119999885559082,,,,12.129999923706055,,
2015-07-23,12.640000343322754,,,,12.236000061035156,,
2015-07-24,13.739999771118164,,,,12.594000053405761,,
2015-07-27,15.600000381469727,,,,13.264000129699706,,
2015-07-28,13.4399995803833,,,,13.507999992370605,,
2015-07-29,12.5,,,,13.58400001525879,,
2015-07-30,12.130000114440918,,,,13.481999969482422,,
2015-07-31,12.119999885559082,,,,13.157999992370605,,
2015-08-03,12.5600004196167,,,,12.55,,
2015-08-04,13.0,,,,12.46200008392334,,
2015-08-05,12.510000228881836,,,,12.464000129699707,,
2015-08-06,13.770000457763672,,,,12.792000198364258,,
2015-08-07,13.390000343322754,,,,13.046000289916993,,
2015-08-10,12.229999542236328,,,,12.980000114440918,,
2015-08-11,13.710000038146973,,,,13.122000122070313,,
2015-08-12,13.609999656677246,,,,13.342000007629395,,
2015-08-13,13.489999771118164,,,,13.285999870300293,,
2015-08-14,12.829999923706055,,,,13.173999786376953,,
2015-08-17,13.020000457763672,,,,13.331999969482421,,
2015-08-18,13.789999961853027,,,,13.347999954223633,,
2015-08-19,15.25,,,,13.676000022888184,,
2015-08-20,19.139999389648438,,,,14.805999946594238,,
2015-08-21,28.030000686645508,,,,17.846000099182127,,
2015-08-24,40.7400016784668,,,,23.390000343322754,,
2015-08-25,36.02000045776367,,,,27.836000442504883,,
2015-08-26,30.31999969482422,,,,30.850000381469727,,
2015-08-27,26.100000381469727,,,,32.242000579833984,,
2015-08-28,26.049999237060547,,,,31.846000289916994,,
2015-08-31,28.43000030517578,,,,29.38400001525879,,
2015-09-01,31.399999618530273,,,,28.45999984741211,,
2015-09-02,26.09000015258789,,,,27.613999938964845,,
2015-09-03,25.610000610351562,,,,27.51599998474121,,
2015-09-04,27.799999237060547,,,,27.86599998474121,,
2015-09-08,24.899999618530273,,,,27.15999984741211,,
2015-09-09,26.229999542236328,,,,26.12599983215332,,
2015-09-10,24.3700008392334,,,,25.78199996948242,,
2015-09-11,23.200000762939453,,,,25.3,,
2015-09-14,24.25,,,,24.59000015258789,,
2015-09-15,22.540000915527344,,,,24.118000411987303,,
2015-09-16,21.350000381469727,,,,23.142000579833983,,
2015-09-17,21.139999389648438,,,,22.496000289916992,,
2015-09-18,22.280000686645508,,,,22.312000274658203,,
2015-09-21,20.139999389648438,,,,21.49000015258789,,
2015-09-22,22.440000534057617,,,,21.470000076293946,,
2015-09-23,22.1299991607666,,,,21.62599983215332,,
2015-09-24,23.469999313354492,,,,22.091999816894532,,
2015-09-25,23.6200008392334,,,,22.35999984741211,,
2015-09-28,27.6299991607666,,,,23.857999801635742,,
2015-09-29,26.829999923706055,,,,24.73599967956543,,
2015-09-30,24.5,,,,25.20999984741211,,
2015-10-01,22.549999237060547,,,,25.02599983215332,,
2015-10-02,20.940000534057617,,,,24.489999771118164,,
2015-10-05,19.540000915527344,,,,22.87200012207031,,
2015-10-06,19.399999618530273,,,,21.386000061035155,,
2015-10-07,18.399999618530273,,,,20.165999984741212,,
2015-10-08,17.420000076293945,,,,19.14000015258789,,
2015-10-09,17.079999923706055,,,,18.368000030517578,,
2015-10-12,16.170000076293945,,,,17.6939998626709,,
2015-10-13,17.670000076293945,,,,17.34799995422363,,
2015-10-14,18.030000686645508,,,,17.27400016784668,,
2015-10-15,16.049999237060547,,,,17.0,,
2015-10-16,15.050000190734863,,,,16.59400005340576,,
2015-10-19,14.979999542236328,,,,16.35599994659424,,
2015-10-20,15.75,,,,15.97199993133545,,
2015-10-21,16.700000762939453,,,,15.705999946594238,,
2015-10-22,14.449999809265137,,,,15.386000061035157,,
2015-10-23,14.460000038146973,,,,15.268000030517578,,
2015-10-26,15.289999961853027,,,,15.330000114440917,,
2015-10-27,15.430000305175781,,,,15.266000175476075,,
2015-10-28,14.329999923706055,,,,14.792000007629394,,
2015-10-29,14.609999656677246,,,,14.823999977111816,,
2015-10-30,15.069999694824219,,,,14.945999908447266,,
2015-11-02,14.149999618530273,,,,14.717999839782715,,
2015-11-03,14.539999961853027,,,,14.539999771118165,,
2015-11-04,15.510000228881836,,,,14.775999832153321,,
2015-11-05,15.050000190734863,,,,14.863999938964843,,
2015-11-06,14.329999923706055,,,,14.715999984741211,,
2015-11-09,16.520000457763672,,,,15.19000015258789,,
2015-11-10,15.289999961853027,,,,15.34000015258789,,
2015-11-11,16.059999465942383,,,,15.45,,
2015-11-12,18.3700008392334,,,,16.114000129699708,,
2015-11-13,20.079999923706055,,,,17.264000129699706,,
2015-11-16,18.15999984741211,,,,17.592000007629395,,
2015-11-17,18.84000015258789,,,,18.302000045776367,,
2015-11-18,16.850000381469727,,,,18.460000228881835,,
2015-11-19,16.989999771118164,,,,18.18400001525879,,
2015-11-20,15.470000267028809,,,,17.26200008392334,,
2015-11-23,15.619999885559082,,,,16.754000091552733,,
2015-11-24,15.930000305175781,,,,16.172000122070312,,
2015-11-25,15.1899995803833,,,,15.839999961853028,,
2015-11-27,15.119999885559082,,,,15.465999984741211,,
2015-11-30,16.1299991607666,,,,15.597999763488769,,
2015-12-01,14.670000076293945,,,,15.407999801635743,,
2015-12-02,15.90999984741211,,,,15.403999710083008,,
2015-12-03,18.110000610351562,,,,15.98799991607666,,
2015-12-04,14.8100004196167,,,,15.926000022888184,,
2015-12-07,15.84000015258789,,,,15.86800022125244,,
2015-12-08,17.600000381469727,,,,16.4540002822876,,
2015-12-09,19.610000610351562,,,,17.194000434875488,,
2015-12-10,19.34000015258789,,,,17.440000343322755,,
2015-12-11,24.389999389648438,,,,19.3560001373291,,
2015-12-14,22.729999542236328,,,,20.73400001525879,,
2015-12-15,20.950000762939453,,,,21.404000091552735,,
2015-12-16,17.860000610351562,,,,21.054000091552734,,
2015-12-17,18.940000534057617,,,,20.97400016784668,,
2015-12-18,20.700000762939453,,,,20.23600044250488,,
2015-12-21,18.700000762939453,,,,19.430000686645506,,
2015-12-22,16.600000381469727,,,,18.560000610351562,,
2015-12-23,15.569999694824219,,,,18.102000427246093,,
2015-12-24,15.739999771118164,,,,17.4620002746582,,
2015-12-28,16.90999984741211,,,,16.704000091552736,,
2015-12-29,16.079999923706055,,,,16.179999923706056,,
2015-12-30,17.290000915527344,,,,16.318000030517577,,
2015-12-31,18.209999084472656,,,,16.845999908447265,,
2016-01-04,20.700000762939453,,,,17.838000106811524,,
2016-01-05,19.34000015258789,,,,18.32400016784668,,
2016-01-06,20.59000015258789,,,,19.226000213623045,,
2016-01-07,24.989999771118164,,,,20.76599998474121,,
2016-01-08,27.010000228881836,,,,22.526000213623046,,
2016-01-11,24.299999237060547,,,,23.245999908447267,,
2016-01-12,22.469999313354492,,,,23.871999740600586,,
2016-01-13,25.219999313354492,,,,24.797999572753906,,
2016-01-14,23.950000762939453,,,,24.589999771118165,,
2016-01-15,27.020000457763672,,,,24.591999816894532,,
2016-01-19,26.049999237060547,,,,24.94199981689453,,
2016-01-20,27.59000015258789,,,,25.96599998474121,,
2016-01-21,26.690000534057617,,,,26.260000228881836,,
2016-01-22,22.34000015258789,,,,25.938000106811522,,
2016-01-25,24.149999618530273,,,,25.363999938964845,,
2016-01-26,22.5,,,,24.654000091552735,,
2016-01-27,23.110000610351562,,,,23.75800018310547,,
2016-01-28,22.420000076293945,,,,22.904000091552735,,
2016-01-29,20.200000762939453,,,,22.476000213623045,,
2016-02-01,19.979999542236328,,,,21.642000198364258,,
2016-02-02,21.979999542236328,,,,21.538000106811523,,
2016-02-03,21.649999618530273,,,,21.245999908447267,,
2016-02-04,21.84000015258789,,,,21.129999923706055,,
2016-02-05,23.3799991607666,,,,21.765999603271485,,
2016-02-08,26.0,,,,22.969999694824217,,
2016-02-09,26.540000915527344,,,,23.881999969482422,,
2016-02-10,26.290000915527344,,,,24.810000228881837,,
2016-02-11,28.139999389648438,,,,26.070000076293944,,
2016-02-12,25.399999618530273,,,,26.47400016784668,,
2016-02-16,24.110000610351562,,,,26.096000289916994,,
2016-02-17,22.309999465942383,,,,25.25,,
2016-02-18,21.639999389648438,,,,24.31999969482422,,
2016-02-19,20.530000686645508,,,,22.797999954223634,,
2016-02-22,19.3799991607666,,,,21.5939998626709,,
2016-02-23,20.979999542236328,,,,20.96799964904785,,
2016-02-24,20.719999313354492,,,,20.649999618530273,,
2016-02-25,19.110000610351562,,,,20.1439998626709,,
2016-02-26,19.809999465942383,,,,19.999999618530275,,
2016-02-29,20.549999237060547,,,,20.23399963378906,,
2016-03-01,17.700000762939453,,,,19.577999877929688,,
2016-03-02,17.09000015258789,,,,18.852000045776368,,
2016-03-03,16.700000762939453,,,,18.370000076293945,,
2016-03-04,16.860000610351562,,,,17.780000305175783,,
2016-03-07,17.350000381469727,,,,17.140000534057616,,
2016-03-08,18.670000076293945,,,,17.334000396728516,,
2016-03-09,18.34000015258789,,,,17.584000396728516,,
2016-03-10,18.049999237060547,,,,17.854000091552734,,
2016-03-11,16.5,,,,17.78199996948242,,
2016-03-14,16.920000076293945,,,,17.695999908447266,,
2016-03-15,16.84000015258789,,,,17.329999923706055,,
2016-03-16,14.989999771118164,,,,16.65999984741211,,
2016-03-17,14.4399995803833,,,,15.93799991607666,,
2016-03-18,14.020000457763672,,,,15.442000007629394,,
2016-03-21,13.789999961853027,,,,14.815999984741211,,
2016-03-22,14.170000076293945,,,,14.281999969482422,,
2016-03-23,14.9399995803833,,,,14.271999931335449,,
2016-03-24,14.739999771118164,,,,14.331999969482421,,
2016-03-28,15.239999771118164,,,,14.57599983215332,,
2016-03-29,13.819999694824219,,,,14.581999778747559,,
2016-03-30,13.5600004196167,,,,14.45999984741211,,
2016-03-31,13.949999809265137,,,,14.261999893188477,,
2016-04-01,13.100000381469727,,,,13.934000015258789,,
2016-04-04,14.119999885559082,,,,13.710000038146973,,
2016-04-05,15.420000076293945,,,,14.030000114440918,,
2016-04-06,14.09000015258789,,,,14.136000061035157,,
2016-04-07,16.15999984741211,,,,14.57800006866455,,
2016-04-08,15.359999656677246,,,,15.029999923706054,,
2016-04-11,16.260000228881836,,,,15.457999992370606,,
2016-04-12,14.850000381469727,,,,15.344000053405761,,
2016-04-13,13.84000015258789,,,,15.294000053405762,,
2016-04-14,13.720000267028809,,,,14.806000137329102,,
2016-04-15,13.619999885559082,,,,14.458000183105469,,
2016-04-18,13.350000381469727,,,,13.876000213623048,,
2016-04-19,13.239999771118164,,,,13.554000091552734,,
2016-04-20,13.279999732971191,,,,13.442000007629394,,
2016-04-21,13.949999809265137,,,,13.48799991607666,,
2016-04-22,13.220000267028809,,,,13.407999992370605,,
2016-04-25,14.079999923706055,,,,13.553999900817871,,
2016-04-26,13.960000038146973,,,,13.697999954223633,,
2016-04-27,13.770000457763672,,,,13.796000099182129,,
2016-04-28,15.220000267028809,,,,14.050000190734863,,
2016-04-29,15.699999809265137,,,,14.546000099182129,,
2016-05-02,14.680000305175781,,,,14.666000175476075,,
2016-05-03,15.600000381469727,,,,14.994000244140626,,
2016-05-04,16.049999237060547,,,,15.45,,
2016-05-05,15.90999984741211,,,,15.58799991607666,,
2016-05-06,14.720000267028809,,,,15.392000007629395,,
2016-05-09,14.569999694824219,,,,15.369999885559082,,
2016-05-10,13.630000114440918,,,,14.97599983215332,,
2016-05-11,14.6899995803833,,,,14.703999900817871,,
2016-05-12,14.40999984741211,,,,14.40399990081787,,
2016-05-13,15.039999961853027,,,,14.467999839782715,,
2016-05-16,14.680000305175781,,,,14.489999961853027,,
2016-05-17,15.569999694824219,,,,14.877999877929687,,
2016-05-18,15.949999809265137,,,,15.129999923706055,,
2016-05-19,16.329999923706055,,,,15.513999938964844,,
2016-05-20,15.199999809265137,,,,15.545999908447266,,
2016-05-23,15.819999694824219,,,,15.773999786376953,,
2016-05-24,14.420000076293945,,,,15.543999862670898,,
2016-05-25,13.899999618530273,,,,15.133999824523926,,
2016-05-26,13.430000305175781,,,,14.553999900817871,,
2016-05-27,13.119999885559082,,,,14.13799991607666,,
2016-05-31,14.1899995803833,,,,13.811999893188476,,
2016-06-01,14.199999809265137,,,,13.767999839782714,,
2016-06-02,13.630000114440918,,,,13.713999938964843,,
2016-06-03,13.470000267028809,,,,13.72199993133545,,
2016-06-06,13.649999618530273,,,,13.827999877929688,,
2016-06-07,14.050000190734863,,,,13.8,,
2016-06-08,14.079999923706055,,,,13.776000022888184,,
2016-06-09,14.640000343322754,,,,13.978000068664551,,
2016-06-10,17.030000686645508,,,,14.69000015258789,,
2016-06-13,20.969999313354492,,,,16.154000091552735,,
2016-06-14,20.5,,,,17.444000053405762,,
2016-06-15,20.139999389648438,,,,18.65599994659424,,
2016-06-16,19.3700008392334,,,,19.602000045776368,,
2016-06-17,19.40999984741211,,,,20.077999877929688,,
2016-06-20,18.3700008392334,,,,19.55800018310547,,
2016-06-21,18.479999542236328,,,,19.154000091552735,,
2016-06-22,21.170000076293945,,,,19.360000228881837,,
2016-06-23,17.25,,,,18.936000061035156,,
2016-06-24,25.760000228881836,,,,20.206000137329102,,
2016-06-27,23.850000381469727,,,,21.302000045776367,,
2016-06-28,18.75,,,,21.3560001373291,,
2016-06-29,16.639999389648438,,,,20.45,,
2016-06-30,15.630000114440918,,,,20.126000022888185,,
2016-07-01,14.770000457763672,,,,17.928000068664552,,
2016-07-05,15.579999923706055,,,,16.273999977111817,,
2016-07-06,14.960000038146973,,,,15.51599998474121,,
2016-07-07,14.760000228881836,,,,15.140000152587891,,
2016-07-08,13.199999809265137,,,,14.654000091552735,,
2016-07-11,13.539999961853027,,,,14.407999992370605,,
2016-07-12,13.550000190734863,,,,14.002000045776366,,
2016-07-13,13.039999961853027,,,,13.618000030517578,,
2016-07-14,12.819999694824219,,,,13.229999923706055,,
2016-07-15,12.670000076293945,,,,13.123999977111817,,
2016-07-18,12.4399995803833,,,,12.90399990081787,,
2016-07-19,11.970000267028809,,,,12.58799991607666,,
2016-07-20,11.770000457763672,,,,12.33400001525879,,
2016-07-21,12.739999771118164,,,,12.318000030517577,,
2016-07-22,12.020000457763672,,,,12.188000106811524,,
2016-07-25,12.869999885559082,,,,12.27400016784668,,
2016-07-26,13.050000190734863,,,,12.490000152587891,,
2016-07-27,12.829999923706055,,,,12.702000045776368,,
2016-07-28,12.720000267028809,,,,12.698000144958495,,
2016-07-29,11.869999885559082,,,,12.668000030517579,,
2016-08-01,12.4399995803833,,,,12.581999969482421,,
2016-08-02,13.369999885559082,,,,12.645999908447266,,
2016-08-03,12.859999656677246,,,,12.651999855041504,,
2016-08-04,12.420000076293945,,,,12.591999816894532,,
2016-08-05,11.390000343322754,,,,12.495999908447265,,
2016-08-08,11.5,,,,12.307999992370606,,
2016-08-09,11.65999984741211,,,,11.965999984741211,,
2016-08-10,12.050000190734863,,,,11.804000091552734,,
2016-08-11,11.680000305175781,,,,11.656000137329102,,
2016-08-12,11.550000190734863,,,,11.688000106811524,,
2016-08-15,11.8100004196167,,,,11.750000190734863,,
2016-08-16,12.640000343322754,,,,11.946000289916991,,
2016-08-17,12.1899995803833,,,,11.974000167846679,,
2016-08-18,11.430000305175781,,,,11.92400016784668,,
2016-08-19,11.34000015258789,,,,11.882000160217284,,
2016-08-22,12.270000457763672,,,,11.974000167846679,,
2016-08-23,12.380000114440918,,,,11.922000122070312,,
2016-08-24,13.449999809265137,,,,12.17400016784668,,
2016-08-25,13.630000114440918,,,,12.614000129699708,,
2016-08-26,13.649999618530273,,,,13.076000022888184,,
2016-08-29,12.9399995803833,,,,13.20999984741211,,
2016-08-30,13.119999885559082,,,,13.357999801635742,,
2016-08-31,13.420000076293945,,,,13.351999855041504,,
2016-09-01,13.479999542236328,,,,13.321999740600585,,
2016-09-02,11.979999542236328,,,,12.987999725341798,,
2016-09-06,12.020000457763672,,,,12.803999900817871,,
2016-09-07,11.9399995803833,,,,12.567999839782715,,
2016-09-08,12.510000228881836,,,,12.385999870300292,,
2016-09-09,17.5,,,,13.189999961853028,,
2016-09-12,15.15999984741211,,,,13.826000022888184,,
2016-09-13,17.850000381469727,,,,14.992000007629395,,
2016-09-14,18.139999389648438,,,,16.231999969482423,,
2016-09-15,16.299999237060547,,,,16.989999771118164,,
2016-09-16,15.369999885559082,,,,16.563999748229982,,
2016-09-19,15.529999732971191,,,,16.637999725341796,,
2016-09-20,15.920000076293945,,,,16.25199966430664,,
2016-09-21,13.300000190734863,,,,15.283999824523926,,
2016-09-22,12.020000457763672,,,,14.42800006866455,,
2016-09-23,12.289999961853027,,,,13.81200008392334,,
2016-09-26,14.5,,,,13.6060001373291,,
2016-09-27,13.100000381469727,,,,13.042000198364258,,
2016-09-28,12.390000343322754,,,,12.860000228881836,,
2016-09-29,14.020000457763672,,,,13.260000228881836,,
2016-09-30,13.289999961853027,,,,13.460000228881835,,
2016-10-03,13.569999694824219,,,,13.27400016784668,,
2016-10-04,13.630000114440918,,,,13.380000114440918,,
2016-10-05,12.989999771118164,,,,13.5,,
2016-10-06,12.84000015258789,,,,13.263999938964844,,
2016-10-07,13.479999542236328,,,,13.301999855041505,,
2016-10-10,13.380000114440918,,,,13.263999938964844,,
2016-10-11,15.359999656677246,,,,13.609999847412109,,
2016-10-12,15.90999984741211,,,,14.193999862670898,,
2016-10-13,16.690000534057617,,,,14.963999938964843,,
2016-10-14,16.1200008392334,,,,15.492000198364257,,
2016-10-17,16.209999084472656,,,,16.057999992370604,,
2016-10-18,15.279999732971191,,,,16.042000007629394,,
2016-10-19,14.40999984741211,,,,15.742000007629395,,
2016-10-20,13.75,,,,15.15399990081787,,
2016-10-21,13.34000015258789,,,,14.597999763488769,,
2016-10-24,13.020000457763672,,,,13.960000038146973,,
2016-10-25,13.460000038146973,,,,13.59600009918213,,
2016-10-26,14.239999771118164,,,,13.56200008392334,,
2016-10-27,15.359999656677246,,,,13.884000015258788,,
2016-10-28,16.190000534057617,,,,14.454000091552734,,
2016-10-31,17.059999465942383,,,,15.261999893188477,,
2016-11-01,18.559999465942383,,,,16.281999778747558,,
2016-11-02,19.31999969482422,,,,17.297999763488768,,
2016-11-03,22.079999923706055,,,,18.641999816894533,,
2016-11-04,22.510000228881836,,,,19.905999755859376,,
2016-11-07,18.709999084472656,,,,20.23599967956543,,
2016-11-08,18.739999771118164,,,,20.271999740600585,,
2016-11-09,14.380000114440918,,,,19.283999824523924,,
2016-11-10,14.739999771118164,,,,17.81599979400635,,
2016-11-11,14.170000076293945,,,,16.14799976348877,,
2016-11-14,14.479999542236328,,,,15.301999855041505,,
2016-11-15,13.369999885559082,,,,14.227999877929687,,
2016-11-16,13.720000267028809,,,,14.095999908447265,,
2016-11-17,13.350000381469727,,,,13.818000030517577,,
2016-11-18,12.850000381469727,,,,13.554000091552734,,
2016-11-21,12.420000076293945,,,,13.142000198364258,,
2016-11-22,12.40999984741211,,,,12.950000190734864,,
2016-11-23,12.430000305175781,,,,12.692000198364259,,
2016-11-25,12.34000015258789,,,,12.490000152587891,,
2016-11-28,13.149999618530273,,,,12.55,,
2016-11-29,12.899999618530273,,,,12.645999908447266,,
2016-11-30,13.329999923706055,,,,12.829999923706055,,
2016-12-01,14.069999694824219,,,,13.157999801635743,,
2016-12-02,14.119999885559082,,,,13.513999748229981,,
2016-12-05,12.140000343322754,,,,13.311999893188476,,
2016-12-06,11.789999961853027,,,,13.089999961853028,,
2016-12-07,12.220000267028809,,,,12.868000030517578,,
2016-12-08,12.640000343322754,,,,12.582000160217286,,
2016-12-09,11.75,,,,12.108000183105469,,
2016-12-12,12.640000343322754,,,,12.208000183105469,,
2016-12-13,12.720000267028809,,,,12.394000244140624,,
2016-12-14,13.1899995803833,,,,12.588000106811524,,
2016-12-15,12.789999961853027,,,,12.618000030517578,,
2016-12-16,12.199999809265137,,,,12.707999992370606,,
2016-12-19,11.710000038146973,,,,12.521999931335449,,
2016-12-20,11.449999809265137,,,,12.267999839782714,,
2016-12-21,11.270000457763672,,,,11.884000015258788,,
2016-12-22,11.430000305175781,,,,11.61200008392334,,
2016-12-23,11.4399995803833,,,,11.460000038146973,,
2016-12-27,11.989999771118164,,,,11.51599998474121,,
2016-12-28,12.949999809265137,,,,11.815999984741211,,
2016-12-29,13.369999885559082,,,,12.235999870300294,,
2016-12-30,14.039999961853027,,,,12.757999801635743,,
2017-01-03,12.850000381469727,,,,13.039999961853027,,
2017-01-04,11.850000381469727,,,,13.01200008392334,,
2017-01-05,11.670000076293945,,,,12.756000137329101,,
2017-01-06,11.319999694824219,,,,12.34600009918213,,
2017-01-09,11.5600004196167,,,,11.850000190734864,,
2017-01-10,11.489999771118164,,,,11.57800006866455,,
2017-01-11,11.260000228881836,,,,11.460000038146973,,
2017-01-12,11.539999961853027,,,,11.434000015258789,,
2017-01-13,11.229999542236328,,,,11.41599998474121,,
2017-01-17,11.869999885559082,,,,11.477999877929687,,
2017-01-18,12.479999542236328,,,,11.67599983215332,,
2017-01-19,12.779999732971191,,,,11.97999973297119,,
2017-01-20,11.539999961853027,,,,11.97999973297119,,
2017-01-23,11.770000457763672,,,,12.08799991607666,,
2017-01-24,11.069999694824219,,,,11.927999877929688,,
2017-01-25,10.8100004196167,,,,11.594000053405761,,
2017-01-26,10.630000114440918,,,,11.164000129699707,,
2017-01-27,10.579999923706055,,,,10.972000122070312,,
2017-01-30,11.880000114440918,,,,10.994000053405761,,
2017-01-31,11.989999771118164,,,,11.17800006866455,,
2017-02-01,11.8100004196167,,,,11.378000068664551,,
2017-02-02,11.930000305175781,,,,11.638000106811523,,
2017-02-03,10.970000267028809,,,,11.716000175476074,,
2017-02-06,11.369999885559082,,,,11.614000129699708,,
2017-02-07,11.289999961853027,,,,11.474000167846679,,
2017-02-08,11.449999809265137,,,,11.402000045776367,,
2017-02-09,10.880000114440918,,,,11.192000007629394,,
2017-02-10,10.850000381469727,,,,11.168000030517579,,
2017-02-13,11.069999694824219,,,,11.107999992370605,,
2017-02-14,10.739999771118164,,,,10.997999954223634,,
2017-02-15,11.970000267028809,,,,11.102000045776368,,
2017-02-16,11.760000228881836,,,,11.27800006866455,,
2017-02-17,11.489999771118164,,,,11.405999946594239,,
2017-02-21,11.569999694824219,,,,11.505999946594239,,
2017-02-22,11.739999771118164,,,,11.705999946594238,,
2017-02-23,11.710000038146973,,,,11.65399990081787,,
2017-02-24,11.470000267028809,,,,11.595999908447265,,
2017-02-27,12.09000015258789,,,,11.715999984741211,,
2017-02-28,12.920000076293945,,,,11.986000061035156,,
2017-03-01,12.539999961853027,,,,12.146000099182128,,
2017-03-02,11.8100004196167,,,,12.166000175476075,,
2017-03-03,10.960000038146973,,,,12.064000129699707,,
2017-03-06,11.239999771118164,,,,11.894000053405762,,
2017-03-07,11.449999809265137,,,,11.6,,
2017-03-08,11.859999656677246,,,,11.463999938964843,,
2017-03-09,12.300000190734863,,,,11.561999893188476,,
2017-03-10,11.65999984741211,,,,11.701999855041503,,
2017-03-13,11.350000381469727,,,,11.723999977111816,,
2017-03-14,12.300000190734863,,,,11.894000053405762,,
2017-03-15,11.630000114440918,,,,11.848000144958496,,
2017-03-16,11.210000038146973,,,,11.630000114440918,,
2017-03-17,11.279999732971191,,,,11.554000091552734,,
2017-03-20,11.34000015258789,,,,11.552000045776367,,
2017-03-21,12.470000267028809,,,,11.586000061035156,,
2017-03-22,12.8100004196167,,,,11.822000122070312,,
2017-03-23,13.119999885559082,,,,12.204000091552734,,
2017-03-24,12.960000038146973,,,,12.54000015258789,,
2017-03-27,12.5,,,,12.772000122070313,,
2017-03-28,11.529999732971191,,,,12.58400001525879,,
2017-03-29,11.420000076293945,,,,12.305999946594238,,
2017-03-30,11.539999961853027,,,,11.989999961853027,,
2017-03-31,12.369999885559082,,,,11.871999931335449,,
2017-04-03,12.380000114440918,,,,11.847999954223633,,
2017-04-04,11.789999961853027,,,,11.9,,
2017-04-05,12.890000343322754,,,,12.194000053405762,,
2017-04-06,12.390000343322754,,,,12.364000129699708,,
2017-04-07,12.869999885559082,,,,12.464000129699707,,
2017-04-10,14.050000190734863,,,,12.798000144958497,,
2017-04-11,15.069999694824219,,,,13.454000091552734,,
2017-04-12,15.770000457763672,,,,14.030000114440918,,
2017-04-13,15.960000038146973,,,,14.744000053405761,,
2017-04-17,14.65999984741211,,,,15.102000045776368,,
2017-04-18,14.420000076293945,,,,15.176000022888184,,
2017-04-19,14.930000305175781,,,,15.148000144958496,,
2017-04-20,14.149999618530273,,,,14.823999977111816,,
2017-04-21,14.630000114440918,,,,14.557999992370606,,
2017-04-24,10.84000015258789,,,,13.794000053405762,,
2017-04-25,10.760000228881836,,,,13.06200008392334,,
2017-04-26,10.850000381469727,,,,12.24600009918213,,
2017-04-27,10.359999656677246,,,,11.488000106811523,,
2017-04-28,10.819999694824219,,,,10.726000022888183,,
2017-05-01,10.109999656677246,,,,10.579999923706055,,
2017-05-02,10.59000015258789,,,,10.545999908447266,,
2017-05-03,10.680000305175781,,,,10.511999893188477,,
2017-05-04,10.460000038146973,,,,10.531999969482422,,
2017-05-05,10.569999694824219,,,,10.481999969482422,,
2017-05-08,9.770000457763672,,,,10.414000129699707,,
2017-05-09,9.960000038146973,,,,10.288000106811523,,
2017-05-10,10.210000038146973,,,,10.194000053405762,,
2017-05-11,10.600000381469727,,,,10.222000122070312,,
2017-05-12,10.399999618530273,,,,10.188000106811524,,
2017-05-15,10.420000076293945,,,,10.318000030517577,,
2017-05-16,10.649999618530273,,,,10.455999946594238,,
2017-05-17,15.59000015258789,,,,11.531999969482422,,
2017-05-18,14.65999984741211,,,,12.343999862670898,,
2017-05-19,12.039999961853027,,,,12.67199993133545,,
2017-05-22,10.930000305175781,,,,12.773999977111817,,
2017-05-23,10.720000267028809,,,,12.788000106811523,,
2017-05-24,10.020000457763672,,,,11.67400016784668,,
2017-05-25,9.989999771118164,,,,10.740000152587891,,
2017-05-26,9.8100004196167,,,,10.294000244140625,,
2017-05-30,10.380000114440918,,,,10.184000205993652,,
2017-05-31,10.40999984741211,,,,10.122000122070313,,
2017-06-01,9.890000343322754,,,,10.09600009918213,,
2017-06-02,9.75,,,,10.048000144958497,,
2017-06-05,10.069999694824219,,,,10.1,,
2017-06-06,10.449999809265137,,,,10.113999938964843,,
2017-06-07,10.390000343322754,,,,10.110000038146973,,
2017-06-08,10.15999984741211,,,,10.163999938964844,,
2017-06-09,10.699999809265137,,,,10.353999900817872,,
2017-06-12,11.460000038146973,,,,10.631999969482422,,
2017-06-13,10.420000076293945,,,,10.626000022888183,,
2017-06-14,10.640000343322754,,,,10.676000022888184,,
2017-06-15,10.899999618530273,,,,10.823999977111816,,
2017-06-16,10.380000114440918,,,,10.760000038146973,,
2017-06-19,10.369999885559082,,,,10.542000007629394,,
2017-06-20,10.859999656677246,,,,10.629999923706055,,
2017-06-21,10.75,,,,10.651999855041504,,
2017-06-22,10.479999542236328,,,,10.567999839782715,,
2017-06-23,10.020000457763672,,,,10.495999908447265,,
2017-06-26,9.899999618530273,,,,10.401999855041504,,
2017-06-27,11.0600004196167,,,,10.442000007629394,,
2017-06-28,10.029999732971191,,,,10.297999954223632,,
2017-06-29,11.4399995803833,,,,10.489999961853027,,
2017-06-30,11.180000305175781,,,,10.72199993133545,,
2017-07-03,11.220000267028809,,,,10.986000061035156,,
2017-07-05,11.069999694824219,,,,10.98799991607666,,
2017-07-06,12.539999961853027,,,,11.489999961853027,,
2017-07-07,11.1899995803833,,,,11.439999961853028,,
2017-07-10,11.109999656677246,,,,11.42599983215332,,
2017-07-11,10.890000343322754,,,,11.359999847412109,,
2017-07-12,10.300000190734863,,,,11.205999946594238,,
2017-07-13,9.899999618530273,,,,10.677999877929688,,
2017-07-14,9.510000228881836,,,,10.342000007629395,,
2017-07-17,9.819999694824219,,,,10.08400001525879,,
2017-07-18,9.890000343322754,,,,9.884000015258788,,
2017-07-19,9.789999961853027,,,,9.781999969482422,,
2017-07-20,9.579999923706055,,,,9.718000030517578,,
2017-07-21,9.359999656677246,,,,9.68799991607666,,
2017-07-24,9.430000305175781,,,,9.610000038146973,,
2017-07-25,9.430000305175781,,,,9.518000030517578,,
2017-07-26,9.600000381469727,,,,9.480000114440918,,
2017-07-27,10.109999656677246,,,,9.586000061035156,,
2017-07-28,10.289999961853027,,,,9.772000122070313,,
2017-07-31,10.260000228881836,,,,9.938000106811524,,
2017-08-01,10.09000015258789,,,,10.070000076293946,,
2017-08-02,10.279999732971191,,,,10.205999946594238,,
2017-08-03,10.4399995803833,,,,10.271999931335449,,
2017-08-04,10.029999732971191,,,,10.219999885559082,,
2017-08-07,9.930000305175781,,,,10.15399990081787,,
2017-08-08,10.960000038146973,,,,10.327999877929688,,
2017-08-09,11.109999656677246,,,,10.493999862670899,,
2017-08-10,16.040000915527344,,,,11.614000129699708,,
2017-08-11,15.510000228881836,,,,12.710000228881835,,
2017-08-14,12.329999923706055,,,,13.19000015258789,,
2017-08-15,12.039999961853027,,,,13.406000137329102,,
2017-08-16,11.739999771118164,,,,13.532000160217285,,
2017-08-17,15.550000190734863,,,,13.434000015258789,,
2017-08-18,14.260000228881836,,,,13.184000015258789,,
2017-08-21,13.1899995803833,,,,13.355999946594238,,
2017-08-22,11.350000381469727,,,,13.218000030517578,,
2017-08-23,12.25,,,,13.320000076293946,,
2017-08-24,12.229999542236328,,,,12.655999946594239,,
2017-08-25,11.279999732971191,,,,12.05999984741211,,
2017-08-28,11.319999694824219,,,,11.685999870300293,,
2017-08-29,11.699999809265137,,,,11.755999755859374,,
2017-08-30,11.220000267028809,,,,11.549999809265136,,
2017-08-31,10.59000015258789,,,,11.22199993133545,,
2017-09-01,10.130000114440918,,,,10.992000007629395,,
2017-09-05,12.229999542236328,,,,11.173999977111816,,
2017-09-06,11.630000114440918,,,,11.160000038146972,,
2017-09-07,11.550000190734863,,,,11.226000022888183,,
2017-09-08,12.119999885559082,,,,11.531999969482422,,
2017-09-11,10.729999542236328,,,,11.651999855041504,,
2017-09-12,10.579999923706055,,,,11.32199993133545,,
2017-09-13,10.5,,,,11.095999908447265,,
2017-09-14,10.4399995803833,,,,10.873999786376952,,
2017-09-15,10.170000076293945,,,,10.483999824523925,,
2017-09-18,10.149999618530273,,,,10.367999839782716,,
2017-09-19,10.180000305175781,,,,10.28799991607666,,
2017-09-20,9.779999732971191,,,,10.1439998626709,,
2017-09-21,9.670000076293945,,,,9.989999961853027,,
2017-09-22,9.59000015258789,,,,9.873999977111817,,
2017-09-25,10.210000038146973,,,,9.886000061035157,,
2017-09-26,10.170000076293945,,,,9.884000015258788,,
2017-09-27,9.869999885559082,,,,9.902000045776367,,
2017-09-28,9.550000190734863,,,,9.878000068664551,,
2017-09-29,9.510000228881836,,,,9.86200008392334,,
2017-10-02,9.449999809265137,,,,9.710000038146973,,
2017-10-03,9.510000228881836,,,,9.57800006866455,,
2017-10-04,9.630000114440918,,,,9.530000114440918,,
2017-10-05,9.1899995803833,,,,9.457999992370606,,
2017-10-06,9.649999618530273,,,,9.485999870300294,,
2017-10-09,10.329999923706055,,,,9.661999893188476,,
2017-10-10,10.079999923706055,,,,9.775999832153321,,
2017-10-11,9.850000381469727,,,,9.819999885559081,,
2017-10-12,9.90999984741211,,,,9.963999938964843,,
2017-10-13,9.609999656677246,,,,9.955999946594238,,
2017-10-16,9.90999984741211,,,,9.871999931335449,,
2017-10-17,10.3100004196167,,,,9.918000030517579,,
2017-10-18,10.069999694824219,,,,9.961999893188477,,
2017-10-19,10.050000190734863,,,,9.989999961853027,,
2017-10-20,9.970000267028809,,,,10.06200008392334,,
2017-10-23,11.069999694824219,,,,10.294000053405762,,
2017-10-24,11.15999984741211,,,,10.463999938964843,,
2017-10-25,11.229999542236328,,,,10.695999908447266,,
2017-10-26,11.300000190734863,,,,10.945999908447266,,
2017-10-27,9.800000190734863,,,,10.911999893188476,,
2017-10-30,10.5,,,,10.797999954223632,,
2017-10-31,10.180000305175781,,,,10.602000045776368,,
2017-11-01,10.199999809265137,,,,10.396000099182128,,
2017-11-02,9.930000305175781,,,,10.122000122070313,,
2017-11-03,9.140000343322754,,,,9.990000152587891,,
2017-11-06,9.399999618530273,,,,9.770000076293945,,
2017-11-07,9.890000343322754,,,,9.71200008392334,,
2017-11-08,9.779999732971191,,,,9.628000068664551,,
2017-11-09,10.5,,,,9.742000007629395,,
2017-11-10,11.289999961853027,,,,10.17199993133545,,
2017-11-13,11.5,,,,10.592000007629395,,
2017-11-14,11.59000015258789,,,,10.931999969482423,,
2017-11-15,13.130000114440918,,,,11.602000045776368,,
2017-11-16,11.760000228881836,,,,11.854000091552734,,
2017-11-17,11.430000305175781,,,,11.882000160217284,,
2017-11-20,10.649999618530273,,,,11.71200008392334,,
2017-11-21,9.729999542236328,,,,11.339999961853028,,
2017-11-22,9.880000114440918,,,,10.689999961853028,,
2017-11-24,9.670000076293945,,,,10.271999931335449,,
2017-11-27,9.869999885559082,,,,9.95999984741211,,
2017-11-28,10.029999732971191,,,,9.835999870300293,,
2017-11-29,10.699999809265137,,,,10.029999923706054,,
2017-11-30,11.279999732971191,,,,10.30999984741211,,
2017-12-01,11.430000305175781,,,,10.661999893188476,,
2017-12-04,11.680000305175781,,,,11.023999977111817,,
2017-12-05,11.329999923706055,,,,11.284000015258789,,
2017-12-06,11.020000457763672,,,,11.348000144958496,,
2017-12-07,10.15999984741211,,,,11.12400016784668,,
2017-12-08,9.579999923706055,,,,10.754000091552735,,
2017-12-11,9.34000015258789,,,,10.286000061035157,,
2017-12-12,9.920000076293945,,,,10.004000091552735,,
2017-12-13,10.180000305175781,,,,9.836000061035156,,
2017-12-14,10.489999771118164,,,,9.902000045776367,,
2017-12-15,9.420000076293945,,,,9.870000076293945,,
2017-12-18,9.529999732971191,,,,9.907999992370605,,
2017-12-19,10.029999732971191,,,,9.929999923706054,,
2017-12-20,9.720000267028809,,,,9.83799991607666,,
2017-12-21,9.619999885559082,,,,9.663999938964844,,
2017-12-22,9.899999618530273,,,,9.759999847412109,,
2017-12-26,10.25,,,,9.90399990081787,,
2017-12-27,10.470000267028809,,,,9.992000007629395,,
2017-12-28,10.180000305175781,,,,10.08400001525879,,
2017-12-29,11.039999961853027,,,,10.368000030517578,,
2018-01-02,9.770000457763672,,,,10.342000198364257,,
2018-01-03,9.149999618530273,,,,10.122000122070313,,
2018-01-04,9.220000267028809,,,,9.872000122070313,,
2018-01-05,9.220000267028809,,,,9.680000114440919,,
2018-01-08,9.520000457763672,,,,9.376000213623048,,
2018-01-09,10.079999923706055,,,,9.438000106811524,,
2018-01-10,9.819999694824219,,,,9.572000122070312,,
2018-01-11,9.880000114440918,,,,9.704000091552734,,
2018-01-12,10.15999984741211,,,,9.892000007629395,,
2018-01-16,11.65999984741211,,,,10.319999885559081,,
2018-01-17,11.90999984741211,,,,10.685999870300293,,
2018-01-18,12.220000267028809,,,,11.16599998474121,,
2018-01-19,11.270000457763672,,,,11.444000053405762,,
2018-01-22,11.029999732971191,,,,11.618000030517578,,
2018-01-23,11.100000381469727,,,,11.506000137329101,,
2018-01-24,11.470000267028809,,,,11.418000221252441,,
2018-01-25,11.579999923706055,,,,11.29000015258789,,
2018-01-26,11.079999923706055,,,,11.252000045776366,,
2018-01-29,13.84000015258789,,,,11.814000129699707,,
2018-01-30,14.789999961853027,,,,12.552000045776367,,
2018-01-31,13.539999961853027,,,,12.965999984741211,,
2018-02-01,13.470000267028809,,,,13.344000053405761,,
2018-02-02,17.309999465942383,,,,14.589999961853028,,
2018-02-05,37.31999969482422,,,,19.285999870300294,,
2018-02-06,29.979999542236328,,,,22.32399978637695,,
2018-02-07,27.729999542236328,,,,25.161999702453613,,
2018-02-08,33.459999084472656,,,,29.159999465942384,,
2018-02-09,29.059999465942383,,,,31.509999465942382,,
2018-02-12,25.610000610351562,,,,29.16799964904785,,
2018-02-13,24.969999313354492,,,,28.165999603271484,,
2018-02-14,19.260000228881836,,,,26.471999740600587,,
2018-02-15,19.1299991607666,,,,23.605999755859376,,
2018-02-16,19.459999084472656,,,,21.68599967956543,,
2018-02-20,20.600000381469727,,,,20.683999633789064,,
2018-02-21,20.020000457763672,,,,19.6939998626709,,
2018-02-22,18.719999313354492,,,,19.58599967956543,,
2018-02-23,16.489999771118164,,,,19.05799980163574,,
2018-02-26,15.800000190734863,,,,18.326000022888184,,
2018-02-27,18.59000015258789,,,,17.923999977111816,,
2018-02-28,19.850000381469727,,,,17.88999996185303,,
2018-03-01,22.469999313354492,,,,18.63999996185303,,
2018-03-02,19.59000015258789,,,,19.260000038146973,,
2018-03-05,18.729999542236328,,,,19.845999908447265,,
2018-03-06,18.360000610351562,,,,19.8,,
2018-03-07,17.760000228881836,,,,19.381999969482422,,
2018-03-08,16.540000915527344,,,,18.19600028991699,,
2018-03-09,14.640000343322754,,,,17.206000328063965,,
2018-03-12,15.779999732971191,,,,16.616000366210937,,
2018-03-13,16.350000381469727,,,,16.21400032043457,,
2018-03-14,17.229999542236328,,,,16.108000183105467,,
2018-03-15,16.59000015258789,,,,16.118000030517578,,
2018-03-16,15.800000190734863,,,,16.35,,
2018-03-19,19.020000457763672,,,,16.998000144958496,,
2018-03-20,18.200000762939453,,,,17.36800022125244,,
2018-03-21,17.860000610351562,,,,17.49400043487549,,
2018-03-22,23.34000015258789,,,,18.84400043487549,,
2018-03-23,24.8700008392334,,,,20.658000564575197,,
2018-03-26,21.030000686645508,,,,21.060000610351562,,
2018-03-27,22.5,,,,21.92000045776367,,
2018-03-28,22.8700008392334,,,,22.92200050354004,,
2018-03-29,19.969999313354492,,,,22.24800033569336,,
2018-04-02,23.6200008392334,,,,21.99800033569336,,
2018-04-03,21.100000381469727,,,,22.012000274658202,,
2018-04-04,20.059999465942383,,,,21.52400016784668,,
2018-04-05,18.940000534057617,,,,20.738000106811523,,
2018-04-06,21.489999771118164,,,,21.042000198364256,,
2018-04-09,21.770000457763672,,,,20.672000122070312,,
2018-04-10,20.469999313354492,,,,20.545999908447264,,
2018-04-11,20.239999771118164,,,,20.58199996948242,,
2018-04-12,18.489999771118164,,,,20.49199981689453,,
2018-04-13,17.40999984741211,,,,19.67599983215332,,
2018-04-16,16.559999465942383,,,,18.633999633789063,,
2018-04-17,15.25,,,,17.589999771118165,,
2018-04-18,15.600000381469727,,,,16.661999893188476,,
2018-04-19,15.960000038146973,,,,16.15599994659424,,
2018-04-20,16.8799991607666,,,,16.049999809265138,,
2018-04-23,16.34000015258789,,,,16.005999946594237,,
2018-04-24,18.020000457763672,,,,16.560000038146974,,
2018-04-25,17.84000015258789,,,,17.007999992370607,,
2018-04-26,16.239999771118164,,,,17.063999938964844,,
2018-04-27,15.40999984741211,,,,16.770000076293947,,
2018-04-30,15.930000305175781,,,,16.688000106811522,,
2018-05-01,15.489999771118164,,,,16.181999969482423,,
2018-05-02,15.970000267028809,,,,15.807999992370606,,
2018-05-03,15.899999618530273,,,,15.739999961853027,,
2018-05-04,14.770000457763672,,,,15.61200008392334,,
2018-05-07,14.75,,,,15.376000022888183,,
2018-05-08,14.710000038146973,,,,15.220000076293946,,
2018-05-09,13.420000076293945,,,,14.710000038146973,,
2018-05-10,13.229999542236328,,,,14.176000022888184,,
2018-05-11,12.649999618530273,,,,13.751999855041504,,
2018-05-14,12.930000305175781,,,,13.38799991607666,,
2018-05-15,14.630000114440918,,,,13.371999931335449,,
2018-05-16,13.420000076293945,,,,13.371999931335449,,
2018-05-17,13.430000305175781,,,,13.41200008392334,,
2018-05-18,13.420000076293945,,,,13.566000175476074,,
2018-05-21,13.079999923706055,,,,13.59600009918213,,
2018-05-22,13.220000267028809,,,,13.314000129699707,,
2018-05-23,12.579999923706055,,,,13.146000099182128,,
2018-05-24,12.529999732971191,,,,12.965999984741211,,
2018-05-25,13.220000267028809,,,,12.926000022888184,,
2018-05-29,17.020000457763672,,,,13.714000129699707,,
2018-05-30,14.9399995803833,,,,14.057999992370606,,
2018-05-31,15.430000305175781,,,,14.628000068664551,,
2018-06-01,13.460000038146973,,,,14.814000129699707,,
2018-06-04,12.739999771118164,,,,14.718000030517578,,
2018-06-05,12.399999618530273,,,,13.793999862670898,,
2018-06-06,11.640000343322754,,,,13.134000015258788,,
2018-06-07,12.130000114440918,,,,12.473999977111816,,
2018-06-08,12.180000305175781,,,,12.218000030517578,,
2018-06-11,12.350000381469727,,,,12.140000152587891,,
2018-06-12,12.34000015258789,,,,12.128000259399414,,
2018-06-13,12.9399995803833,,,,12.388000106811523,,
2018-06-14,12.119999885559082,,,,12.386000061035157,,
2018-06-15,11.979999542236328,,,,12.345999908447265,,
2018-06-18,12.3100004196167,,,,12.33799991607666,,
2018-06-19,13.350000381469727,,,,12.539999961853027,,
2018-06-20,12.789999961853027,,,,12.510000038146973,,
2018-06-21,14.640000343322754,,,,13.014000129699706,,
2018-06-22,13.770000457763672,,,,13.372000312805175,,
2018-06-25,17.329999923706055,,,,14.376000213623048,,
2018-06-26,15.920000076293945,,,,14.890000152587891,,
2018-06-27,17.90999984741211,,,,15.914000129699707,,
2018-06-28,16.850000381469727,,,,16.3560001373291,,
2018-06-29,16.09000015258789,,,,16.820000076293944,,
2018-07-02,15.600000381469727,,,,16.47400016784668,,
2018-07-03,16.139999389648438,,,,16.518000030517577,,
2018-07-05,14.970000267028809,,,,15.930000114440919,,
2018-07-06,13.369999885559082,,,,15.23400001525879,,
2018-07-09,12.6899995803833,,,,14.553999900817871,,
2018-07-10,12.640000343322754,,,,13.961999893188477,,
2018-07-11,13.630000114440918,,,,13.460000038146973,,
2018-07-12,12.579999923706055,,,,12.981999969482422,,
2018-07-13,12.180000305175781,,,,12.744000053405761,,
2018-07-16,12.829999923706055,,,,12.772000122070313,,
2018-07-17,12.0600004196167,,,,12.656000137329102,,
2018-07-18,12.100000381469727,,,,12.350000190734864,,
2018-07-19,12.869999885559082,,,,12.408000183105468,,
2018-07-20,12.859999656677246,,,,12.544000053405762,,
2018-07-23,12.619999885559082,,,,12.502000045776366,,
2018-07-24,12.40999984741211,,,,12.57199993133545,,
2018-07-25,12.289999961853027,,,,12.609999847412109,,
2018-07-26,12.140000343322754,,,,12.463999938964843,,
2018-07-27,13.029999732971191,,,,12.497999954223634,,
2018-07-30,14.260000228881836,,,,12.826000022888184,,
2018-07-31,12.829999923706055,,,,12.910000038146972,,
2018-08-01,13.149999618530273,,,,13.081999969482421,,
2018-08-02,12.1899995803833,,,,13.091999816894532,,
2018-08-03,11.640000343322754,,,,12.813999938964844,,
2018-08-06,11.270000457763672,,,,12.215999984741211,,
2018-08-07,10.930000305175781,,,,11.836000061035156,,
2018-08-08,10.850000381469727,,,,11.376000213623048,,
2018-08-09,11.270000457763672,,,,11.192000389099121,,
2018-08-10,13.15999984741211,,,,11.496000289916992,,
2018-08-13,14.779999732971191,,,,12.198000144958495,,
2018-08-14,13.3100004196167,,,,12.67400016784668,,
2018-08-15,14.640000343322754,,,,13.432000160217285,,
2018-08-16,13.449999809265137,,,,13.868000030517578,,
2018-08-17,12.640000343322754,,,,13.764000129699706,,
2018-08-20,12.489999771118164,,,,13.306000137329102,,
2018-08-21,12.859999656677246,,,,13.215999984741211,,
2018-08-22,12.25,,,,12.73799991607666,,
2018-08-23,12.40999984741211,,,,12.529999923706054,,
2018-08-24,11.989999771118164,,,,12.399999809265136,,
2018-08-27,12.15999984741211,,,,12.333999824523925,,
2018-08-28,12.5,,,,12.261999893188477,,
2018-08-29,12.25,,,,12.261999893188477,,
2018-08-30,13.529999732971191,,,,12.485999870300294,,
2018-08-31,12.859999656677246,,,,12.65999984741211,,
2018-09-04,13.15999984741211,,,,12.859999847412109,,
2018-09-05,13.90999984741211,,,,13.141999816894531,,
2018-09-06,14.649999618530273,,,,13.621999740600586,,
2018-09-07,14.880000114440918,,,,13.891999816894531,,
2018-09-10,14.15999984741211,,,,14.151999855041504,,
2018-09-11,13.220000267028809,,,,14.163999938964844,,
2018-09-12,13.140000343322754,,,,14.010000038146973,,
2018-09-13,12.369999885559082,,,,13.554000091552734,,
2018-09-14,12.069999694824219,,,,12.992000007629395,,
2018-09-17,13.680000305175781,,,,12.896000099182128,,
2018-09-18,12.789999961853027,,,,12.810000038146972,,
2018-09-19,11.75,,,,12.531999969482422,,
2018-09-20,11.800000190734863,,,,12.418000030517579,,
2018-09-21,11.680000305175781,,,,12.34000015258789,,
2018-09-24,12.199999809265137,,,,12.044000053405762,,
2018-09-25,12.420000076293945,,,,11.970000076293946,,
2018-09-26,12.890000343322754,,,,12.198000144958495,,
2018-09-27,12.40999984741211,,,,12.320000076293946,,
2018-09-28,12.119999885559082,,,,12.407999992370605,,
2018-10-01,12.0,,,,12.368000030517578,,
2018-10-02,12.050000190734863,,,,12.294000053405762,,
2018-10-03,11.609999656677246,,,,12.03799991607666,,
2018-10-04,14.220000267028809,,,,12.4,,
2018-10-05,14.819999694824219,,,,12.939999961853028,,
2018-10-08,15.6899995803833,,,,13.677999877929688,,
2018-10-09,15.949999809265137,,,,14.457999801635742,,
2018-10-10,22.959999084472656,,,,16.727999687194824,,
2018-10-11,24.979999542236328,,,,18.879999542236327,,
2018-10-12,21.309999465942383,,,,20.17799949645996,,
2018-10-15,21.299999237060547,,,,21.29999942779541,,
2018-10-16,17.6200008392334,,,,21.633999633789063,,
2018-10-17,17.399999618530273,,,,20.521999740600585,,
2018-10-18,20.059999465942383,,,,19.5379997253418,,
2018-10-19,19.889999389648438,,,,19.253999710083008,,
2018-10-22,19.639999389648438,,,,18.921999740600587,,
2018-10-23,20.709999084472656,,,,19.539999389648436,,
2018-10-24,25.229999542236328,,,,21.105999374389647,,
2018-10-25,24.219999313354492,,,,21.93799934387207,,
2018-10-26,24.15999984741211,,,,22.791999435424806,,
2018-10-29,24.700000762939453,,,,23.80399971008301,,
2018-10-30,23.350000381469727,,,,24.33199996948242,,
2018-10-31,21.229999542236328,,,,23.53199996948242,,
2018-11-01,19.34000015258789,,,,22.5560001373291,,
2018-11-02,19.510000228881836,,,,21.626000213623048,,
2018-11-05,19.959999084472656,,,,20.677999877929686,,
2018-11-06,19.90999984741211,,,,19.989999771118164,,
2018-11-07,16.360000610351562,,,,19.01599998474121,,
2018-11-08,16.719999313354492,,,,18.49199981689453,,
2018-11-09,17.360000610351562,,,,18.061999893188478,,
2018-11-12,20.450000762939453,,,,18.160000228881835,,
2018-11-13,20.020000457763672,,,,18.182000350952148,,
2018-11-14,21.25,,,,19.160000228881835,,
2018-11-15,19.979999542236328,,,,19.812000274658203,,
2018-11-16,18.139999389648438,,,,19.96800003051758,,
2018-11-19,20.100000381469727,,,,19.897999954223632,,
2018-11-20,22.479999542236328,,,,20.389999771118163,,
2018-11-21,20.799999237060547,,,,20.299999618530272,,
2018-11-23,21.520000457763672,,,,20.607999801635742,,
2018-11-26,18.899999618530273,,,,20.75999984741211,,
2018-11-27,19.020000457763672,,,,20.543999862670898,,
2018-11-28,18.489999771118164,,,,19.745999908447267,,
2018-11-29,18.790000915527344,,,,19.344000244140624,,
2018-11-30,18.06999969482422,,,,18.654000091552735,,
2018-12-03,16.440000534057617,,,,18.162000274658205,,
2018-12-04,20.739999771118164,,,,18.506000137329103,,
2018-12-06,21.190000534057617,,,,19.046000289916993,,
2018-12-07,23.229999542236328,,,,19.93400001525879,,
2018-12-10,22.639999389648438,,,,20.84799995422363,,
2018-12-11,21.760000228881836,,,,21.911999893188476,,
2018-12-12,21.459999084472656,,,,22.055999755859375,,
2018-12-13,20.649999618530273,,,,21.947999572753908,,
2018-12-14,21.6299991607666,,,,21.62799949645996,,
2018-12-17,24.520000457763672,,,,22.003999710083008,,
2018-12-18,25.579999923706055,,,,22.76799964904785,,
2018-12-19,25.579999923706055,,,,23.591999816894532,,
2018-12-20,28.3799991607666,,,,25.137999725341796,,
2018-12-21,30.110000610351562,,,,26.834000015258788,,
2018-12-24,36.06999969482422,,,,29.1439998626709,,
2018-12-26,30.40999984741211,,,,30.10999984741211,,
2018-12-27,29.959999084472656,,,,30.98599967956543,,
2018-12-28,28.34000015258789,,,,30.977999877929687,,
2018-12-31,25.420000076293945,,,,30.039999771118165,,
2019-01-02,23.219999313354492,,,,27.469999694824217,,
2019-01-03,25.450000762939453,,,,26.477999877929687,,
2019-01-04,21.3799991607666,,,,24.761999893188477,,
2019-01-07,21.399999618530273,,,,23.373999786376952,,
2019-01-08,20.469999313354492,,,,22.383999633789063,,
2019-01-09,19.979999542236328,,,,21.73599967956543,,
2019-01-10,19.5,,,,20.54599952697754,,
2019-01-11,18.190000534057617,,,,19.907999801635743,,
2019-01-14,19.06999969482422,,,,19.44199981689453,,
2019-01-15,18.600000381469727,,,,19.068000030517577,,
2019-01-16,19.040000915527344,,,,18.88000030517578,,
2019-01-17,18.059999465942383,,,,18.592000198364257,,
2019-01-18,17.799999237060547,,,,18.513999938964844,,
2019-01-22,20.799999237060547,,,,18.85999984741211,,
2019-01-23,19.520000457763672,,,,19.043999862670898,,
2019-01-24,18.889999389648438,,,,19.01399955749512,,
2019-01-25,17.420000076293945,,,,18.88599967956543,,
2019-01-28,18.8700008392334,,,,19.1,,
2019-01-29,19.1299991607666,,,,18.76599998474121,,
2019-01-30,17.65999984741211,,,,18.3939998626709,,
2019-01-31,16.56999969482422,,,,17.929999923706056,,
2019-02-01,16.139999389648438,,,,17.673999786376953,,
2019-02-04,15.729999542236328,,,,17.04599952697754,,
2019-02-05,15.569999694824219,,,,16.333999633789062,,
2019-02-06,15.380000114440918,,,,15.877999687194825,,
2019-02-07,16.3700008392334,,,,15.83799991607666,,
2019-02-08,15.720000267028809,,,,15.754000091552735,,
2019-02-11,15.970000267028809,,,,15.80200023651123,,
2019-02-12,15.430000305175781,,,,15.774000358581542,,
2019-02-13,15.649999618530273,,,,15.828000259399413,,
2019-02-14,16.219999313354492,,,,15.797999954223632,,
2019-02-15,14.90999984741211,,,,15.635999870300292,,
2019-02-19,14.880000114440918,,,,15.417999839782714,,
2019-02-20,14.020000457763672,,,,15.135999870300292,,
2019-02-21,14.460000038146973,,,,14.897999954223632,,
2019-02-22,13.510000228881836,,,,14.3560001373291,,
2019-02-25,14.850000381469727,,,,14.344000244140625,,
2019-02-26,15.170000076293945,,,,14.402000236511231,,
2019-02-27,14.699999809265137,,,,14.538000106811523,,
2019-02-28,14.779999732971191,,,,14.602000045776368,,
2019-03-01,13.569999694824219,,,,14.613999938964843,,
2019-03-04,14.630000114440918,,,,14.569999885559081,,
2019-03-05,14.739999771118164,,,,14.483999824523925,,
2019-03-06,15.739999771118164,,,,14.691999816894532,,
2019-03-07,16.59000015258789,,,,15.053999900817871,,
2019-03-08,16.049999237060547,,,,15.549999809265136,,
2019-03-11,14.329999923706055,,,,15.489999771118164,,
2019-03-12,13.770000457763672,,,,15.295999908447266,,
2019-03-13,13.40999984741211,,,,14.829999923706055,,
2019-03-14,13.5,,,,14.211999893188477,,
2019-03-15,12.880000114440918,,,,13.57800006866455,,
2019-03-18,13.100000381469727,,,,13.332000160217286,,
2019-03-19,13.5600004196167,,,,13.29000015258789,,
2019-03-20,13.90999984741211,,,,13.390000152587891,,
2019-03-21,13.630000114440918,,,,13.416000175476075,,
2019-03-22,16.479999542236328,,,,14.136000061035157,,
2019-03-25,16.329999923706055,,,,14.781999969482422,,
2019-03-26,14.680000305175781,,,,15.005999946594239,,
2019-03-27,15.149999618530273,,,,15.25399990081787,,
2019-03-28,14.430000305175781,,,,15.413999938964844,,
2019-03-29,13.710000038146973,,,,14.860000038146973,,
2019-04-01,13.399999618530273,,,,14.273999977111817,,
2019-04-02,13.359999656677246,,,,14.009999847412109,,
2019-04-03,13.739999771118164,,,,13.727999877929687,,
2019-04-04,13.579999923706055,,,,13.557999801635741,,
2019-04-05,12.819999694824219,,,,13.379999732971191,,
2019-04-08,13.180000305175781,,,,13.335999870300293,,
2019-04-09,14.279999732971191,,,,13.519999885559082,,
2019-04-10,13.300000190734863,,,,13.431999969482423,,
2019-04-11,13.020000457763672,,,,13.320000076293946,,
2019-04-12,12.010000228881836,,,,13.158000183105468,,
2019-04-15,12.319999694824219,,,,12.986000061035156,,
2019-04-16,12.180000305175781,,,,12.566000175476074,,
2019-04-17,12.600000381469727,,,,12.426000213623047,,
2019-04-18,12.09000015258789,,,,12.240000152587891,,
2019-04-22,12.420000076293945,,,,12.322000122070312,,
2019-04-23,12.279999732971191,,,,12.314000129699707,,
2019-04-24,13.140000343322754,,,,12.506000137329101,,
2019-04-25,13.25,,,,12.636000061035157,,
2019-04-26,12.729999542236328,,,,12.763999938964844,,
2019-04-29,13.109999656677246,,,,12.901999855041504,,
2019-04-30,13.119999885559082,,,,13.069999885559081,,
2019-05-01,14.800000190734863,,,,13.401999855041504,,
2019-05-02,14.420000076293945,,,,13.635999870300292,,
2019-05-03,12.869999885559082,,,,13.663999938964844,,
2019-05-06,15.4399995803833,,,,14.129999923706055,,
2019-05-07,19.31999969482422,,,,15.369999885559082,,
2019-05-08,19.399999618530273,,,,16.289999771118165,,
2019-05-09,19.100000381469727,,,,17.22599983215332,,
2019-05-10,16.040000915527344,,,,17.86000003814697,,
2019-05-13,20.549999237060547,,,,18.881999969482422,,
2019-05-14,18.059999465942383,,,,18.629999923706055,,
2019-05-15,16.440000534057617,,,,18.038000106811523,,
2019-05-16,15.289999961853027,,,,17.276000022888184,,
2019-05-17,15.960000038146973,,,,17.25999984741211,,
2019-05-20,16.309999465942383,,,,16.411999893188476,,
2019-05-21,14.949999809265137,,,,15.789999961853027,,
2019-05-22,14.75,,,,15.451999855041503,,
2019-05-23,16.920000076293945,,,,15.777999877929688,,
2019-05-24,15.850000381469727,,,,15.755999946594239,,
2019-05-28,17.5,,,,15.994000053405761,,
2019-05-29,17.899999618530273,,,,16.584000015258788,,
2019-05-30,17.299999237060547,,,,17.0939998626709,,
2019-05-31,18.709999084472656,,,,17.45199966430664,,
2019-06-03,18.860000610351562,,,,18.05399971008301,,
2019-06-04,16.969999313354492,,,,17.947999572753908,,
2019-06-05,16.09000015258789,,,,17.58599967956543,,
2019-06-06,15.930000305175781,,,,17.311999893188478,,
2019-06-07,16.299999237060547,,,,16.829999923706055,,
2019-06-10,15.9399995803833,,,,16.2459997177124,,
2019-06-11,15.989999771118164,,,,16.049999809265138,,
2019-06-12,15.90999984741211,,,,16.01399974822998,,
2019-06-13,15.819999694824219,,,,15.991999626159668,,
2019-06-14,15.279999732971191,,,,15.787999725341797,,
2019-06-17,15.350000381469727,,,,15.669999885559083,,
2019-06-18,15.149999618530273,,,,15.501999855041504,,
2019-06-19,14.329999923706055,,,,15.185999870300293,,
2019-06-20,14.75,,,,14.97199993133545,,
2019-06-21,15.399999618530273,,,,14.995999908447265,,
2019-06-24,15.260000228881836,,,,14.977999877929687,,
2019-06-25,16.280000686645508,,,,15.204000091552734,,
2019-06-26,16.209999084472656,,,,15.579999923706055,,
2019-06-27,15.819999694824219,,,,15.793999862670898,,
2019-06-28,15.079999923706055,,,,15.729999923706055,,
2019-07-01,14.0600004196167,,,,15.489999961853027,,
2019-07-02,12.930000305175781,,,,14.819999885559081,,
2019-07-03,12.569999694824219,,,,14.092000007629395,,
2019-07-05,13.279999732971191,,,,13.58400001525879,,
2019-07-08,13.960000038146973,,,,13.360000038146973,,
2019-07-09,14.09000015258789,,,,13.365999984741212,,
2019-07-10,13.029999732971191,,,,13.385999870300292,,
2019-07-11,12.930000305175781,,,,13.457999992370606,,
2019-07-12,12.390000343322754,,,,13.280000114440918,,
2019-07-15,12.680000305175781,,,,13.02400016784668,,
2019-07-16,12.859999656677246,,,,12.77800006866455,,
2019-07-17,13.970000267028809,,,,12.966000175476074,,
2019-07-18,13.529999732971191,,,,13.086000061035156,,
2019-07-19,14.449999809265137,,,,13.497999954223634,,
2019-07-22,13.529999732971191,,,,13.667999839782714,,
2019-07-23,12.609999656677246,,,,13.617999839782716,,
2019-07-24,12.069999694824219,,,,13.237999725341798,,
2019-07-25,12.739999771118164,,,,13.079999732971192,,
2019-07-26,12.15999984741211,,,,12.621999740600586,,
2019-07-29,12.829999923706055,,,,12.481999778747559,,
2019-07-30,13.9399995803833,,,,12.74799976348877,,
2019-07-31,16.1200008392334,,,,13.557999992370606,,
2019-08-01,17.8700008392334,,,,14.584000205993652,,
2019-08-02,17.610000610351562,,,,15.674000358581543,,
2019-08-05,24.59000015258789,,,,18.02600040435791,,
2019-08-06,20.170000076293945,,,,19.27200050354004,,
2019-08-07,19.489999771118164,,,,19.94600028991699,,
2019-08-08,16.90999984741211,,,,19.754000091552733,,
2019-08-09,17.969999313354492,,,,19.82599983215332,,
2019-08-12,21.09000015258789,,,,19.12599983215332,,
2019-08-13,17.520000457763672,,,,18.595999908447265,,
2019-08-14,22.100000381469727,,,,19.118000030517578,,
2019-08-15,21.18000030517578,,,,19.972000122070312,,
2019-08-16,18.469999313354492,,,,20.072000122070314,,
2019-08-19,16.8799991607666,,,,19.229999923706053,,
2019-08-20,17.5,,,,19.22599983215332,,
2019-08-21,15.800000190734863,,,,17.965999794006347,,
2019-08-22,16.68000030517578,,,,17.06599979400635,,
2019-08-23,19.8700008392334,,,,17.346000099182127,,
2019-08-26,19.31999969482422,,,,17.834000205993654,,
2019-08-27,20.309999465942383,,,,18.396000099182128,,
2019-08-28,19.350000381469727,,,,19.1060001373291,,
2019-08-29,17.8799991607666,,,,19.345999908447265,,
2019-08-30,18.979999542236328,,,,19.16799964904785,,
2019-09-03,19.65999984741211,,,,19.23599967956543,,
2019-09-04,17.329999923706055,,,,18.639999771118163,,
2019-09-05,16.270000457763672,,,,18.023999786376955,,
2019-09-06,15.0,,,,17.447999954223633,,
2019-09-09,15.270000457763672,,,,16.706000137329102,,
2019-09-10,15.199999809265137,,,,15.814000129699707,,
2019-09-11,14.609999656677246,,,,15.270000076293945,,
2019-09-12,14.220000267028809,,,,14.860000038146973,,
2019-09-13,13.739999771118164,,,,14.607999992370605,,
2019-09-16,14.670000076293945,,,,14.48799991607666,,
2019-09-17,14.4399995803833,,,,14.335999870300293,,
2019-09-18,13.949999809265137,,,,14.203999900817871,,
2019-09-19,14.050000190734863,,,,14.169999885559083,,
2019-09-20,15.319999694824219,,,,14.485999870300294,,
2019-09-23,14.90999984741211,,,,14.533999824523926,,
2019-09-24,17.049999237060547,,,,15.055999755859375,,
2019-09-25,15.960000038146973,,,,15.457999801635742,,
2019-09-26,16.06999969482422,,,,15.861999702453613,,
2019-09-27,17.219999313354492,,,,16.241999626159668,,
2019-09-30,16.239999771118164,,,,16.507999610900878,,
2019-10-01,18.559999465942383,,,,16.809999656677245,,
2019-10-02,20.559999465942383,,,,17.729999542236328,,
2019-10-03,19.1200008392334,,,,18.339999771118165,,
2019-10-04,17.040000915527344,,,,18.304000091552734,,
2019-10-07,17.860000610351562,,,,18.628000259399414,,
2019-10-08,20.280000686645508,,,,18.972000503540038,,
2019-10-09,18.639999389648438,,,,18.58800048828125,,
2019-10-10,17.56999969482422,,,,18.278000259399413,,
2019-10-11,15.579999923706055,,,,17.986000061035156,,
2019-10-14,14.569999694824219,,,,17.327999877929688,,
2019-10-15,13.539999961853027,,,,15.97999973297119,,
2019-10-16,13.680000305175781,,,,14.98799991607666,,
2019-10-17,13.789999961853027,,,,14.231999969482422,,
2019-10-18,14.25,,,,13.965999984741211,,
2019-10-21,14.0,,,,13.852000045776368,,
2019-10-22,14.460000038146973,,,,14.036000061035157,,
2019-10-23,14.010000228881836,,,,14.102000045776368,,
2019-10-24,13.710000038146973,,,,14.086000061035156,,
2019-10-25,12.649999618530273,,,,13.76599998474121,,
2019-10-28,13.109999656677246,,,,13.58799991607666,,
2019-10-29,13.199999809265137,,,,13.335999870300293,,
2019-10-30,12.329999923706055,,,,12.999999809265137,,
2019-10-31,13.220000267028809,,,,12.901999855041504,,
2019-11-01,12.300000190734863,,,,12.831999969482421,,
2019-11-04,12.829999923706055,,,,12.776000022888184,,
2019-11-05,13.100000381469727,,,,12.756000137329101,,
2019-11-06,12.619999885559082,,,,12.814000129699707,,
2019-11-07,12.729999542236328,,,,12.715999984741211,,
2019-11-08,12.069999694824219,,,,12.669999885559083,,
2019-11-11,12.6899995803833,,,,12.641999816894531,,
2019-11-12,12.680000305175781,,,,12.557999801635741,,
2019-11-13,13.0,,,,12.633999824523926,,
2019-11-14,13.050000190734863,,,,12.697999954223633,,
2019-11-15,12.050000190734863,,,,12.694000053405762,,
2019-11-18,12.460000038146973,,,,12.648000144958496,,
2019-11-19,12.859999656677246,,,,12.684000015258789,,
2019-11-20,12.779999732971191,,,,12.639999961853027,,
2019-11-21,13.130000114440918,,,,12.655999946594239,,
2019-11-22,12.34000015258789,,,,12.713999938964843,,
2019-11-25,11.869999885559082,,,,12.595999908447265,,
2019-11-26,11.539999961853027,,,,12.331999969482421,,
2019-11-27,11.75,,,,12.126000022888183,,
2019-11-29,12.619999885559082,,,,12.023999977111817,,
2019-12-02,14.90999984741211,,,,12.53799991607666,,
2019-12-03,15.960000038146973,,,,13.355999946594238,,
2019-12-04,14.800000190734863,,,,14.007999992370605,,
2019-12-05,14.520000457763672,,,,14.56200008392334,,
2019-12-06,13.619999885559082,,,,14.76200008392334,,
2019-12-09,15.859999656677246,,,,14.952000045776368,,
2019-12-10,15.680000305175781,,,,14.896000099182128,,
2019-12-11,14.989999771118164,,,,14.934000015258789,,
2019-12-12,13.9399995803833,,,,14.817999839782715,,
2019-12-13,12.630000114440918,,,,14.619999885559082,,
2019-12-16,12.140000343322754,,,,13.876000022888183,,
2019-12-17,12.289999961853027,,,,13.197999954223633,,
2019-12-18,12.579999923706055,,,,12.715999984741211,,
2019-12-19,12.5,,,,12.42800006866455,,
2019-12-20,12.510000228881836,,,,12.404000091552735,,
2019-12-23,12.609999656677246,,,,12.497999954223634,,
2019-12-24,12.670000076293945,,,,12.573999977111816,,
2019-12-26,12.649999618530273,,,,12.58799991607666,,
2019-12-27,13.430000305175781,,,,12.773999977111817,,
2019-12-30,14.819999694824219,,,,13.235999870300294,,
2019-12-31,13.779999732971191,,,,13.469999885559082,,
2020-01-02,12.470000267028809,,,,13.429999923706054,,
2020-01-03,14.020000457763672,,,,13.704000091552734,,
2020-01-06,13.850000381469727,,,,13.788000106811523,,
2020-01-07,13.789999961853027,,,,13.582000160217286,,
2020-01-08,13.449999809265137,,,,13.516000175476075,,
2020-01-09,12.539999961853027,,,,13.530000114440918,,
2020-01-10,12.5600004196167,,,,13.238000106811523,,
2020-01-13,12.319999694824219,,,,12.931999969482423,,
2020-01-14,12.390000343322754,,,,12.652000045776367,,
2020-01-15,12.420000076293945,,,,12.446000099182129,,
2020-01-16,12.319999694824219,,,,12.402000045776367,,
2020-01-17,12.100000381469727,,,,12.310000038146972,,
2020-01-21,12.850000381469727,,,,12.416000175476075,,
2020-01-22,12.90999984741211,,,,12.520000076293945,,
2020-01-23,12.979999542236328,,,,12.631999969482422,,
2020-01-24,14.5600004196167,,,,13.080000114440917,,
2020-01-27,18.229999542236328,,,,14.305999946594238,,
2020-01-28,16.280000686645508,,,,14.992000007629395,,
2020-01-29,16.389999389648438,,,,15.68799991607666,,
2020-01-30,15.489999771118164,,,,16.189999961853026,,
2020-01-31,18.84000015258789,,,,17.045999908447264,,
2020-02-03,17.969999313354492,,,,16.993999862670897,,
2020-02-04,16.049999237060547,,,,16.947999572753908,,
2020-02-05,15.149999618530273,,,,16.699999618530274,,
2020-02-06,14.960000038146973,,,,16.593999671936036,,
2020-02-07,15.470000267028809,,,,15.919999694824218,,
2020-02-10,15.039999961853027,,,,15.333999824523925,,
2020-02-11,15.180000305175781,,,,15.160000038146972,,
2020-02-12,13.739999771118164,,,,14.878000068664551,,
2020-02-13,14.149999618530273,,,,14.715999984741211,,
2020-02-14,13.680000305175781,,,,14.357999992370605,,
2020-02-18,14.829999923706055,,,,14.315999984741211,,
2020-02-19,14.380000114440918,,,,14.155999946594239,,
2020-02-20,15.5600004196167,,,,14.520000076293945,,
2020-02-21,17.079999923706055,,,,15.1060001373291,,
2020-02-24,25.030000686645508,,,,17.376000213623048,,
2020-02-25,27.850000381469727,,,,19.980000305175782,,
2020-02-26,27.559999465942383,,,,22.616000175476074,,
2020-02-27,39.15999984741211,,,,27.336000061035158,,
2020-02-28,40.11000061035156,,,,31.94200019836426,,
2020-03-02,33.41999816894531,,,,33.619999694824216,,
2020-03-03,36.81999969482422,,,,35.41399955749512,,
2020-03-04,31.989999771118164,,,,36.29999961853027,,
2020-03-05,39.619998931884766,,,,36.39199943542481,,
2020-03-06,41.939998626708984,,,,36.75799903869629,,
2020-03-09,54.459999084472656,,,,40.96599922180176,,
2020-03-10,47.29999923706055,,,,43.06199913024902,,
2020-03-11,53.900001525878906,,,,47.443999481201175,,
2020-03-12,75.47000122070312,,,,54.613999938964845,,
2020-03-13,57.83000183105469,,,,57.79200057983398,,
2020-03-16,82.69000244140625,,,,63.438001251220705,,
2020-03-17,75.91000366210938,,,,69.16000213623047,,
2020-03-18,76.44999694824219,,,,73.67000122070313,,
2020-03-19,72.0,,,,72.9760009765625,,
2020-03-20,66.04000091552734,,,,74.61800079345703,,
2020-03-23,61.59000015258789,,,,70.39800033569335,,
2020-03-24,61.66999816894531,,,,67.54999923706055,,
2020-03-25,63.95000076293945,,,,65.05,,
2020-03-26,61.0,,,,62.85,,
2020-03-27,65.54000091552734,,,,62.75,,
2020-03-30,57.08000183105469,,,,61.84800033569336,,
2020-03-31,53.540000915527344,,,,60.22200088500976,,
2020-04-01,57.060001373291016,,,,58.84400100708008,,
2020-04-02,50.90999984741211,,,,56.8260009765625,,
2020-04-03,46.79999923706055,,,,53.07800064086914,,
2020-04-06,45.2400016784668,,,,50.710000610351564,,
2020-04-07,46.70000076293945,,,,49.342000579833986,,
2020-04-08,43.349998474121094,,,,46.6,,
2020-04-09,41.66999816894531,,,,44.75199966430664,,
2020-04-13,41.16999816894531,,,,43.625999450683594,,
2020-04-14,37.7599983215332,,,,42.129998779296876,,
2020-04-15,40.84000015258789,,,,40.95799865722656,,
2020-04-16,40.11000061035156,,,,40.30999908447266,,
2020-04-17,38.150001525878906,,,,39.60599975585937,,
2020-04-20,43.83000183105469,,,,40.13800048828125,,
2020-04-21,45.40999984741211,,,,41.66800079345703,,
2020-04-22,41.97999954223633,,,,41.896000671386716,,
2020-04-23,41.380001068115234,,,,42.150000762939456,,
2020-04-24,35.93000030517578,,,,41.70600051879883,,
2020-04-27,33.290000915527344,,,,39.59800033569336,,
2020-04-28,33.56999969482422,,,,37.23000030517578,,
2020-04-29,31.229999542236328,,,,35.08000030517578,,
2020-04-30,34.150001525878906,,,,33.63400039672852,,
2020-05-01,37.189998626708984,,,,33.886000061035155,,
2020-05-04,35.970001220703125,,,,34.422000122070315,,
2020-05-05,33.61000061035156,,,,34.43000030517578,,
2020-05-06,34.119998931884766,,,,35.008000183105466,,
2020-05-07,31.440000534057617,,,,34.46599998474121,,
2020-05-08,27.979999542236328,,,,32.62400016784668,,
2020-05-11,27.56999969482422,,,,30.9439998626709,,
2020-05-12,33.040000915527344,,,,30.829999923706055,,
2020-05-13,35.279998779296875,,,,31.061999893188478,,
2020-05-14,32.61000061035156,,,,31.295999908447264,,
2020-05-15,31.889999389648438,,,,32.077999877929685,,
2020-05-18,29.299999237060547,,,,32.42399978637695,,
2020-05-19,30.530000686645508,,,,31.921999740600587,,
2020-05-20,27.989999771118164,,,,30.463999938964843,,
2020-05-21,29.530000686645508,,,,29.84799995422363,,
2020-05-22,28.15999984741211,,,,29.102000045776368,,
2020-05-26,28.010000228881836,,,,28.844000244140624,,
2020-05-27,27.6200008392334,,,,28.262000274658202,,
2020-05-28,28.59000015258789,,,,28.382000350952147,,
2020-05-29,27.510000228881836,,,,27.978000259399415,,
2020-06-01,28.229999542236328,,,,27.99200019836426,,
2020-06-02,26.84000015258789,,,,27.75800018310547,,
2020-06-03,25.65999984741211,,,,27.36599998474121,,
2020-06-04,25.809999465942383,,,,26.809999847412108,,
2020-06-05,24.520000457763672,,,,26.211999893188477,,
2020-06-08,25.809999465942383,,,,25.727999877929687,,
2020-06-09,27.56999969482422,,,,25.873999786376952,,
2020-06-10,27.56999969482422,,,,26.255999755859374,,
2020-06-11,40.790000915527344,,,,29.252000045776366,,
2020-06-12,36.09000015258789,,,,31.56599998474121,,
2020-06-15,34.400001525878906,,,,33.284000396728516,,
2020-06-16,33.66999816894531,,,,34.50400009155273,,
2020-06-17,33.470001220703125,,,,35.684000396728514,,
2020-06-18,32.939998626708984,,,,34.113999938964845,,
2020-06-19,35.119998931884766,,,,33.91999969482422,,
2020-06-22,31.770000457763672,,,,33.39399948120117,,
2020-06-23,31.3700008392334,,,,32.93400001525879,,
2020-06-24,33.84000015258789,,,,33.00799980163574,,
2020-06-25,32.220001220703125,,,,32.86400032043457,,
2020-06-26,34.72999954223633,,,,32.786000442504886,,
2020-06-29,31.780000686645508,,,,32.78800048828125,,
2020-06-30,30.43000030517578,,,,32.60000038146973,,
2020-07-01,28.6200008392334,,,,31.55600051879883,,
2020-07-02,27.68000030517578,,,,30.64800033569336,,
2020-07-06,27.940000534057617,,,,29.29000053405762,,
2020-07-07,29.43000030517578,,,,28.820000457763673,,
2020-07-08,28.079999923706055,,,,28.350000381469727,,
2020-07-09,29.260000228881836,,,,28.478000259399415,,
2020-07-10,27.290000915527344,,,,28.400000381469727,,
2020-07-13,32.189998626708984,,,,29.25,,
2020-07-14,29.520000457763672,,,,29.268000030517577,,
2020-07-15,27.760000228881836,,,,29.204000091552736,,
2020-07-16,28.0,,,,28.952000045776366,,
2020-07-17,25.68000030517578,,,,28.629999923706055,,
2020-07-20,24.459999084472656,,,,27.084000015258788,,
2020-07-21,24.84000015258789,,,,26.147999954223632,,
2020-07-22,24.31999969482422,,,,25.45999984741211,,
2020-07-23,26.079999923706055,,,,25.07599983215332,,
2020-07-24,25.84000015258789,,,,25.107999801635742,,
2020-07-27,24.739999771118164,,,,25.163999938964842,,
2020-07-28,25.440000534057617,,,,25.28400001525879,,
2020-07-29,24.100000381469727,,,,25.24000015258789,,
2020-07-30,24.760000228881836,,,,24.976000213623045,,
2020-07-31,24.459999084472656,,,,24.7,,
2020-08-03,24.280000686645508,,,,24.608000183105467,,
2020-08-04,23.760000228881836,,,,24.272000122070313,,
2020-08-05,22.989999771118164,,,,24.05,,
2020-08-06,22.649999618530273,,,,23.62799987792969,,
2020-08-07,22.209999084472656,,,,23.177999877929686,,
2020-08-10,22.1299991607666,,,,22.747999572753905,,
2020-08-11,24.030000686645508,,,,22.801999664306642,,
2020-08-12,22.280000686645508,,,,22.65999984741211,,
2020-08-13,22.1299991607666,,,,22.555999755859375,,
2020-08-14,22.049999237060547,,,,22.523999786376955,,
2020-08-17,21.350000381469727,,,,22.368000030517578,,
2020-08-18,21.510000228881836,,,,21.863999938964845,,
2020-08-19,22.540000915527344,,,,21.915999984741212,,
2020-08-20,22.719999313354492,,,,22.03400001525879,,
2020-08-21,22.540000915527344,,,,22.132000350952147,,
2020-08-24,22.3700008392334,,,,22.336000442504883,,
2020-08-25,22.030000686645508,,,,22.440000534057617,,
2020-08-26,23.270000457763672,,,,22.586000442504883,,
2020-08-27,24.469999313354492,,,,22.936000442504884,,
2020-08-28,22.959999084472656,,,,23.020000076293947,,
2020-08-31,26.40999984741211,,,,23.827999877929688,,
2020-09-01,26.1200008392334,,,,24.645999908447266,,
2020-09-02,26.56999969482422,,,,25.305999755859375,,
2020-09-03,33.599998474121094,,,,27.131999588012697,,
2020-09-04,30.75,,,,28.689999771118163,,
2020-09-08,31.459999084472656,,,,29.699999618530274,,
2020-09-09,28.809999465942383,,,,30.23799934387207,,
2020-09-10,29.709999084472656,,,,30.865999221801758,,
2020-09-11,26.8700008392334,,,,29.519999694824218,,
2020-09-14,25.850000381469727,,,,28.539999771118165,,
2020-09-15,25.59000015258789,,,,27.36599998474121,,
2020-09-16,26.040000915527344,,,,26.812000274658203,,
2020-09-17,26.459999084472656,,,,26.162000274658205,,
2020-09-18,25.829999923706055,,,,25.954000091552736,,
2020-09-21,27.780000686645508,,,,26.34000015258789,,
2020-09-22,26.860000610351562,,,,26.594000244140624,,
2020-09-23,28.579999923706055,,,,27.102000045776368,,
2020-09-24,28.510000228881836,,,,27.512000274658202,,
2020-09-25,26.3799991607666,,,,27.62200012207031,,
2020-09-28,26.190000534057617,,,,27.304000091552734,,
2020-09-29,26.270000457763672,,,,27.186000061035156,,
2020-09-30,26.3700008392334,,,,26.744000244140626,,
2020-10-01,26.700000762939453,,,,26.382000350952147,,
2020-10-02,27.6299991607666,,,,26.632000350952147,,
2020-10-05,27.959999084472656,,,,26.986000061035156,,
2020-10-06,29.479999542236328,,,,27.62799987792969,,
2020-10-07,28.059999465942383,,,,27.965999603271484,,
2020-10-08,26.360000610351562,,,,27.897999572753907,,
2020-10-09,25.0,,,,27.371999740600586,,
2020-10-12,25.06999969482422,,,,26.793999862670898,,
2020-10-13,26.06999969482422,,,,26.111999893188475,,
2020-10-14,26.399999618530273,,,,25.779999923706054,,
2020-10-15,26.969999313354492,,,,25.90199966430664,,
2020-10-16,27.40999984741211,,,,26.383999633789063,,
2020-10-19,29.18000030517578,,,,27.205999755859374,,
2020-10-20,29.350000381469727,,,,27.861999893188475,,
2020-10-21,28.649999618530273,,,,28.311999893188478,,
2020-10-22,28.110000610351562,,,,28.54000015258789,,
2020-10-23,27.549999237060547,,,,28.568000030517577,,
2020-10-26,32.459999084472656,,,,29.223999786376954,,
2020-10-27,33.349998474121094,,,,30.023999404907226,,
2020-10-28,40.279998779296875,,,,32.349999237060544,,
2020-10-29,37.59000015258789,,,,34.24599914550781,,
2020-10-30,38.02000045776367,,,,36.33999938964844,,
2020-11-02,37.130001068115234,,,,37.273999786376955,,
2020-11-03,35.54999923706055,,,,37.71399993896485,,
2020-11-04,29.56999969482422,,,,35.572000122070314,,
2020-11-05,27.579999923706055,,,,33.570000076293944,,
2020-11-06,24.860000610351562,,,,30.938000106811522,,
2020-11-09,25.75,,,,28.661999893188476,,
2020-11-10,24.799999237060547,,,,26.511999893188477,,
2020-11-11,23.450000762939453,,,,25.288000106811523,,
2020-11-12,25.350000381469727,,,,24.842000198364257,,
2020-11-13,23.100000381469727,,,,24.49000015258789,,
2020-11-16,22.450000762939453,,,,23.83000030517578,,
2020-11-17,22.709999084472656,,,,23.412000274658205,,
2020-11-18,23.84000015258789,,,,23.49000015258789,,
2020-11-19,23.110000610351562,,,,23.042000198364256,,
2020-11-20,23.700000762939453,,,,23.162000274658205,,
2020-11-23,22.65999984741211,,,,23.204000091552736,,
2020-11-24,21.639999389648438,,,,22.99000015258789,,
2020-11-25,21.25,,,,22.472000122070312,,
2020-11-27,20.84000015258789,,,,22.018000030517577,,
2020-11-30,20.56999969482422,,,,21.391999816894533,,
2020-12-01,20.770000457763672,,,,21.013999938964844,,
2020-12-02,21.170000076293945,,,,20.920000076293945,,
2020-12-03,21.280000686645508,,,,20.92600021362305,,
2020-12-04,20.790000915527344,,,,20.916000366210938,,
2020-12-07,21.299999237060547,,,,21.062000274658203,,
2020-12-08,20.68000030517578,,,,21.044000244140626,,
2020-12-09,22.270000457763672,,,,21.26400032043457,,
2020-12-10,22.520000457763672,,,,21.512000274658202,,
2020-12-11,23.309999465942383,,,,22.01599998474121,,
2020-12-14,24.719999313354492,,,,22.7,,
2020-12-15,22.889999389648438,,,,23.141999816894533,,
2020-12-16,22.5,,,,23.187999725341797,,
2020-12-17,21.93000030517578,,,,23.06999969482422,,
2020-12-18,21.56999969482422,,,,22.721999740600587,,
2020-12-21,25.15999984741211,,,,22.809999847412108,,
2020-12-22,24.229999542236328,,,,23.077999877929688,,
2020-12-23,23.309999465942383,,,,23.239999771118164,,
2020-12-24,21.530000686645508,,,,23.15999984741211,,
2020-12-28,21.700000762939453,,,,23.186000061035156,,
2020-12-29,23.079999923706055,,,,22.770000076293947,,
2020-12-30,22.770000457763672,,,,22.478000259399415,,
2020-12-31,22.75,,,,22.366000366210937,,
2021-01-04,26.969999313354492,,,,23.454000091552736,,
2021-01-05,25.34000015258789,,,,24.181999969482423,,
2021-01-06,25.06999969482422,,,,24.579999923706055,,
2021-01-07,22.3700008392334,,,,24.5,,
2021-01-08,21.559999465942383,,,,24.261999893188477,,
2021-01-11,24.079999923706055,,,,23.68400001525879,,
2021-01-12,23.329999923706055,,,,23.28199996948242,,
2021-01-13,22.209999084472656,,,,22.70999984741211,,
2021-01-14,23.25,,,,22.88599967956543,,
2021-01-15,24.34000015258789,,,,23.44199981689453,,
2021-01-19,23.239999771118164,,,,23.273999786376955,,
2021-01-20,21.579999923706055,,,,22.923999786376953,,
2021-01-21,21.31999969482422,,,,22.745999908447267,,
2021-01-22,21.90999984741211,,,,22.477999877929687,,
2021-01-25,23.190000534057617,,,,22.247999954223634,,
2021-01-26,23.020000457763672,,,,22.204000091552736,,
2021-01-27,37.209999084472656,,,,25.329999923706055,,
2021-01-28,30.209999084472656,,,,27.107999801635742,,
2021-01-29,33.09000015258789,,,,29.3439998626709,,
2021-02-01,30.239999771118164,,,,30.753999710083008,,
2021-02-02,25.559999465942383,,,,31.26199951171875,,
2021-02-03,22.90999984741211,,,,28.40199966430664,,
2021-02-04,21.770000457763672,,,,26.713999938964843,,
2021-02-05,20.8700008392334,,,,24.270000076293947,,
2021-02-08,21.239999771118164,,,,22.470000076293946,,
2021-02-09,21.6299991607666,,,,21.68400001525879,,
2021-02-10,21.989999771118164,,,,21.5,,
2021-02-11,21.25,,,,21.395999908447266,,
2021-02-12,19.969999313354492,,,,21.215999603271484,,
2021-02-16,21.459999084472656,,,,21.259999465942382,,
2021-02-17,21.5,,,,21.23399963378906,,
2021-02-18,22.489999771118164,,,,21.333999633789062,,
2021-02-19,22.049999237060547,,,,21.493999481201172,,
2021-02-22,23.450000762939453,,,,22.189999771118163,,
2021-02-23,23.110000610351562,,,,22.520000076293947,,
2021-02-24,21.34000015258789,,,,22.488000106811523,,
2021-02-25,28.889999389648438,,,,23.768000030517577,,
2021-02-26,27.950000762939453,,,,24.948000335693358,,
2021-03-01,23.350000381469727,,,,24.928000259399415,,
2021-03-02,24.100000381469727,,,,25.126000213623048,,
2021-03-03,26.670000076293945,,,,26.19200019836426,,
2021-03-04,28.56999969482422,,,,26.128000259399414,,
2021-03-05,24.65999984741211,,,,25.470000076293946,,
2021-03-08,25.469999313354492,,,,25.8939998626709,,
2021-03-09,24.030000686645508,,,,25.879999923706055,,
2021-03-10,22.559999465942383,,,,25.05799980163574,,
2021-03-11,21.90999984741211,,,,23.72599983215332,,
2021-03-12,20.690000534057617,,,,22.931999969482423,,
2021-03-15,20.030000686645508,,,,21.844000244140624,,
2021-03-16,19.790000915527344,,,,20.996000289916992,,
2021-03-17,19.229999542236328,,,,20.33000030517578,,
2021-03-18,21.579999923706055,,,,20.26400032043457,,
2021-03-19,20.950000762939453,,,,20.316000366210936,,
2021-03-22,18.8799991607666,,,,20.086000061035158,,
2021-03-23,20.299999237060547,,,,20.187999725341797,,
2021-03-24,21.200000762939453,,,,20.58199996948242,,
2021-03-25,19.809999465942383,,,,20.227999877929687,,
2021-03-26,18.860000610351562,,,,19.809999847412108,,
2021-03-29,20.739999771118164,,,,20.181999969482423,,
2021-03-30,19.610000610351562,,,,20.044000244140626,,
2021-03-31,19.399999618530273,,,,19.68400001525879,,
2021-04-01,17.329999923706055,,,,19.188000106811522,,
2021-04-05,17.90999984741211,,,,18.997999954223634,,
2021-04-06,18.1200008392334,,,,18.47400016784668,,
2021-04-07,17.15999984741211,,,,17.98400001525879,,
2021-04-08,16.950000762939453,,,,17.494000244140626,,
2021-04-09,16.690000534057617,,,,17.366000366210937,,
2021-04-12,16.90999984741211,,,,17.166000366210938,,
2021-04-13,16.649999618530273,,,,16.87200012207031,,
2021-04-14,16.989999771118164,,,,16.838000106811524,,
2021-04-15,16.56999969482422,,,,16.761999893188477,,
2021-04-16,16.25,,,,16.673999786376953,,
2021-04-19,17.290000915527344,,,,16.75,,
2021-04-20,18.68000030517578,,,,17.1560001373291,,
2021-04-21,17.5,,,,17.25800018310547,,
2021-04-22,18.709999084472656,,,,17.686000061035156,,
2021-04-23,17.329999923706055,,,,17.90200004577637,,
2021-04-26,17.639999389648438,,,,17.971999740600587,,
2021-04-27,17.559999465942383,,,,17.747999572753905,,
2021-04-28,17.280000686645508,,,,17.703999710083007,,
2021-04-29,17.610000610351562,,,,17.48400001525879,,
2021-04-30,18.610000610351562,,,,17.74000015258789,,
2021-05-03,18.309999465942383,,,,17.87400016784668,,
2021-05-04,19.479999542236328,,,,18.25800018310547,,
2021-05-05,19.149999618530273,,,,18.631999969482422,,
2021-05-06,18.389999389648438,,,,18.7879997253418,,
2021-05-07,16.690000534057617,,,,18.403999710083006,,
2021-05-10,19.65999984741211,,,,18.673999786376953,,
2021-05-11,21.84000015258789,,,,19.145999908447266,,
2021-05-12,27.59000015258789,,,,20.834000015258788,,
2021-05-13,23.1299991607666,,,,21.78199996948242,,
2021-05-14,18.809999465942383,,,,22.205999755859374,,
2021-05-17,19.719999313354492,,,,22.21799964904785,,
2021-05-18,21.34000015258789,,,,22.117999649047853,,
2021-05-19,22.18000030517578,,,,21.03599967956543,,
2021-05-20,20.670000076293945,,,,20.543999862670898,,
2021-05-21,20.149999618530273,,,,20.811999893188478,,
2021-05-24,18.399999618530273,,,,20.547999954223634,,
2021-05-25,18.84000015258789,,,,20.047999954223634,,
2021-05-26,17.360000610351562,,,,19.084000015258788,,
2021-05-27,16.739999771118164,,,,18.297999954223634,,
2021-05-28,16.760000228881836,,,,17.620000076293945,,
2021-06-01,17.899999618530273,,,,17.520000076293947,,
2021-06-02,17.479999542236328,,,,17.247999954223634,,
2021-06-03,18.040000915527344,,,,17.38400001525879,,
2021-06-04,16.420000076293945,,,,17.320000076293944,,
2021-06-07,16.420000076293945,,,,17.252000045776366,,
2021-06-08,17.06999969482422,,,,17.086000061035158,,
2021-06-09,17.889999389648438,,,,17.16800003051758,,
2021-06-10,16.100000381469727,,,,16.779999923706054,,
2021-06-11,15.649999618530273,,,,16.62599983215332,,
2021-06-14,16.389999389648438,,,,16.61999969482422,,
2021-06-15,17.020000457763672,,,,16.60999984741211,,
2021-06-16,18.149999618530273,,,,16.661999893188476,,
2021-06-17,17.75,,,,16.99199981689453,,
2021-06-18,20.700000762939453,,,,18.002000045776366,,
2021-06-21,17.889999389648438,,,,18.302000045776367,,
2021-06-22,16.65999984741211,,,,18.229999923706053,,
2021-06-23,16.31999969482422,,,,17.863999938964845,,
2021-06-24,15.970000267028809,,,,17.507999992370607,,
2021-06-25,15.619999885559082,,,,16.49199981689453,,
2021-06-28,15.760000228881836,,,,16.06599998474121,,
2021-06-29,16.020000457763672,,,,15.938000106811524,,
2021-06-30,15.829999923706055,,,,15.84000015258789,,
2021-07-01,15.479999542236328,,,,15.742000007629395,,
2021-07-02,15.069999694824219,,,,15.631999969482422,,
2021-07-06,16.440000534057617,,,,15.768000030517578,,
2021-07-07,16.200000762939453,,,,15.804000091552734,,
2021-07-08,19.0,,,,16.438000106811522,,
2021-07-09,16.18000030517578,,,,16.578000259399413,,
2021-07-12,16.170000076293945,,,,16.79800033569336,,
2021-07-13,17.1200008392334,,,,16.934000396728514,,
2021-07-14,16.329999923706055,,,,16.960000228881835,,
2021-07-15,17.010000228881836,,,,16.562000274658203,,
2021-07-16,18.450000762939453,,,,17.01600036621094,,
2021-07-19,22.5,,,,18.28200035095215,,
2021-07-20,19.729999542236328,,,,18.804000091552734,,
2021-07-21,17.90999984741211,,,,19.120000076293945,,
2021-07-22,17.690000534057617,,,,19.256000137329103,,
2021-07-23,17.200000762939453,,,,19.006000137329103,,
2021-07-26,17.579999923706055,,,,18.022000122070313,,
2021-07-27,19.360000610351562,,,,17.948000335693358,,
2021-07-28,18.309999465942383,,,,18.028000259399413,,
2021-07-29,17.700000762939453,,,,18.030000305175783,,
2021-07-30,18.239999771118164,,,,18.238000106811523,,
2021-08-02,19.459999084472656,,,,18.613999938964845,,
2021-08-03,18.040000915527344,,,,18.35,,
2021-08-04,17.969999313354492,,,,18.28199996948242,,
2021-08-05,17.280000686645508,,,,18.197999954223633,,
2021-08-06,16.149999618530273,,,,17.779999923706054,,
2021-08-09,16.719999313354492,,,,17.231999969482423,,
2021-08-10,16.790000915527344,,,,16.981999969482423,,
2021-08-11,16.170000076293945,,,,16.62200012207031,,
2021-08-12,15.59000015258789,,,,16.28400001525879,,
2021-08-13,15.449999809265137,,,,16.14400005340576,,
2021-08-16,16.1200008392334,,,,16.024000358581542,,
2021-08-17,17.90999984741211,,,,16.248000144958496,,
2021-08-18,21.56999969482422,,,,17.32800006866455,,
2021-08-19,21.670000076293945,,,,18.54400005340576,,
2021-08-20,18.559999465942383,,,,19.165999984741212,,
2021-08-23,17.149999618530273,,,,19.371999740600586,,
2021-08-24,17.219999313354492,,,,19.23399963378906,,
2021-08-25,16.790000915527344,,,,18.277999877929688,,
2021-08-26,18.84000015258789,,,,17.711999893188477,,
2021-08-27,16.389999389648438,,,,17.277999877929688,,
2021-08-30,16.190000534057617,,,,17.086000061035158,,
2021-08-31,16.479999542236328,,,,16.938000106811522,,
2021-09-01,16.110000610351562,,,,16.802000045776367,,
2021-09-02,16.40999984741211,,,,16.31599998474121,,
2021-09-03,16.40999984741211,,,,16.320000076293944,,
2021-09-07,18.139999389648438,,,,16.70999984741211,,
2021-09-08,17.959999084472656,,,,17.005999755859374,,
2021-09-09,18.799999237060547,,,,17.543999481201173,,
2021-09-10,20.950000762939453,,,,18.45199966430664,,
2021-09-13,19.3700008392334,,,,19.043999862670898,,
2021-09-14,19.459999084472656,,,,19.30799980163574,,
2021-09-15,18.18000030517578,,,,19.352000045776368,,
2021-09-16,18.690000534057617,,,,19.33000030517578,,
2021-09-17,20.809999465942383,,,,19.302000045776367,,
2021-09-20,25.709999084472656,,,,20.56999969482422,,
2021-09-21,24.360000610351562,,,,21.55,,
2021-09-22,20.8700008392334,,,,22.088000106811524,,
2021-09-23,18.6299991607666,,,,22.07599983215332,,
2021-09-24,17.75,,,,21.463999938964843,,
2021-09-27,18.760000228881836,,,,20.07400016784668,,
2021-09-28,23.25,,,,19.852000045776368,,
2021-09-29,22.559999465942383,,,,20.189999771118163,,
2021-09-30,23.139999389648438,,,,21.091999816894532,,
2021-10-01,21.100000381469727,,,,21.761999893188477,,
2021-10-04,22.959999084472656,,,,22.60199966430664,,
2021-10-05,21.299999237060547,,,,22.21199951171875,,
2021-10-06,21.0,,,,21.899999618530273,,
2021-10-07,19.540000915527344,,,,21.179999923706056,,
2021-10-08,18.770000457763672,,,,20.713999938964843,,
2021-10-11,20.0,,,,20.12200012207031,,
2021-10-12,19.850000381469727,,,,19.83200035095215,,
2021-10-13,18.639999389648438,,,,19.360000228881837,,
2021-10-14,16.860000610351562,,,,18.82400016784668,,
2021-10-15,16.299999237060547,,,,18.329999923706055,,
2021-10-18,16.309999465942383,,,,17.591999816894532,,
2021-10-19,15.699999809265137,,,,16.761999702453615,,
2021-10-20,15.489999771118164,,,,16.13199977874756,,
2021-10-21,15.010000228881836,,,,15.761999702453613,,
2021-10-22,15.430000305175781,,,,15.58799991607666,,
2021-10-25,15.239999771118164,,,,15.373999977111817,,
2021-10-26,15.979999542236328,,,,15.429999923706054,,
2021-10-27,16.979999542236328,,,,15.727999877929687,,
2021-10-28,16.530000686645508,,,,16.03199996948242,,
2021-10-29,16.260000228881836,,,,16.197999954223633,,
2021-11-01,16.40999984741211,,,,16.431999969482423,,
2021-11-02,16.030000686645508,,,,16.44200019836426,,
2021-11-03,15.100000381469727,,,,16.066000366210936,,
2021-11-04,15.4399995803833,,,,15.848000144958496,,
2021-11-05,16.479999542236328,,,,15.892000007629395,,
2021-11-08,17.219999313354492,,,,16.05399990081787,,
2021-11-09,17.780000686645508,,,,16.403999900817873,,
2021-11-10,18.729999542236328,,,,17.129999732971193,,
2021-11-11,17.65999984741211,,,,17.57399978637695,,
2021-11-12,16.290000915527344,,,,17.536000061035157,,
2021-11-15,16.489999771118164,,,,17.39000015258789,,
2021-11-16,16.3700008392334,,,,17.108000183105467,,
2021-11-17,17.110000610351562,,,,16.784000396728516,,
2021-11-18,17.59000015258789,,,,16.770000457763672,,
2021-11-19,17.90999984741211,,,,17.094000244140624,,
2021-11-22,19.170000076293945,,,,17.63000030517578,,
2021-11-23,19.3799991607666,,,,18.231999969482423,,
2021-11-24,18.579999923706055,,,,18.52599983215332,,
2021-11-26,28.6200008392334,,,,20.731999969482423,,
2021-11-29,22.959999084472656,,,,21.74199981689453,,
2021-11-30,27.190000534057617,,,,23.345999908447265,,
2021-12-01,31.1200008392334,,,,25.694000244140625,,
2021-12-02,27.950000762939453,,,,27.568000411987306,,
2021-12-03,30.670000076293945,,,,27.978000259399415,,
2021-12-06,27.18000030517578,,,,28.82200050354004,,
2021-12-07,21.889999389648438,,,,27.762000274658202,,
2021-12-08,19.899999618530273,,,,25.518000030517577,,
2021-12-09,21.579999923706055,,,,24.243999862670897,,
2021-12-10,18.690000534057617,,,,21.84799995422363,,
2021-12-13,20.309999465942383,,,,20.473999786376954,,
2021-12-14,21.889999389648438,,,,20.473999786376954,,
2021-12-15,19.290000915527344,,,,20.352000045776368,,
2021-12-16,20.56999969482422,,,,20.15,,
2021-12-17,21.56999969482422,,,,20.72599983215332,,
2021-12-20,22.8700008392334,,,,21.238000106811523,,
2021-12-21,21.010000228881836,,,,21.062000274658203,,
2021-12-22,18.6299991607666,,,,20.929999923706056,,
2021-12-23,17.959999084472656,,,,20.407999801635743,,
2021-12-27,17.68000030517578,,,,19.629999923706055,,
2021-12-28,17.540000915527344,,,,18.563999938964844,,
2021-12-29,16.950000762939453,,,,17.752000045776366,,
2021-12-30,17.329999923706055,,,,17.49200019836426,,
2021-12-31,17.219999313354492,,,,17.344000244140624,,
2022-01-03,16.600000381469727,,,,17.128000259399414,,
2022-01-04,16.90999984741211,,,,17.002000045776366,,
2022-01-05,19.729999542236328,,,,17.55799980163574,,
2022-01-06,19.610000610351562,,,,18.013999938964844,,
2022-01-07,18.760000228881836,,,,18.322000122070314,,
2022-01-10,19.399999618530273,,,,18.881999969482422,,
2022-01-11,18.40999984741211,,,,19.181999969482423,,
2022-01-12,17.6200008392334,,,,18.760000228881836,,
2022-01-13,20.309999465942383,,,,18.9,,
2022-01-14,19.190000534057617,,,,18.986000061035156,,
2022-01-18,22.790000915527344,,,,19.66400032043457,,
2022-01-19,23.850000381469727,,,,20.752000427246095,,
2022-01-20,25.59000015258789,,,,22.346000289916994,,
2022-01-21,28.850000381469727,,,,24.054000473022462,,
2022-01-24,29.899999618530273,,,,26.19600028991699,,
2022-01-25,31.15999984741211,,,,27.870000076293945,,
2022-01-26,31.959999084472656,,,,29.49199981689453,,
2022-01-27,30.489999771118164,,,,30.471999740600587,,
2022-01-28,27.65999984741211,,,,30.23399963378906,,
2022-01-31,24.829999923706055,,,,29.219999694824217,,
2022-02-01,21.959999084472656,,,,27.379999542236327,,
2022-02-02,22.09000015258789,,,,25.405999755859376,,
2022-02-03,24.350000381469727,,,,24.177999877929686,,
2022-02-04,23.219999313354492,,,,23.289999771118165,,
2022-02-07,22.860000610351562,,,,22.895999908447266,,
2022-02-08,21.440000534057617,,,,22.792000198364256,,
2022-02-09,19.959999084472656,,,,22.36599998474121,,
2022-02-10,23.90999984741211,,,,22.277999877929688,,
2022-02-11,27.360000610351562,,,,23.1060001373291,,
2022-02-14,28.329999923706055,,,,24.2,,
2022-02-15,25.700000762939453,,,,25.052000045776367,,
2022-02-16,24.290000915527344,,,,25.918000411987304,,
2022-02-17,28.110000610351562,,,,26.758000564575195,,
2022-02-18,27.75,,,,26.836000442504883,,
2022-02-22,28.809999465942383,,,,26.932000350952148,,
2022-02-23,31.020000457763672,,,,27.996000289916992,,
2022-02-24,30.31999969482422,,,,29.202000045776366,,
2022-02-25,27.59000015258789,,,,29.09799995422363,,
2022-02-28,30.149999618530273,,,,29.577999877929688,,
2022-03-01,33.31999969482422,,,,30.479999923706053,,
2022-03-02,30.739999771118164,,,,30.423999786376953,,
2022-03-03,30.479999542236328,,,,30.455999755859374,,
2022-03-04,31.979999542236328,,,,31.333999633789062,,
2022-03-07,36.45000076293945,,,,32.5939998626709,,
2022-03-08,35.130001068115234,,,,32.9560001373291,,
2022-03-09,32.45000076293945,,,,33.29800033569336,,
2022-03-10,30.229999542236328,,,,33.24800033569336,,
2022-03-11,30.75,,,,33.002000427246095,,
2022-03-14,31.770000457763672,,,,32.066000366210936,,
2022-03-15,29.829999923706055,,,,31.006000137329103,,
2022-03-16,26.670000076293945,,,,29.85,,
2022-03-17,25.670000076293945,,,,28.938000106811522,,
2022-03-18,23.8700008392334,,,,27.562000274658203,,
2022-03-21,23.530000686645508,,,,25.91400032043457,,
2022-03-22,22.940000534057617,,,,24.536000442504882,,
2022-03-23,23.56999969482422,,,,23.916000366210938,,
2022-03-24,21.670000076293945,,,,23.116000366210937,,
2022-03-25,20.809999465942383,,,,22.504000091552733,,
2022-03-28,19.6299991607666,,,,21.723999786376954,,
2022-03-29,18.899999618530273,,,,20.915999603271484,,
2022-03-30,19.329999923706055,,,,20.067999649047852,,
2022-03-31,20.559999465942383,,,,19.84599952697754,,
2022-04-01,19.6299991607666,,,,19.609999465942384,,
2022-04-04,18.56999969482422,,,,19.397999572753907,,
2022-04-05,21.030000686645508,,,,19.82399978637695,,
2022-04-06,22.100000381469727,,,,20.37799987792969,,
2022-04-07,21.549999237060547,,,,20.57599983215332,,
2022-04-08,21.15999984741211,,,,20.881999969482422,,
2022-04-11,24.3700008392334,,,,22.042000198364256,,
2022-04-12,24.260000228881836,,,,22.688000106811522,,
2022-04-13,21.81999969482422,,,,22.631999969482422,,
2022-04-14,22.700000762939453,,,,22.862000274658204,,
2022-04-18,22.170000076293945,,,,23.06400032043457,,
2022-04-19,21.3700008392334,,,,22.46400032043457,,
2022-04-20,20.31999969482422,,,,21.67600021362305,,
2022-04-21,22.68000030517578,,,,21.84800033569336,,
2022-04-22,28.209999084472656,,,,22.95,,
2022-04-25,27.020000457763672,,,,23.920000076293945,,
2022-04-26,33.52000045776367,,,,26.35,,
2022-04-27,31.600000381469727,,,,28.6060001373291,,
2022-04-28,29.989999771118164,,,,30.068000030517577,,
2022-04-29,33.400001525878906,,,,31.10600051879883,,
2022-05-02,32.34000015258789,,,,32.17000045776367,,
2022-05-03,29.25,,,,31.316000366210936,,
2022-05-04,25.420000076293945,,,,30.08000030517578,,
2022-05-05,31.200000762939453,,,,30.32200050354004,,
2022-05-06,30.190000534057617,,,,29.68000030517578,,
2022-05-09,34.75,,,,30.162000274658205,,
2022-05-10,32.9900016784668,,,,30.910000610351563,,
2022-05-11,32.560001373291016,,,,32.33800086975098,,
2022-05-12,31.770000457763672,,,,32.45200080871582,,
2022-05-13,28.8700008392334,,,,32.18800086975098,,
2022-05-16,27.469999313354492,,,,30.732000732421874,,
2022-05-17,26.100000381469727,,,,29.35400047302246,,
2022-05-18,30.959999084472656,,,,29.03400001525879,,
2022-05-19,29.350000381469727,,,,28.55,,
2022-05-20,29.43000030517578,,,,28.661999893188476,,
2022-05-23,28.479999542236328,,,,28.863999938964845,,
2022-05-24,29.450000762939453,,,,29.53400001525879,,
2022-05-25,28.3700008392334,,,,29.01600036621094,,
2022-05-26,27.5,,,,28.64600028991699,,
2022-05-27,25.719999313354492,,,,27.904000091552735,,
2022-05-31,26.190000534057617,,,,27.44600028991699,,
2022-06-01,25.690000534057617,,,,26.694000244140625,,
2022-06-02,24.719999313354492,,,,25.963999938964843,,
2022-06-03,24.790000915527344,,,,25.422000122070312,,
2022-06-06,25.06999969482422,,,,25.292000198364256,,
2022-06-07,24.020000457763672,,,,24.858000183105467,,
2022-06-08,23.959999084472656,,,,24.511999893188477,,
2022-06-09,26.09000015258789,,,,24.786000061035157,,
2022-06-10,27.75,,,,25.37799987792969,,
2022-06-13,34.02000045776367,,,,27.16800003051758,,
2022-06-14,32.689998626708984,,,,28.90199966430664,,
2022-06-15,29.6200008392334,,,,30.03400001525879,,
2022-06-16,32.95000076293945,,,,31.4060001373291,,
2022-06-17,31.1299991607666,,,,32.081999969482425,,
2022-06-21,30.190000534057617,,,,31.31599998474121,,
2022-06-22,28.950000762939453,,,,30.568000411987306,,
2022-06-23,29.049999237060547,,,,30.454000091552736,,
2022-06-24,27.229999542236328,,,,29.309999847412108,,
2022-06-27,26.950000762939453,,,,28.47400016784668,,
2022-06-28,28.360000610351562,,,,28.108000183105467,,
2022-06-29,28.15999984741211,,,,27.95,,
2022-06-30,28.709999084472656,,,,27.881999969482422,,
2022-07-01,26.700000762939453,,,,27.776000213623046,,
2022-07-05,27.540000915527344,,,,27.894000244140624,,
2022-07-06,26.729999542236328,,,,27.568000030517577,,
2022-07-07,26.079999923706055,,,,27.15200004577637,,
2022-07-08,24.639999389648438,,,,26.338000106811524,,
2022-07-11,26.170000076293945,,,,26.231999969482423,,
2022-07-12,27.290000915527344,,,,26.181999969482423,,
2022-07-13,26.81999969482422,,,,26.2,,
2022-07-14,26.399999618530273,,,,26.263999938964844,,
2022-07-15,24.229999542236328,,,,26.181999969482423,,
2022-07-18,25.299999237060547,,,,26.00799980163574,,
2022-07-19,24.5,,,,25.449999618530274,,
2022-07-20,23.8799991607666,,,,24.86199951171875,,
2022-07-21,23.110000610351562,,,,24.203999710083007,,
2022-07-22,23.030000686645508,,,,23.963999938964843,,
2022-07-25,23.360000610351562,,,,23.576000213623047,,
2022-07-26,24.690000534057617,,,,23.61400032043457,,
2022-07-27,23.239999771118164,,,,23.48600044250488,,
2022-07-28,22.329999923706055,,,,23.33000030517578,,
2022-07-29,21.329999923706055,,,,22.99000015258789,,
2022-08-01,22.84000015258789,,,,22.886000061035155,,
2022-08-02,23.93000030517578,,,,22.73400001525879,,
2022-08-03,21.950000762939453,,,,22.476000213623045,,
2022-08-04,21.440000534057617,,,,22.29800033569336,,
2022-08-05,21.149999618530273,,,,22.262000274658202,,
2022-08-08,21.290000915527344,,,,21.952000427246094,,
2022-08-09,21.770000457763672,,,,21.520000457763672,,
2022-08-10,19.739999771118164,,,,21.078000259399413,,
2022-08-11,20.200000762939453,,,,20.83000030517578,,
2022-08-12,19.530000686645508,,,,20.506000518798828,,
2022-08-15,19.950000762939453,,,,20.23800048828125,,
2022-08-16,19.690000534057617,,,,19.82200050354004,,
2022-08-17,19.899999618530273,,,,19.85400047302246,,
2022-08-18,19.559999465942383,,,,19.726000213623045,,
2022-08-19,20.600000381469727,,,,19.940000152587892,,
2022-08-22,23.799999237060547,,,,20.70999984741211,,
2022-08-23,24.110000610351562,,,,21.5939998626709,,
2022-08-24,22.81999969482422,,,,22.177999877929686,,
2022-08-25,21.780000686645508,,,,22.62200012207031,,
2022-08-26,25.559999465942383,,,,23.613999938964845,,
2022-08-29,26.209999084472656,,,,24.095999908447265,,
2022-08-30,26.209999084472656,,,,24.515999603271485,,
2022-08-31,25.8700008392334,,,,25.12599983215332,,
2022-09-01,25.559999465942383,,,,25.881999588012697,,
2022-09-02,25.469999313354492,,,,25.863999557495116,,
2022-09-06,26.90999984741211,,,,26.003999710083008,,
2022-09-07,24.639999389648438,,,,25.689999771118163,,
2022-09-08,23.610000610351562,,,,25.237999725341798,,
2022-09-09,22.790000915527344,,,,24.68400001525879,,
2022-09-12,23.8700008392334,,,,24.36400032043457,,
2022-09-13,27.270000457763672,,,,24.436000442504884,,
2022-09-14,26.15999984741211,,,,24.740000534057618,,
2022-09-15,26.270000457763672,,,,25.27200050354004,,
2022-09-16,26.299999237060547,,,,25.97400016784668,,
2022-09-19,25.760000228881836,,,,26.352000045776368,,
2022-09-20,27.15999984741211,,,,26.329999923706055,,
2022-09-21,27.989999771118164,,,,26.695999908447266,,
2022-09-22,27.350000381469727,,,,26.911999893188476,,
2022-09-23,29.920000076293945,,,,27.636000061035155,,
2022-09-26,32.2599983215332,,,,28.93599967956543,,
2022-09-27,32.599998474121094,,,,30.023999404907226,,
2022-09-28,30.18000030517578,,,,30.46199951171875,,
2022-09-29,31.84000015258789,,,,31.359999465942384,,
2022-09-30,31.6200008392334,,,,31.699999618530274,,
2022-10-03,30.100000381469727,,,,31.268000030517577,,
2022-10-04,29.06999969482422,,,,30.562000274658203,,
2022-10-05,28.549999237060547,,,,30.236000061035156,,
2022-10-06,30.520000457763672,,,,29.972000122070312,,
2022-10-07,31.360000610351562,,,,29.920000076293945,,
2022-10-10,32.45000076293945,,,,30.39000015258789,,
2022-10-11,33.630001068115234,,,,31.302000427246092,,
2022-10-12,33.56999969482422,,,,32.306000518798825,,
2022-10-13,31.940000534057617,,,,32.590000534057616,,
2022-10-14,32.02000045776367,,,,32.72200050354004,,
2022-10-17,31.3700008392334,,,,32.50600051879883,,
2022-10-18,30.5,,,,31.88000030517578,,
2022-10-19,30.760000228881836,,,,31.318000411987306,,
2022-10-20,29.979999542236328,,,,30.92600021362305,,
2022-10-21,29.690000534057617,,,,30.460000228881835,,
2022-10-24,29.850000381469727,,,,30.1560001373291,,
2022-10-25,28.459999084472656,,,,29.747999954223634,,
2022-10-26,27.280000686645508,,,,29.052000045776367,,
2022-10-27,27.389999389648438,,,,28.53400001525879,,
2022-10-28,25.75,,,,27.745999908447267,,
2022-10-31,25.8799991607666,,,,26.95199966430664,,
2022-11-01,25.809999465942383,,,,26.421999740600587,,
2022-11-02,25.860000610351562,,,,26.137999725341796,,
2022-11-03,25.299999237060547,,,,25.719999694824217,,
2022-11-04,24.549999237060547,,,,25.479999542236328,,
2022-11-07,24.350000381469727,,,,25.173999786376953,,
2022-11-08,25.540000915527344,,,,25.120000076293945,,
2022-11-09,26.09000015258789,,,,25.165999984741212,,
2022-11-10,23.530000686645508,,,,24.812000274658203,,
2022-11-11,22.520000457763672,,,,24.406000518798827,,
2022-11-14,23.729999542236328,,,,24.28200035095215,,
2022-11-15,24.540000915527344,,,,24.08200035095215,,
2022-11-16,24.110000610351562,,,,23.686000442504884,,
2022-11-17,23.93000030517578,,,,23.76600036621094,,
2022-11-18,23.1200008392334,,,,23.886000442504884,,
2022-11-21,22.360000610351562,,,,23.61200065612793,,
2022-11-22,21.290000915527344,,,,22.96200065612793,,
2022-11-23,20.350000381469727,,,,22.210000610351564,,
2022-11-25,20.5,,,,21.524000549316405,,
2022-11-28,22.209999084472656,,,,21.342000198364257,,
2022-11-29,21.889999389648438,,,,21.247999954223634,,
2022-11-30,20.579999923706055,,,,21.105999755859376,,
2022-12-01,19.84000015258789,,,,21.003999710083008,,
2022-12-02,19.059999465942383,,,,20.715999603271484,,
2022-12-05,20.75,,,,20.423999786376953,,
2022-12-06,22.170000076293945,,,,20.479999923706053,,
2022-12-07,22.68000030517578,,,,20.9,,
2022-12-08,22.290000915527344,,,,21.39000015258789,,
2022-12-09,22.829999923706055,,,,22.144000244140624,,
2022-12-12,25.0,,,,22.994000244140626,,
2022-12-13,22.549999237060547,,,,23.070000076293944,,
2022-12-14,21.139999389648438,,,,22.761999893188477,,
2022-12-15,22.829999923706055,,,,22.86999969482422,,
2022-12-16,22.6200008392334,,,,22.827999877929688,,
2022-12-19,22.420000076293945,,,,22.311999893188478,,
2022-12-20,21.479999542236328,,,,22.09799995422363,,
2022-12-21,20.06999969482422,,,,21.88400001525879,,
2022-12-22,21.969999313354492,,,,21.711999893188477,,
2022-12-23,20.8700008392334,,,,21.361999893188475,,
2022-12-27,21.649999618530273,,,,21.207999801635744,,
2022-12-28,22.139999389648438,,,,21.339999771118165,,
2022-12-29,21.440000534057617,,,,21.613999938964845,,
2022-12-30,21.670000076293945,,,,21.554000091552734,,
2023-01-03,22.899999618530273,,,,21.95999984741211,,
2023-01-04,22.010000228881836,,,,22.03199996948242,,
2023-01-05,22.459999084472656,,,,22.095999908447265,,
2023-01-06,21.1299991607666,,,,22.033999633789062,,
2023-01-09,21.969999313354492,,,,22.093999481201173,,
2023-01-10,20.579999923706055,,,,21.629999542236327,,
2023-01-11,21.09000015258789,,,,21.445999526977538,,
2023-01-12,18.829999923706055,,,,20.719999694824217,,
2023-01-13,18.350000381469727,,,,20.163999938964842,,
2023-01-17,19.360000610351562,,,,19.642000198364258,,
2023-01-18,20.34000015258789,,,,19.594000244140624,,
2023-01-19,20.520000457763672,,,,19.480000305175782,,
2023-01-20,19.850000381469727,,,,19.684000396728514,,
2023-01-23,19.809999465942383,,,,19.976000213623045,,
2023-01-24,19.200000762939453,,,,19.944000244140625,,
2023-01-25,19.079999923706055,,,,19.69200019836426,,
2023-01-26,18.729999542236328,,,,19.334000015258788,,
2023-01-27,18.510000228881836,,,,19.06599998474121,,
2023-01-30,19.940000534057617,,,,19.092000198364257,,
2023-01-31,19.399999618530273,,,,19.131999969482422,,
2023-02-01,17.8700008392334,,,,18.89000015258789,,
2023-02-02,18.729999542236328,,,,18.89000015258789,,
2023-02-03,18.329999923706055,,,,18.854000091552734,,
2023-02-06,19.43000030517578,,,,18.752000045776366,,
2023-02-07,18.65999984741211,,,,18.604000091552734,,
2023-02-08,19.6299991607666,,,,18.955999755859374,,
2023-02-09,20.709999084472656,,,,19.35199966430664,,
2023-02-10,20.530000686645508,,,,19.79199981689453,,
2023-02-13,20.34000015258789,,,,19.973999786376954,,
2023-02-14,18.90999984741211,,,,20.023999786376955,,
2023-02-15,18.229999542236328,,,,19.743999862670897,,
2023-02-16,20.170000076293945,,,,19.636000061035155,,
2023-02-17,20.020000457763672,,,,19.53400001525879,,
2023-02-21,22.8700008392334,,,,20.04000015258789,,
2023-02-22,22.290000915527344,,,,20.716000366210938,,
2023-02-23,21.139999389648438,,,,21.29800033569336,,
2023-02-24,21.670000076293945,,,,21.59800033569336,,
2023-02-27,20.950000762939453,,,,21.784000396728516,,
2023-02-28,20.700000762939453,,,,21.350000381469727,,
2023-03-01,20.579999923706055,,,,21.00800018310547,,
2023-03-02,19.59000015258789,,,,20.698000335693358,,
2023-03-03,18.489999771118164,,,,20.062000274658203,,
2023-03-06,18.610000610351562,,,,19.594000244140624,,
2023-03-07,19.59000015258789,,,,19.37200012207031,,
2023-03-08,19.110000610351562,,,,19.078000259399413,,
2023-03-09,22.610000610351562,,,,19.682000350952148,,
2023-03-10,24.799999237060547,,,,20.944000244140625,,
2023-03-13,26.520000457763672,,,,22.526000213623046,,
2023-03-14,23.729999542236328,,,,23.354000091552734,,
2023-03-15,26.139999389648438,,,,24.75999984741211,,
2023-03-16,22.989999771118164,,,,24.83599967956543,,
2023-03-17,25.510000228881836,,,,24.977999877929687,,
2023-03-20,24.149999618530273,,,,24.503999710083008,,
2023-03-21,21.3799991607666,,,,24.033999633789062,,
2023-03-22,22.260000228881836,,,,23.25799980163574,,
2023-03-23,22.610000610351562,,,,23.181999969482423,,
2023-03-24,21.739999771118164,,,,22.427999877929686,,
2023-03-27,20.600000381469727,,,,21.71800003051758,,
2023-03-28,19.969999313354492,,,,21.436000061035156,,
2023-03-29,19.1200008392334,,,,20.80800018310547,,
2023-03-30,19.020000457763672,,,,20.09000015258789,,
2023-03-31,18.700000762939453,,,,19.48200035095215,,
2023-04-03,18.549999237060547,,,,19.072000122070314,,
2023-04-04,19.0,,,,18.878000259399414,,
2023-04-05,19.079999923706055,,,,18.870000076293945,,
2023-04-06,18.399999618530273,,,,18.745999908447267,,
2023-04-10,18.969999313354492,,,,18.799999618530272,,
2023-04-11,19.100000381469727,,,,18.90999984741211,,
2023-04-12,19.09000015258789,,,,18.927999877929686,,
2023-04-13,17.799999237060547,,,,18.671999740600587,,
2023-04-14,17.06999969482422,,,,18.405999755859376,,
2023-04-17,16.950000762939453,,,,18.002000045776366,,
2023-04-18,16.829999923706055,,,,17.547999954223634,,
2023-04-19,16.459999084472656,,,,17.021999740600585,,
2023-04-20,17.170000076293945,,,,16.895999908447266,,
2023-04-21,16.770000457763672,,,,16.836000061035158,,
2023-04-24,16.889999389648438,,,,16.82399978637695,,
2023-04-25,18.760000228881836,,,,17.20999984741211,,
2023-04-26,18.84000015258789,,,,17.686000061035156,,
2023-04-27,17.030000686645508,,,,17.658000183105468,,
2023-04-28,15.779999732971191,,,,17.460000038146973,,
2023-05-01,16.079999923706055,,,,17.298000144958497,,
2023-05-02,17.780000686645508,,,,17.10200023651123,,
2023-05-03,18.34000015258789,,,,17.00200023651123,,
2023-05-04,20.09000015258789,,,,17.614000129699708,,
2023-05-05,17.190000534057617,,,,17.89600028991699,,
2023-05-08,16.979999542236328,,,,18.076000213623047,,
2023-05-09,17.709999084472656,,,,18.061999893188478,,
2023-05-10,16.940000534057617,,,,17.78199996948242,,
2023-05-11,16.93000030517578,,,,17.15,,
2023-05-12,17.030000686645508,,,,17.118000030517578,,
2023-05-15,17.1200008392334,,,,17.14600028991699,,
2023-05-16,17.989999771118164,,,,17.202000427246094,,
2023-05-17,16.8700008392334,,,,17.18800048828125,,
2023-05-18,16.049999237060547,,,,17.012000274658202,,
2023-05-19,16.809999465942383,,,,16.96800003051758,,
2023-05-22,17.209999084472656,,,,16.98599967956543,,
2023-05-23,18.530000686645508,,,,17.0939998626709,,
2023-05-24,20.030000686645508,,,,17.72599983215332,,
2023-05-25,19.139999389648438,,,,18.3439998626709,,
2023-05-26,17.950000762939453,,,,18.572000122070314,,
2023-05-30,17.459999084472656,,,,18.62200012207031,,
2023-05-31,17.940000534057617,,,,18.504000091552733,,
2023-06-01,15.649999618530273,,,,17.62799987792969,,
2023-06-02,14.600000381469727,,,,16.720000076293946,,
2023-06-05,14.729999542236328,,,,16.07599983215332,,
2023-06-06,13.960000038146973,,,,15.376000022888183,,
2023-06-07,13.9399995803833,,,,14.57599983215332,,
2023-06-08,13.649999618530273,,,,14.17599983215332,,
2023-06-09,13.829999923706055,,,,14.021999740600586,,
2023-06-12,15.010000228881836,,,,14.077999877929688,,
2023-06-13,14.609999656677246,,,,14.207999801635742,,
2023-06-14,13.880000114440918,,,,14.195999908447266,,
2023-06-15,14.5,,,,14.365999984741212,,
2023-06-16,13.539999961853027,,,,14.307999992370606,,
2023-06-20,13.880000114440918,,,,14.081999969482421,,
2023-06-21,13.199999809265137,,,,13.8,,
2023-06-22,12.90999984741211,,,,13.605999946594238,,
2023-06-23,13.4399995803833,,,,13.3939998626709,,
2023-06-26,14.25,,,,13.535999870300293,,
2023-06-27,13.739999771118164,,,,13.507999801635743,,
2023-06-28,13.430000305175781,,,,13.553999900817871,,
2023-06-29,13.539999961853027,,,,13.679999923706054,,
2023-06-30,13.59000015258789,,,,13.710000038146973,,
2023-07-03,13.569999694824219,,,,13.573999977111816,,
2023-07-05,14.180000305175781,,,,13.66200008392334,,
2023-07-06,15.4399995803833,,,,14.063999938964844,,
2023-07-07,14.829999923706055,,,,14.32199993133545,,
2023-07-10,15.069999694824219,,,,14.617999839782716,,
2023-07-11,14.84000015258789,,,,14.871999931335449,,
2023-07-12,13.539999961853027,,,,14.743999862670899,,
2023-07-13,13.609999656677246,,,,14.377999877929687,,
2023-07-14,13.34000015258789,,,,14.079999923706055,,
2023-07-17,13.479999542236328,,,,13.761999893188477,,
2023-07-18,13.300000190734863,,,,13.453999900817871,,
2023-07-19,13.760000228881836,,,,13.497999954223634,,
2023-07-20,13.989999771118164,,,,13.573999977111816,,
2023-07-21,13.600000381469727,,,,13.626000022888183,,
2023-07-24,13.90999984741211,,,,13.71200008392334,,
2023-07-25,13.859999656677246,,,,13.823999977111816,,
2023-07-26,13.1899995803833,,,,13.70999984741211,,
2023-07-27,14.40999984741211,,,,13.793999862670898,,
2023-07-28,13.329999923706055,,,,13.739999771118164,,
2023-07-31,13.630000114440918,,,,13.683999824523926,,
2023-08-01,13.930000305175781,,,,13.697999954223633,,
2023-08-02,16.09000015258789,,,,14.27800006866455,,
2023-08-03,15.920000076293945,,,,14.580000114440917,,
2023-08-04,17.100000381469727,,,,15.334000205993652,,
2023-08-07,15.770000457763672,,,,15.762000274658202,,
2023-08-08,15.989999771118164,,,,16.17400016784668,,
2023-08-09,15.960000038146973,,,,16.148000144958495,,
2023-08-10,15.850000381469727,,,,16.13400020599365,,
2023-08-11,14.84000015258789,,,,15.682000160217285,,
2023-08-14,14.819999694824219,,,,15.492000007629395,,
2023-08-15,16.459999084472656,,,,15.585999870300293,,
2023-08-16,16.780000686645508,,,,15.75,,
2023-08-17,17.889999389648438,,,,16.157999801635743,,
2023-08-18,17.299999237060547,,,,16.649999618530273,,
2023-08-21,17.1299991607666,,,,17.11199951171875,,
2023-08-22,16.969999313354492,,,,17.213999557495118,,
2023-08-23,15.979999542236328,,,,17.05399932861328,,
2023-08-24,17.200000762939453,,,,16.915999603271484,,
2023-08-25,15.680000305175781,,,,16.591999816894532,,
2023-08-28,15.079999923706055,,,,16.181999969482423,,
2023-08-29,14.449999809265137,,,,15.67800006866455,,
2023-08-30,13.880000114440918,,,,15.25800018310547,,
2023-08-31,13.569999694824219,,,,14.531999969482422,,
2023-09-01,13.09000015258789,,,,14.013999938964844,,
2023-09-05,14.010000228881836,,,,13.8,,
2023-09-06,14.449999809265137,,,,13.8,,
2023-09-07,14.399999618530273,,,,13.90399990081787,,
2023-09-08,13.84000015258789,,,,13.957999992370606,,
2023-09-11,13.800000190734863,,,,14.1,,
2023-09-12,14.229999542236328,,,,14.1439998626709,,
2023-09-13,13.479999542236328,,,,13.949999809265137,,
2023-09-14,12.819999694824219,,,,13.633999824523926,,
2023-09-15,13.789999961853027,,,,13.623999786376952,,
2023-09-18,14.0,,,,13.66399974822998,,
2023-09-19,14.109999656677246,,,,13.639999771118164,,
2023-09-20,15.140000343322754,,,,13.97199993133545,,
2023-09-21,17.540000915527344,,,,14.916000175476075,,
2023-09-22,17.200000762939453,,,,15.59800033569336,,
2023-09-25,16.899999618530273,,,,16.178000259399415,,
2023-09-26,18.940000534057617,,,,17.144000434875487,,
2023-09-27,18.219999313354492,,,,17.760000228881836,,
2023-09-28,17.34000015258789,,,,17.720000076293946,,
2023-09-29,17.520000457763672,,,,17.78400001525879,,
2023-10-02,17.610000610351562,,,,17.92600021362305,,
2023-10-03,19.780000686645508,,,,18.094000244140624,,
2023-10-04,18.579999923706055,,,,18.166000366210938,,
2023-10-05,18.489999771118164,,,,18.39600028991699,,
2023-10-06,17.450000762939453,,,,18.382000350952147,,
2023-10-09,17.700000762939453,,,,18.400000381469727,,
2023-10-10,17.030000686645508,,,,17.850000381469727,,
2023-10-11,16.09000015258789,,,,17.352000427246093,,
2023-10-12,16.690000534057617,,,,16.992000579833984,,
2023-10-13,19.31999969482422,,,,17.366000366210937,,
2023-10-16,17.209999084472656,,,,17.268000030517577,,
2023-10-17,17.8799991607666,,,,17.437999725341797,,
2023-10-18,19.219999313354492,,,,18.063999557495116,,
2023-10-19,21.399999618530273,,,,19.00599937438965,,
2023-10-20,21.709999084472656,,,,19.483999252319336,,
2023-10-23,20.3700008392334,,,,20.115999603271483,,
2023-10-24,18.969999313354492,,,,20.333999633789062,,
2023-10-25,20.190000534057617,,,,20.527999877929688,,
2023-10-26,20.68000030517578,,,,20.38400001525879,,
2023-10-27,21.270000457763672,,,,20.296000289916993,,
2023-10-30,19.75,,,,20.172000122070312,,
2023-10-31,18.139999389648438,,,,20.006000137329103,,
2023-11-01,16.8700008392334,,,,19.342000198364257,,
2023-11-02,15.65999984741211,,,,18.338000106811524,,
2023-11-03,14.90999984741211,,,,17.06599998474121,,
2023-11-06,14.890000343322754,,,,16.09400005340576,,
2023-11-07,14.8100004196167,,,,15.428000259399415,,
2023-11-08,14.449999809265137,,,,14.944000053405762,,
2023-11-09,15.289999961853027,,,,14.870000076293945,,
2023-11-10,14.170000076293945,,,,14.722000122070312,,
2023-11-13,14.760000228881836,,,,14.696000099182129,,
2023-11-14,14.15999984741211,,,,14.565999984741211,,
2023-11-15,14.180000305175781,,,,14.51200008392334,,
2023-11-16,14.319999694824219,,,,14.318000030517577,,
2023-11-17,13.800000190734863,,,,14.244000053405761,,
2023-11-20,13.40999984741211,,,,13.973999977111816,,
2023-11-21,13.350000381469727,,,,13.81200008392334,,
2023-11-22,12.850000381469727,,,,13.546000099182129,,
2023-11-24,12.460000038146973,,,,13.17400016784668,,
2023-11-27,12.6899995803833,,,,12.952000045776368,,
2023-11-28,12.6899995803833,,,,12.807999992370606,,
2023-11-29,12.979999542236328,,,,12.733999824523925,,
2023-11-30,12.920000076293945,,,,12.74799976348877,,
2023-12-01,12.630000114440918,,,,12.781999778747558,,
2023-12-04,13.079999923706055,,,,12.859999847412109,,
2023-12-05,12.850000381469727,,,,12.892000007629395,,
2023-12-06,12.970000267028809,,,,12.890000152587891,,
2023-12-07,13.0600004196167,,,,12.918000221252441,,
2023-12-08,12.350000381469727,,,,12.862000274658204,,
2023-12-11,12.630000114440918,,,,12.772000312805176,,
2023-12-12,12.069999694824219,,,,12.616000175476074,,
2023-12-13,12.1899995803833,,,,12.460000038146973,,
2023-12-14,12.479999542236328,,,,12.343999862670898,,
2023-12-15,12.279999732971191,,,,12.329999732971192,,
2023-12-18,12.5600004196167,,,,12.315999794006348,,
2023-12-19,12.529999732971191,,,,12.407999801635743,,
2023-12-20,13.670000076293945,,,,12.703999900817871,,
2023-12-21,13.649999618530273,,,,12.93799991607666,,
2023-12-22,13.029999732971191,,,,13.08799991607666,,
2023-12-26,12.989999771118164,,,,13.173999786376953,,
2023-12-27,12.430000305175781,,,,13.15399990081787,,
2023-12-28,12.470000267028809,,,,12.913999938964844,,
2023-12-29,12.449999809265137,,,,12.673999977111816,,
2024-01-02,13.199999809265137,,,,12.707999992370606,,
2024-01-03,14.039999961853027,,,,12.918000030517579,,
2024-01-04,14.130000114440918,,,,13.257999992370605,,
2024-01-05,13.350000381469727,,,,13.434000015258789,,
2024-01-08,13.079999923706055,,,,13.560000038146972,,
2024-01-09,12.760000228881836,,,,13.472000122070312,,
2024-01-10,12.6899995803833,,,,13.202000045776368,,
2024-01-11,12.4399995803833,,,,12.863999938964843,,
2024-01-12,12.699999809265137,,,,12.733999824523925,,
2024-01-16,13.84000015258789,,,,12.885999870300292,,
2024-01-17,14.789999961853027,,,,13.291999816894531,,
2024-01-18,14.130000114440918,,,,13.579999923706055,,
2024-01-19,13.300000190734863,,,,13.752000045776366,,
2024-01-22,13.1899995803833,,,,13.85,,
2024-01-23,12.550000190734863,,,,13.592000007629395,,
2024-01-24,13.140000343322754,,,,13.26200008392334,,
2024-01-25,13.449999809265137,,,,13.126000022888183,,
2024-01-26,13.260000228881836,,,,13.118000030517578,,
2024-01-29,13.600000381469727,,,,13.200000190734864,,
2024-01-30,13.3100004196167,,,,13.35200023651123,,
2024-01-31,14.350000381469727,,,,13.594000244140625,,
2024-02-01,13.880000114440918,,,,13.680000305175781,,
2024-02-02,13.850000381469727,,,,13.79800033569336,,
2024-02-05,13.670000076293945,,,,13.812000274658203,,
2024-02-06,13.0600004196167,,,,13.762000274658202,,
2024-02-07,12.829999923706055,,,,13.458000183105469,,
2024-02-08,12.789999961853027,,,,13.240000152587891,,
2024-02-09,12.930000305175781,,,,13.056000137329102,,
2024-02-12,13.930000305175781,,,,13.108000183105469,,
2024-02-13,15.850000381469727,,,,13.666000175476075,,
2024-02-14,14.380000114440918,,,,13.976000213623047,,
2024-02-15,14.010000228881836,,,,14.220000267028809,,
2024-02-16,14.239999771118164,,,,14.482000160217286,,
2024-02-20,15.420000076293945,,,,14.780000114440918,,
2024-02-21,15.34000015258789,,,,14.67800006866455,,
2024-02-22,14.539999961853027,,,,14.710000038146973,,
2024-02-23,13.75,,,,14.657999992370605,,
2024-02-26,13.739999771118164,,,,14.557999992370606,,
2024-02-27,13.430000305175781,,,,14.160000038146972,,
2024-02-28,13.84000015258789,,,,13.860000038146973,,
2024-02-29,13.399999618530273,,,,13.631999969482422,,
2024-03-01,13.109999656677246,,,,13.50399990081787,,
2024-03-04,13.489999771118164,,,,13.453999900817871,,
2024-03-05,14.460000038146973,,,,13.65999984741211,,
2024-03-06,14.5,,,,13.791999816894531,,
2024-03-07,14.4399995803833,,,,13.999999809265137,,
2024-03-08,14.739999771118164,,,,14.32599983215332,,
2024-03-11,15.220000267028809,,,,14.67199993133545,,
2024-03-12,13.84000015258789,,,,14.547999954223632,,
2024-03-13,13.75,,,,14.397999954223632,,
2024-03-14,14.399999618530273,,,,14.389999961853027,,
2024-03-15,14.40999984741211,,,,14.323999977111816,,
2024-03-18,14.329999923706055,,,,14.145999908447266,,
2024-03-19,13.819999694824219,,,,14.141999816894531,,
2024-03-20,13.039999961853027,,,,13.999999809265137,,
2024-03-21,12.920000076293945,,,,13.703999900817871,,
2024-03-22,13.0600004196167,,,,13.434000015258789,,
2024-03-25,13.1899995803833,,,,13.205999946594238,,
2024-03-26,13.239999771118164,,,,13.089999961853028,,
2024-03-27,12.779999732971191,,,,13.03799991607666,,
2024-03-28,13.010000228881836,,,,13.055999946594238,,
2024-04-01,13.649999618530273,,,,13.173999786376953,,
2024-04-02,14.609999656677246,,,,13.457999801635742,,
2024-04-03,14.329999923706055,,,,13.67599983215332,,
2024-04-04,16.350000381469727,,,,14.389999961853027,,
2024-04-05,16.030000686645508,,,,14.994000053405761,,
2024-04-08,15.1899995803833,,,,15.302000045776367,,
2024-04-09,14.979999542236328,,,,15.376000022888183,,
2024-04-10,15.800000190734863,,,,15.670000076293945,,
2024-04-11,14.90999984741211,,,,15.381999969482422,,
2024-04-12,17.309999465942383,,,,15.637999725341796,,
2024-04-15,19.229999542236328,,,,16.445999717712404,,
2024-04-16,18.399999618530273,,,,17.129999732971193,,
2024-04-17,18.209999084472656,,,,17.61199951171875,,
2024-04-18,18.0,,,,18.229999542236328,,
2024-04-19,18.709999084472656,,,,18.509999465942382,,
2024-04-22,16.940000534057617,,,,18.051999664306642,,
2024-04-23,15.6899995803833,,,,17.509999656677245,,
2024-04-24,15.970000267028809,,,,17.061999893188478,,
2024-04-25,15.369999885559082,,,,16.535999870300294,,
2024-04-26,15.029999732971191,,,,15.8,,
2024-04-29,14.670000076293945,,,,15.345999908447265,,
2024-04-30,15.649999618530273,,,,15.33799991607666,,
2024-05-01,15.390000343322754,,,,15.22199993133545,,
2024-05-02,14.680000305175781,,,,15.08400001525879,,
2024-05-03,13.489999771118164,,,,14.776000022888184,,
2024-05-06,13.489999771118164,,,,14.539999961853027,,
2024-05-07,13.229999542236328,,,,14.055999946594238,,
2024-05-08,13.0,,,,13.577999877929688,,
2024-05-09,12.6899995803833,,,,13.179999732971192,,
2024-05-10,12.550000190734863,,,,12.99199981689453,,
2024-05-13,13.600000381469727,,,,13.013999938964844,,
2024-05-14,13.420000076293945,,,,13.052000045776367,,
2024-05-15,12.449999809265137,,,,12.942000007629394,,
2024-05-16,12.420000076293945,,,,12.888000106811523,,
2024-05-17,11.989999771118164,,,,12.776000022888184,,
2024-05-20,12.149999618530273,,,,12.485999870300294,,
2024-05-21,11.859999656677246,,,,12.173999786376953,,
2024-05-22,12.289999961853027,,,,12.141999816894531,,
2024-05-23,12.770000457763672,,,,12.211999893188477,,
2024-05-24,11.930000305175781,,,,12.2,,
2024-05-28,12.920000076293945,,,,12.354000091552734,,
2024-05-29,14.279999732971191,,,,12.838000106811524,,
2024-05-30,14.470000267028809,,,,13.27400016784668,,
2024-05-31,12.920000076293945,,,,13.304000091552734,,
2024-06-03,13.109999656677246,,,,13.539999961853027,,
2024-06-04,13.15999984741211,,,,13.58799991607666,,
2024-06-05,12.630000114440918,,,,13.257999992370605,,
2024-06-06,12.579999923706055,,,,12.879999923706055,,
2024-06-07,12.220000267028809,,,,12.739999961853027,,
2024-06-10,12.739999771118164,,,,12.66599998474121,,
2024-06-11,12.850000381469727,,,,12.604000091552734,,
2024-06-12,12.039999961853027,,,,12.486000061035156,,
2024-06-13,11.9399995803833,,,,12.357999992370605,,
2024-06-14,12.65999984741211,,,,12.445999908447266,,
2024-06-17,12.75,,,,12.447999954223633,,
2024-06-18,12.300000190734863,,,,12.33799991607666,,
2024-06-20,13.279999732971191,,,,12.585999870300293,,
2024-06-21,13.199999809265137,,,,12.83799991607666,,
2024-06-24,13.329999923706055,,,,12.97199993133545,,
2024-06-25,12.84000015258789,,,,12.989999961853027,,
2024-06-26,12.550000190734863,,,,13.039999961853027,,
2024-06-27,12.239999771118164,,,,12.831999969482421,,
2024-06-28,12.4399995803833,,,,12.679999923706054,,
2024-07-01,12.220000267028809,,,,12.457999992370606,,
2024-07-02,12.029999732971191,,,,12.295999908447266,,
2024-07-03,12.09000015258789,,,,12.203999900817871,,
2024-07-05,12.479999542236328,,,,12.251999855041504,,
2024-07-08,12.369999885559082,,,,12.23799991607666,,
2024-07-09,12.510000228881836,,,,12.295999908447266,,
2024-07-10,12.850000381469727,,,,12.460000038146973,,
2024-07-11,12.920000076293945,,,,12.626000022888183,,
2024-07-12,12.460000038146973,,,,12.622000122070313,,
2024-07-15,13.119999885559082,,,,12.772000122070313,,
2024-07-16,13.1899995803833,,,,12.907999992370605,,
2024-07-17,14.479999542236328,,,,13.233999824523925,,
2024-07-18,15.930000305175781,,,,13.835999870300293,,
2024-07-19,16.520000457763672,,,,14.647999954223632,,
2024-07-22,14.90999984741211,,,,15.005999946594239,,
2024-07-23,14.720000267028809,,,,15.31200008392334,,
2024-07-24,18.040000915527344,,,,16.024000358581542,,
2024-07-25,18.459999084472656,,,,16.530000114440917,,
2024-07-26,16.389999389648438,,,,16.50399990081787,,
2024-07-29,16.600000381469727,,,,16.842000007629395,,
2024-07-30,17.690000534057617,,,,17.436000061035156,,
2024-07-31,16.360000610351562,,,,17.1,,
2024-08-01,18.59000015258789,,,,17.126000213623048,,
2024-08-02,23.389999389648438,,,,18.526000213623046,,
2024-08-05,38.56999969482422,,,,22.920000076293945,,
2024-08-06,27.709999084472656,,,,24.923999786376953,,
2024-08-07,27.850000381469727,,,,27.221999740600587,,
2024-08-08,23.790000915527344,,,,28.261999893188477,,
2024-08-09,20.3700008392334,,,,27.658000183105468,,
2024-08-12,20.709999084472656,,,,24.086000061035158,,
2024-08-13,18.1200008392334,,,,22.168000411987304,,
2024-08-14,16.190000534057617,,,,19.836000442504883,,
2024-08-15,15.229999542236328,,,,18.12400016784668,,
2024-08-16,14.800000190734863,,,,17.010000038146973,,
2024-08-19,14.649999618530273,,,,15.798000144958497,,
2024-08-20,15.880000114440918,,,,15.35,,
2024-08-21,16.270000457763672,,,,15.365999984741212,,
2024-08-22,17.549999237060547,,,,15.829999923706055,,
2024-08-23,15.859999656677246,,,,16.04199981689453,,
2024-08-26,16.149999618530273,,,,16.341999816894532,,
2024-08-27,15.430000305175781,,,,16.251999855041504,,
2024-08-28,17.110000610351562,,,,16.419999885559083,,
2024-08-29,15.649999618530273,,,,16.039999961853027,,
2024-08-30,15.0,,,,15.868000030517578,,
2024-09-03,20.719999313354492,,,,16.78199996948242,,
2024-09-04,21.31999969482422,,,,17.95999984741211,,
2024-09-05,19.899999618530273,,,,18.51799964904785,,
2024-09-06,22.3799991607666,,,,19.863999557495116,,
2024-09-09,19.450000762939453,,,,20.753999710083008,,
2024-09-10,19.079999923706055,,,,20.42599983215332,,
2024-09-11,17.690000534057617,,,,19.7,,
2024-09-12,17.06999969482422,,,,19.13400001525879,,
2024-09-13,16.559999465942383,,,,17.970000076293946,,
2024-09-16,17.139999389648438,,,,17.50799980163574,,
2024-09-17,17.610000610351562,,,,17.213999938964843,,
2024-09-18,18.229999542236328,,,,17.321999740600585,,
2024-09-19,16.329999923706055,,,,17.173999786376953,,
2024-09-20,16.149999618530273,,,,17.091999816894532,,
2024-09-23,15.890000343322754,,,,16.842000007629395,,
2024-09-24,15.390000343322754,,,,16.397999954223632,,
2024-09-25,15.40999984741211,,,,15.83400001525879,,
2024-09-26,15.369999885559082,,,,15.642000007629395,,
2024-09-27,16.959999084472656,,,,15.803999900817871,,
2024-09-30,16.729999542236328,,,,15.971999740600586,,
2024-10-01,19.260000228881836,,,,16.7459997177124,,
2024-10-02,18.899999618530273,,,,17.443999671936034,,
2024-10-03,20.489999771118164,,,,18.46799964904785,,
2024-10-04,19.209999084472656,,,,18.91799964904785,,
2024-10-07,22.639999389648438,,,,20.099999618530273,,
2024-10-08,21.420000076293945,,,,20.531999588012695,,
2024-10-09,20.860000610351562,,,,20.923999786376953,,
2024-10-10,20.93000030517578,,,,21.011999893188477,,
2024-10-11,20.459999084472656,,,,21.261999893188477,,
2024-10-14,19.700000762939453,,,,20.67400016784668,,
2024-10-15,20.639999389648438,,,,20.518000030517577,,
2024-10-16,19.579999923706055,,,,20.261999893188477,,
2024-10-17,19.110000610351562,,,,19.897999954223632,,
2024-10-18,18.030000686645508,,,,19.412000274658205,,
2024-10-21,18.3700008392334,,,,19.14600028991699,,
2024-10-22,18.200000762939453,,,,18.658000564575197,,
2024-10-23,19.239999771118164,,,,18.590000534057616,,
2024-10-24,19.079999923706055,,,,18.584000396728516,,
2024-10-25,20.329999923706055,,,,19.044000244140626,,
2024-10-28,19.799999237060547,,,,19.329999923706055,,
2024-10-29,19.34000015258789,,,,19.55799980163574,,
2024-10-30,20.350000381469727,,,,19.779999923706054,,
2024-10-31,23.15999984741211,,,,20.595999908447265,,
2024-11-01,21.8799991607666,,,,20.905999755859376,,
2024-11-04,21.979999542236328,,,,21.341999816894532,,
2024-11-05,20.489999771118164,,,,21.571999740600585,,
2024-11-06,16.270000457763672,,,,20.755999755859374,,
2024-11-07,15.199999809265137,,,,19.16399974822998,,
2024-11-08,14.9399995803833,,,,17.77599983215332,,
2024-11-11,14.970000267028809,,,,16.373999977111815,,
2024-11-12,14.710000038146973,,,,15.218000030517578,,
2024-11-13,14.020000457763672,,,,14.768000030517578,,
2024-11-14,14.3100004196167,,,,14.59000015258789,,
2024-11-15,16.139999389648438,,,,14.830000114440917,,
2024-11-18,15.579999923706055,,,,14.952000045776368,,
2024-11-19,16.350000381469727,,,,15.280000114440918,,
2024-11-20,17.15999984741211,,,,15.907999992370605,,
2024-11-21,16.8700008392334,,,,16.420000076293945,,
2024-11-22,15.239999771118164,,,,16.24000015258789,,
2024-11-25,14.600000381469727,,,,16.044000244140626,,
2024-11-26,14.100000381469727,,,,15.594000244140625,,
2024-11-27,14.100000381469727,,,,14.982000350952148,,
2024-11-29,13.510000228881836,,,,14.310000228881837,,
2024-12-02,13.34000015258789,,,,13.930000305175781,,
2024-12-03,13.300000190734863,,,,13.670000267028808,,
2024-12-04,13.449999809265137,,,,13.54000015258789,,
2024-12-05,13.539999961853027,,,,13.42800006866455,,
2024-12-06,12.770000457763672,,,,13.280000114440918,,
2024-12-09,14.1899995803833,,,,13.45,,
2024-12-10,14.180000305175781,,,,13.626000022888183,,
2024-12-11,13.579999923706055,,,,13.652000045776367,,
2024-12-12,13.920000076293945,,,,13.728000068664551,,
2024-12-13,13.8100004196167,,,,13.936000061035156,,
2024-12-16,14.6899995803833,,,,14.036000061035157,,
2024-12-17,15.869999885559082,,,,14.373999977111817,,
2024-12-18,27.6200008392334,,,,17.182000160217285,,
2024-12-19,24.09000015258789,,,,19.216000175476076,,
2024-12-20,18.360000610351562,,,,20.126000213623048,,
2024-12-23,16.780000686645508,,,,20.54400043487549,,
2024-12-24,14.270000457763672,,,,20.224000549316408,,
2024-12-26,14.729999542236328,,,,17.64600028991699,,
2024-12-27,15.949999809265137,,,,16.018000221252443,,
2024-12-30,17.399999618530273,,,,15.826000022888184,,
2024-12-31,17.350000381469727,,,,15.939999961853028,,
2025-01-02,17.93000030517578,,,,16.67199993133545,,
2025-01-03,16.1299991607666,,,,16.951999855041503,,
2025-01-06,16.040000915527344,,,,16.970000076293946,,
2025-01-07,17.81999969482422,,,,17.054000091552734,,
2025-01-08,17.700000762939453,,,,17.12400016784668,,
2025-01-10,19.540000915527344,,,,17.44600028991699,,
2025-01-13,19.190000534057617,,,,18.058000564575195,,
2025-01-14,18.709999084472656,,,,18.592000198364257,,
2025-01-15,16.1200008392334,,,,18.252000427246095,,
2025-01-16,16.600000381469727,,,,18.03200035095215,,
2025-01-17,15.970000267028809,,,,17.31800022125244,,
2025-01-21,15.0600004196167,,,,16.49200019836426,,
2025-01-22,15.100000381469727,,,,15.770000457763672,,
2025-01-23,15.020000457763672,,,,15.550000381469726,,
2025-01-24,14.850000381469727,,,,15.200000381469726,,
2025-01-27,17.899999618530273,,,,15.58600025177002,,
2025-01-28,16.40999984741211,,,,15.8560001373291,,
2025-01-29,16.559999465942383,,,,16.147999954223632,,
2025-01-30,15.84000015258789,,,,16.311999893188478,,
2025-01-31,16.43000030517578,,,,16.62799987792969,,
2025-02-03,18.6200008392334,,,,16.772000122070313,,
2025-02-04,17.209999084472656,,,,16.931999969482423,,
2025-02-05,15.770000457763672,,,,16.77400016784668,,
2025-02-06,15.5,,,,16.706000137329102,,
2025-02-07,16.540000915527344,,,,16.728000259399415,,
2025-02-10,15.8100004196167,,,,16.166000175476075,,
2025-02-11,16.020000457763672,,,,15.928000450134277,,
2025-02-12,15.890000343322754,,,,15.952000427246094,,
2025-02-13,15.100000381469727,,,,15.87200050354004,,
2025-02-14,14.770000457763672,,,,15.518000411987305,,
2025-02-18,15.350000381469727,,,,15.42600040435791,,
2025-02-19,15.270000457763672,,,,15.27600040435791,,
2025-02-20,15.65999984741211,,,,15.230000305175782,,
2025-02-21,18.209999084472656,,,,15.852000045776368,,
2025-02-24,18.979999542236328,,,,16.6939998626709,,
2025-02-25,19.43000030517578,,,,17.50999984741211,,
2025-02-26,19.100000381469727,,,,18.27599983215332,,
2025-02-27,21.1299991607666,,,,19.36999969482422,,
2025-02-28,19.6299991607666,,,,19.653999710083006,,
2025-03-03,22.780000686645508,,,,20.413999938964842,,
2025-03-04,23.510000228881836,,,,21.229999923706053,,
2025-03-05,21.93000030517578,,,,21.795999908447264,,
2025-03-06,24.8700008392334,,,,22.544000244140626,,
2025-03-07,23.3700008392334,,,,23.292000579833985,,
2025-03-10,27.860000610351562,,,,24.308000564575195,,
2025-03-11,26.920000076293945,,,,24.990000534057618,,
2025-03-12,24.229999542236328,,,,25.450000381469728,,
2025-03-13,24.65999984741211,,,,25.408000183105468,,
2025-03-14,21.770000457763672,,,,25.088000106811524,,
2025-03-17,20.510000228881836,,,,23.618000030517578,,
2025-03-18,21.700000762939453,,,,22.57400016784668,,
2025-03-19,19.899999618530273,,,,21.70800018310547,,
2025-03-20,19.799999237060547,,,,20.736000061035156,,
2025-03-21,19.280000686645508,,,,20.238000106811523,,
2025-03-24,17.479999542236328,,,,19.631999969482422,,
2025-03-25,17.149999618530273,,,,18.721999740600587,,
2025-03-26,18.329999923706055,,,,18.407999801635743,,
2025-03-27,18.690000534057617,,,,18.186000061035156,,
2025-03-28,21.649999618530273,,,,18.65999984741211,,
2025-03-31,22.280000686645508,,,,19.620000076293945,,
2025-04-01,21.770000457763672,,,,20.544000244140626,,
2025-04-02,21.510000228881836,,,,21.18000030517578,,
2025-04-03,30.020000457763672,,,,23.44600028991699,,
2025-04-04,45.310001373291016,,,,28.17800064086914,,
2025-04-07,46.97999954223633,,,,33.1180004119873,,
2025-04-08,52.33000183105469,,,,39.23000068664551,,
2025-04-09,33.619998931884766,,,,41.652000427246094,,
2025-04-10,40.720001220703125,,,,43.79200057983398,,
2025-04-11,37.560001373291016,,,,42.242000579833984,,
2025-04-14,30.889999389648438,,,,39.024000549316405,,
2025-04-15,30.1200008392334,,,,34.58200035095215,,
2025-04-16,32.63999938964844,,,,34.38600044250488,,
2025-04-17,29.649999618530273,,,,32.172000122070315,,
2025-04-21,33.81999969482422,,,,31.423999786376953,,
2025-04-22,30.56999969482422,,,,31.35999984741211,,
2025-04-23,28.450000762939453,,,,31.02599983215332,,
2025-04-24,26.469999313354492,,,,29.79199981689453,,
2025-04-25,24.84000015258789,,,,28.829999923706055,,
2025-04-28,25.149999618530273,,,,27.095999908447265,,
2025-04-29,24.170000076293945,,,,25.81599998474121,,
2025-04-30,24.700000762939453,,,,25.06599998474121,,
2025-05-01,24.600000381469727,,,,24.69200019836426,,
2025-05-02,22.68000030517578,,,,24.260000228881836,,
2025-05-05,23.639999389648438,,,,23.95800018310547,,
2025-05-06,24.760000228881836,,,,24.076000213623047,,
2025-05-07,23.549999237060547,,,,23.845999908447265,,
2025-05-08,22.479999542236328,,,,23.421999740600587,,
2025-05-09,21.899999618530273,,,,23.265999603271485,,
2025-05-12,18.389999389648438,,,,22.215999603271484,,
2025-05-13,18.219999313354492,,,,20.907999420166014,,
2025-05-14,18.6200008392334,,,,19.921999740600587,,
2025-05-15,17.829999923706055,,,,18.99199981689453,,
2025-05-16,17.239999771118164,,,,18.059999847412108,,
2025-05-19,18.139999389648438,,,,18.00999984741211,,
2025-05-20,18.09000015258789,,,,17.98400001525879,,
2025-05-21,20.8700008392334,,,,18.43400001525879,,
2025-05-22,20.280000686645508,,,,18.92400016784668,,
2025-05-23,22.290000915527344,,,,19.934000396728514,,
2025-05-27,18.959999084472656,,,,20.09800033569336,,
2025-05-28,19.309999465942383,,,,20.342000198364257,,
2025-05-29,19.18000030517578,,,,20.004000091552733,,
2025-05-30,18.56999969482422,,,,19.661999893188476,,
2025-06-02,18.360000610351562,,,,18.87599983215332,,
2025-06-03,17.690000534057617,,,,18.62200012207031,,
2025-06-04,17.610000610351562,,,,18.28200035095215,,
2025-06-05,18.479999542236328,,,,18.142000198364258,,
2025-06-06,16.770000457763672,,,,17.78200035095215,,
2025-06-09,17.15999984741211,,,,17.542000198364256,,
2025-06-10,16.950000762939453,,,,17.394000244140624,,
2025-06-11,17.260000228881836,,,,17.32400016784668,,
2025-06-12,18.020000457763672,,,,17.23200035095215,,
2025-06-13,20.81999969482422,,,,18.042000198364256,,
2025-06-16,19.110000610351562,,,,18.432000350952148,,
2025-06-17,21.600000381469727,,,,19.362000274658204,,
2025-06-18,20.139999389648438,,,,19.938000106811522,,
2025-06-20,20.6200008392334,,,,20.45800018310547,,
2025-06-23,19.829999923706055,,,,20.260000228881836,,
2025-06-24,17.479999542236328,,,,19.93400001525879,,
2025-06-25,16.760000228881836,,,,18.96599998474121,,
2025-06-26,16.59000015258789,,,,18.256000137329103,,
2025-06-27,16.31999969482422,,,,17.395999908447266,,
2025-06-30,16.729999542236328,,,,16.77599983215332,,
2025-07-01,16.829999923706055,,,,16.645999908447266,,
2025-07-02,16.639999389648438,,,,16.621999740600586,,
2025-07-03,16.3799991607666,,,,16.57999954223633,,
2025-07-07,17.790000915527344,,,,16.873999786376952,,
2025-07-08,16.809999465942383,,,,16.889999771118163,,
2025-07-09,15.9399995803833,,,,16.711999702453614,,
2025-07-10,15.779999732971191,,,,16.539999771118165,,
2025-07-11,16.399999618530273,,,,16.543999862670898,,
2025-07-14,17.200000762939453,,,,16.42599983215332,,
2025-07-15,17.3799991607666,,,,16.539999771118165,,
2025-07-16,17.15999984741211,,,,16.783999824523924,,
2025-07-17,16.520000457763672,,,,16.931999969482423,,
2025-07-18,16.40999984741211,,,,16.93400001525879,,
2025-07-21,16.649999618530273,,,,16.82399978637695,,
2025-07-22,16.5,,,,16.647999954223632,,
2025-07-23,15.369999885559082,,,,16.289999961853027,,
2025-07-24,15.390000343322754,,,,16.063999938964844,,
2025-07-25,14.930000305175781,,,,15.768000030517578,,
2025-07-28,15.029999732971191,,,,15.444000053405762,,
2025-07-29,15.979999542236328,,,,15.339999961853028,,
2025-07-30,15.479999542236328,,,,15.361999893188477,,
2025-07-31,16.719999313354492,,,,15.627999687194825,,
2025-08-01,20.3799991607666,,,,16.71799945831299,,
2025-08-04,17.520000457763672,,,,17.215999603271484,,
2025-08-05,17.850000381469727,,,,17.589999771118165,,
2025-08-06,16.770000457763672,,,,17.84799995422363,,
2025-08-07,16.56999969482422,,,,17.818000030517577,,
2025-08-08,15.149999618530273,,,,16.772000122070313,,
2025-08-11,16.25,,,,16.518000030517577,,
2025-08-12,14.729999542236328,,,,15.8939998626709,,
2025-08-13,14.489999771118164,,,,15.437999725341797,,
2025-08-14,14.829999923706055,,,,15.089999771118164,,
2025-08-15,15.09000015258789,,,,15.077999877929688,,
2025-08-18,14.989999771118164,,,,14.82599983215332,,
2025-08-19,15.569999694824219,,,,14.993999862670899,,
2025-08-20,15.6899995803833,,,,15.233999824523925,,
2025-08-21,16.600000381469727,,,,15.58799991607666,,
2025-08-22,14.220000267028809,,,,15.413999938964844,,
2025-08-25,14.789999961853027,,,,15.373999977111817,,
2025-08-26,14.619999885559082,,,,15.184000015258789,,
2025-08-27,14.850000381469727,,,,15.016000175476075,,
2025-08-28,14.430000305175781,,,,14.582000160217286,,
2025-08-29,15.359999656677246,,,,14.810000038146972,,
2025-09-02,17.170000076293945,,,,15.286000061035157,,
2025-09-03,16.350000381469727,,,,15.632000160217284,,
2025-09-04,15.300000190734863,,,,15.722000122070312,,
2025-09-05,15.180000305175781,,,,15.872000122070313,,
2025-09-08,15.109999656677246,,,,15.822000122070312,,
2025-09-09,15.039999961853027,,,,15.396000099182128,,
2025-09-10,15.350000381469727,,,,15.196000099182129,,
2025-09-11,14.710000038146973,,,,15.07800006866455,,
2025-09-12,14.760000228881836,,,,14.994000053405761,,
2025-09-15,15.6899995803833,,,,15.110000038146973,,
2025-09-16,16.360000610351562,,,,15.37400016784668,,
2025-09-17,15.720000267028809,,,,15.448000144958495,,
2025-09-18,15.699999809265137,,,,15.646000099182128,,
2025-09-19,15.449999809265137,,,,15.784000015258789,,
2025-09-22,16.100000381469727,,,,15.866000175476074,,
2025-09-23,16.639999389648438,,,,15.92199993133545,,
2025-09-24,16.18000030517578,,,,16.013999938964844,,
2025-09-25,16.739999771118164,,,,16.22199993133545,,
2025-09-26,15.289999961853027,,,,16.189999961853026,,
2025-09-29,16.1200008392334,,,,16.194000053405762,,
2025-09-30,16.280000686645508,,,,16.122000312805177,,
2025-10-01,16.290000915527344,,,,16.144000434875487,,
2025-10-02,16.6299991607666,,,,16.122000312805177,,
2025-10-03,16.649999618530273,,,,16.394000244140624,,
2025-10-06,16.3700008392334,,,,16.444000244140625,,
2025-10-07,17.239999771118164,,,,16.636000061035155,,
2025-10-08,16.299999237060547,,,,16.637999725341796,,
2025-10-09,16.43000030517578,,,,16.59799995422363,,
2025-10-10,21.65999984741211,,,,17.6,,
2025-10-13,19.030000686645508,,,,18.131999969482422,,
2025-10-14,20.809999465942383,,,,18.845999908447265,,
2025-10-15,20.639999389648438,,,,19.713999938964843,,
2025-10-16,25.309999465942383,,,,21.489999771118164,,
2025-10-17,20.780000686645508,,,,21.313999938964844,,
2025-10-20,18.229999542236328,,,,21.153999710083006,,
2025-10-21,17.8700008392334,,,,20.56599998474121,,
2025-10-22,18.600000381469727,,,,20.158000183105468,,
2025-10-23,17.299999237060547,,,,18.5560001373291,,
2025-10-24,16.3700008392334,,,,17.67400016784668,,
2025-10-27,15.789999961853027,,,,17.186000251770018,,
2025-10-28,16.420000076293945,,,,16.896000099182128,,
2025-10-29,16.920000076293945,,,,16.560000038146974,,
2025-10-30,16.90999984741211,,,,16.482000160217286,,
2025-10-31,17.440000534057617,,,,16.69600009918213,,
2025-11-03,17.170000076293945,,,,16.972000122070312,,
2025-11-04,19.0,,,,17.488000106811523,,
2025-11-05,18.010000228881836,,,,17.706000137329102,,
2025-11-06,19.5,,,,18.22400016784668,,
2025-11-07,19.079999923706055,,,,18.552000045776367,,
2025-11-10,17.600000381469727,,,,18.638000106811525,,
2025-11-11,17.280000686645508,,,,18.294000244140626,,
2025-11-12,17.510000228881836,,,,18.194000244140625,,
2025-11-13,20.0,,,,18.294000244140626,,
2025-11-14,19.829999923706055,,,,18.444000244140625,,
2025-11-17,22.3799991607666,,,,19.4,,
2025-11-18,24.690000534057617,,,,20.881999969482422,,
2025-11-19,23.65999984741211,,,,22.111999893188475,,
2025-11-20,26.420000076293945,,,,23.395999908447266,,
2025-11-21,23.43000030517578,,,,24.11599998474121,,
2025-11-24,20.520000457763672,,,,23.744000244140626,,
2025-11-25,18.559999465942383,,,,22.518000030517577,,
2025-11-26,17.190000534057617,,,,21.22400016784668,,
2025-11-28,16.350000381469727,,,,19.210000228881835,,
2025-12-01,17.239999771118164,,,,17.972000122070312,,
2025-12-02,16.59000015258789,,,,17.186000061035156,,
2025-12-03,16.079999923706055,,,,16.690000152587892,,
2025-12-04,15.779999732971191,,,,16.407999992370605,,
2025-12-05,15.40999984741211,,,,16.219999885559083,,
2025-12-08,16.65999984741211,,,,16.103999900817872,,
2025-12-09,16.93000030517578,,,,16.17199993133545,,
2025-12-10,15.770000457763672,,,,16.11000003814697,,
2025-12-11,14.850000381469727,,,,15.92400016784668,,
2025-12-12,15.739999771118164,,,,15.990000152587891,,
2025-12-15,16.5,,,,15.958000183105469,,
2025-12-16,16.479999542236328,,,,15.868000030517578,,
2025-12-17,17.6200008392334,,,,16.238000106811523,,
2025-12-18,16.8700008392334,,,,16.642000198364258,,
2025-12-19,14.90999984741211,,,,16.476000213623045,,
2025-12-22,14.079999923706055,,,,15.992000198364257,,
2025-12-23,14.0,,,,15.496000289916992,,
2025-12-24,13.470000267028809,,,,14.666000175476075,,
2025-12-26,13.600000381469727,,,,14.01200008392334,,
2025-12-29,14.199999809265137,,,,13.870000076293945,,
2025-12-30,14.329999923706055,,,,13.920000076293945,,
2025-12-31,14.949999809265137,,,,14.110000038146973,,
2026-01-02,14.510000228881836,,,,14.318000030517577,,
2026-01-05,14.899999618530273,,,,14.577999877929688,,
2026-01-06,14.75,,,,14.68799991607666,,
2026-01-07,15.380000114440918,,,,14.897999954223632,,
2026-01-08,15.449999809265137,,,,14.997999954223634,,
2026-01-09,14.489999771118164,,,,14.993999862670899,,
2026-01-12,15.119999885559082,,,,15.03799991607666,,
2026-01-13,15.979999542236328,,,,15.283999824523926,,
2026-01-14,16.75,,,,15.557999801635741,,
2026-01-15,15.84000015258789,,,,15.635999870300292,,
2026-01-16,15.859999656677246,,,,15.90999984741211,,
2026-01-20,20.09000015258789,,,,16.903999900817873,,
2026-01-21,16.899999618530273,,,,17.08799991607666,,
2026-01-22,15.640000343322754,,,,16.86599998474121,,
2026-01-23,16.09000015258789,,,,16.915999984741212,,
2026-01-26,16.149999618530273,,,,16.973999977111816,,
2026-01-27,16.350000381469727,,,,16.226000022888183,,
2026-01-28,16.350000381469727,,,,16.116000175476074,,
2026-01-29,16.8799991607666,,,,16.363999938964845,,
2026-01-30,17.440000534057617,,,,16.63400001525879,,
2026-02-02,16.34000015258789,,,,16.672000122070312,,
2026-02-03,18.0,,,,17.002000045776366,,
2026-02-04,18.639999389648438,,,,17.45999984741211,,
2026-02-05,21.770000457763672,,,,18.438000106811522,,
2026-02-06,20.3700008392334,,,,19.02400016784668,,
2026-02-09,17.360000610351562,,,,19.228000259399415,,
2026-02-10,17.790000915527344,,,,19.186000442504884,,
2026-02-11,17.649999618530273,,,,18.98800048828125,,
2026-02-12,20.81999969482422,,,,18.79800033569336,,
2026-02-13,20.600000381469727,,,,18.844000244140624,,
2026-02-17,20.290000915527344,,,,19.43000030517578,,
2026-02-18,19.6200008392334,,,,19.796000289916993,,
2026-02-19,20.229999542236328,,,,20.312000274658203,,
2026-02-20,19.09000015258789,,,,19.966000366210938,,
2026-02-23,21.010000228881836,,,,20.04800033569336,,
2026-02-24,19.549999237060547,,,,19.9,,
2026-02-25,17.93000030517578,,,,19.561999893188478,,
2026-02-26,18.6299991607666,,,,19.24199981689453,,
2026-02-27,19.860000610351562,,,,19.395999908447266,,
2026-03-02,21.440000534057617,,,,19.481999969482423,,
2026-03-03,23.56999969482422,,,,20.286000061035157,,
2026-03-04,21.149999618530273,,,,20.929999923706056,,
2026-03-05,23.75,,,,21.954000091552736,,
2026-03-06,29.489999771118164,,,,23.879999923706055,,
2026-03-09,25.5,,,,24.69199981689453,,
2026-03-10,24.93000030517578,,,,24.963999938964843,,
2026-03-11,24.229999542236328,,,,25.579999923706055,,
2026-03-12,27.290000915527344,,,,26.288000106811523,,
2026-03-13,27.190000534057617,,,,25.828000259399413,,
2026-03-16,23.510000228881836,,,,25.43000030517578,,
2026-03-17,22.3700008392334,,,,24.918000411987304,,
2026-03-18,25.09000015258789,,,,25.090000534057616,,
2026-03-19,24.059999465942383,,,,24.444000244140625,,
2026-03-20,26.780000686645508,,,,24.362000274658204,,
2026-03-23,26.149999618530273,,,,24.89000015258789,,
2026-03-24,26.950000762939453,,,,25.8060001373291,,
2026-03-25,25.329999923706055,,,,25.854000091552734,,
2026-03-26,27.440000534057617,,,,26.530000305175783,,
2026-03-27,31.049999237060547,,,,27.38400001525879,,
2026-03-30,30.610000610351562,,,,28.276000213623046,,
2026-03-31,25.25,,,,27.936000061035156,,
2026-04-01,24.540000915527344,,,,27.778000259399413,,
2026-04-02,23.8700008392334,,,,27.06400032043457,,
2026-04-06,24.170000076293945,,,,25.68800048828125,,
2026-04-07,25.780000686645508,,,,24.722000503540038,,
2026-04-08,21.040000915527344,,,,23.88000068664551,,
2026-04-09,19.489999771118164,,,,22.870000457763673,,
2026-04-10,19.229999542236328,,,,21.94200019836426,,
2026-04-13,19.1200008392334,,,,20.932000350952148,,
2026-04-14,18.360000610351562,,,,19.448000335693358,,
2026-04-15,18.170000076293945,,,,18.87400016784668,,
2026-04-16,17.940000534057617,,,,18.56400032043457,,
2026-04-17,17.479999542236328,,,,18.21400032043457,,
2026-04-20,18.8700008392334,,,,18.16400032043457,,
2026-04-21,19.5,,,,18.392000198364258,,
2026-04-22,18.920000076293945,,,,18.542000198364256,,
2026-04-23,19.309999465942383,,,,18.81599998474121,,
2026-04-24,18.709999084472656,,,,19.061999893188478,,
2026-04-27,18.020000457763672,,,,18.891999816894533,,
2026-04-28,17.829999923706055,,,,18.55799980163574,,
2026-04-29,18.809999465942383,,,,18.53599967956543,,
2026-04-30,16.889999389648438,,,,18.051999664306642,,
2026-05-01,16.989999771118164,,,,17.707999801635744,,
2026-05-04,18.290000915527344,,,,17.761999893188477,,
2026-05-05,17.3799991607666,,,,17.671999740600587,,
2026-05-06,17.389999389648438,,,,17.387999725341796,,
2026-05-07,17.079999923706055,,,,17.42599983215332,,
2026-05-08,17.190000534057617,,,,17.46599998474121,,
2026-05-11,18.3799991607666,,,,17.48399963378906,,
2026-05-12,17.989999771118164,,,,17.605999755859376,,
2026-05-13,17.8700008392334,,,,17.702000045776366,,
2026-05-14,17.260000228881836,,,,17.738000106811523,,
2026-05-15,18.43000030517578,,,,17.986000061035156,,
2026-05-18,17.81999969482422,,,,17.87400016784668,,
2026-05-19,18.059999465942383,,,,17.888000106811525,,
2026-05-20,17.440000534057617,,,,17.802000045776367,,
2026-05-21,16.760000228881836,,,,17.702000045776366,,
2026-05-22,16.700000762939453,,,,17.3560001373291,,
2026-05-25,16.59000015258789,,,,17.110000228881837,,
2026-05-26,17.010000228881836,,,,16.900000381469727,,
2026-05-27,16.290000915527344,,,,16.67000045776367,,
2026-05-28,15.739999771118164,,,,16.466000366210938,,
2026-05-29,15.319999694824219,,,,16.190000152587892,,
2026-06-01,16.049999237060547,,,,16.08199996948242,,
2026-06-02,15.770000457763672,,,,15.83400001525879,,
2026-06-03,16.059999465942383,,,,15.787999725341797,,
2026-06-04,15.399999618530273,,,,15.719999694824219,,
2026-06-05,21.510000228881836,,,,16.957999801635744,,
2026-06-08,18.920000076293945,,,,17.53199996948242,,
2026-06-09,19.8700008392334,,,,18.352000045776368,,
2026-06-10,22.219999313354492,,,,19.584000015258788,,
2026-06-11,19.440000534057617,,,,20.392000198364258,,
2026-06-12,17.68000030517578,,,,19.626000213623048,,
2026-06-15,16.200000762939453,,,,19.08200035095215,,
2026-06-16,16.40999984741211,,,,18.39000015258789,,
2026-06-17,18.440000534057617,,,,17.634000396728517,,
2026-06-18,16.399999618530273,,,,17.026000213623046,,
2026-06-22,17.280000686645508,,,,16.94600028991699,,
2026-06-23,19.489999771118164,,,,17.604000091552734,,
2026-06-24,18.6299991607666,,,,18.047999954223634,,
2026-06-25,18.889999389648438,,,,18.137999725341796,,
2026-06-26,18.40999984741211,,,,18.539999771118165,,
2026-06-29,17.649999618530273,,,,18.613999557495116,,
2026-06-30,16.450000762939453,,,,18.005999755859374,,
2026-07-01,16.59000015258789,,,,17.59799995422363,,
2026-07-02,16.149999618530273,,,,17.05,,
2026-07-06,15.569999694824219,,,,16.481999969482423,,
2026-07-07,16.1299991607666,,,,16.177999877929686,,
2026-07-08,16.899999618530273,,,,16.26799964904785,,
2026-07-09,15.84000015258789,,,,16.117999649047853,,
2026-07-10,15.029999732971191,,,,15.893999671936035,,
2026-07-13,17.15999984741211,,,,16.211999702453614,,
2026-07-14,16.5,,,,16.285999870300294,,
2026-07-15,15.670000076293945,,,,16.039999961853027,,
2026-07-16,16.729999542236328,,,,16.217999839782713,,
2026-07-17,18.770000457763672,,,,16.96599998474121,,
2026-07-20,18.649999618530273,,,,17.263999938964844,,
2026-07-23,18.700000762939453,,,,17.704000091552736,,
2026-07-24,18.579999923706055,,,,18.286000061035157,,
2026-07-27,18.670000076293945,,,,18.67400016784668,,
2026-07-28,18.209999084472656,,,,18.561999893188478,,
2026-07-29,20.65999984741211,,,,18.963999938964843,,
2026-07-30,17.09000015258789,,,,18.641999816894533,,
2026-08-03,15.859999656677246,,,,18.09799976348877,,
2026-08-04,16.5,,,,17.66399974822998,,
2026-08-05,15.8100004196167,,,,17.18400001525879,,
2026-08-06,15.149999618530273,,,,16.08199996948242,,
2026-08-07,14.899999618530273,,,,15.6439998626709,,
2026-08-10,15.460000038146973,,,,15.563999938964844,,
2026-08-11,15.279999732971191,,,,15.319999885559081,,
2026-08-12,14.550000190734863,,,,15.067999839782715,,
2026-08-13,14.630000114440918,,,,14.963999938964843,,
2026-08-14,14.25,18.459999084472656,69.57959747314453,0.7719393665618417,14.83400001525879,,
